WIDTH=32;
DEPTH=16384;

ADDRESS_RADIX=HEX;
DATA_RADIX=HEX;

CONTENT BEGIN
    0000 : 00000064;
    0001 : 00000064;
    0002 : 00000064;
    0003 : 00000064;
    0004 : 00000064;
    0005 : 00000064;
    0006 : 00010064;
    0007 : 00010064;
    0008 : 00010064;
    0009 : 00010064;
    000A : 00010064;
    000B : 00010064;
    000C : 00010064;
    000D : 00010064;
    000E : 00010064;
    000F : 00010064;
    0010 : 00010064;
    0011 : 00010064;
    0012 : 00020064;
    0013 : 00020064;
    0014 : 00020064;
    0015 : 00020064;
    0016 : 00020064;
    0017 : 00020064;
    0018 : 00020064;
    0019 : 00020064;
    001A : 00020064;
    001B : 00020064;
    001C : 00020064;
    001D : 00030064;
    001E : 00030064;
    001F : 00030064;
    0020 : 00030064;
    0021 : 00030064;
    0022 : 00030064;
    0023 : 00030064;
    0024 : 00030064;
    0025 : 00030064;
    0026 : 00030064;
    0027 : 00030064;
    0028 : 00030064;
    0029 : 00040064;
    002A : 00040064;
    002B : 00040064;
    002C : 00040064;
    002D : 00040064;
    002E : 00040064;
    002F : 00040064;
    0030 : 00040064;
    0031 : 00040064;
    0032 : 00040064;
    0033 : 00040064;
    0034 : 00050064;
    0035 : 00050064;
    0036 : 00050064;
    0037 : 00050064;
    0038 : 00050064;
    0039 : 00050064;
    003A : 00050064;
    003B : 00050064;
    003C : 00050064;
    003D : 00050064;
    003E : 00050064;
    003F : 00050064;
    0040 : 00060064;
    0041 : 00060064;
    0042 : 00060064;
    0043 : 00060064;
    0044 : 00060064;
    0045 : 00060064;
    0046 : 00060064;
    0047 : 00060064;
    0048 : 00060064;
    0049 : 00060064;
    004A : 00060064;
    004B : 00070064;
    004C : 00070064;
    004D : 00070064;
    004E : 00070064;
    004F : 00070064;
    0050 : 00070064;
    0051 : 00070064;
    0052 : 00070064;
    0053 : 00070064;
    0054 : 00070064;
    0055 : 00070064;
    0056 : 00070064;
    0057 : 00080064;
    0058 : 00080064;
    0059 : 00080064;
    005A : 00080064;
    005B : 00080064;
    005C : 00080064;
    005D : 00080064;
    005E : 00080064;
    005F : 00080064;
    0060 : 00080064;
    0061 : 00080064;
    0062 : 00090064;
    0063 : 00090064;
    0064 : 00090064;
    0065 : 00090064;
    0066 : 00090064;
    0067 : 00090064;
    0068 : 00090064;
    0069 : 00090064;
    006A : 00090064;
    006B : 00090064;
    006C : 00090064;
    006D : 00090064;
    006E : 000A0064;
    006F : 000A0064;
    0070 : 000A0064;
    0071 : 000A0064;
    0072 : 000A0064;
    0073 : 000A0063;
    0074 : 000A0063;
    0075 : 000A0063;
    0076 : 000A0063;
    0077 : 000A0063;
    0078 : 000A0063;
    0079 : 000B0063;
    007A : 000B0063;
    007B : 000B0063;
    007C : 000B0063;
    007D : 000B0063;
    007E : 000B0063;
    007F : 000B0063;
    0080 : 000B0063;
    0081 : 000B0063;
    0082 : 000B0063;
    0083 : 000B0063;
    0084 : 000B0063;
    0085 : 000C0063;
    0086 : 000C0063;
    0087 : 000C0063;
    0088 : 000C0063;
    0089 : 000C0063;
    008A : 000C0063;
    008B : 000C0063;
    008C : 000C0063;
    008D : 000C0063;
    008E : 000C0063;
    008F : 000C0063;
    0090 : 000D0063;
    0091 : 000D0063;
    0092 : 000D0063;
    0093 : 000D0063;
    0094 : 000D0063;
    0095 : 000D0063;
    0096 : 000D0063;
    0097 : 000D0063;
    0098 : 000D0063;
    0099 : 000D0063;
    009A : 000D0063;
    009B : 000D0063;
    009C : 000E0063;
    009D : 000E0063;
    009E : 000E0063;
    009F : 000E0063;
    00A0 : 000E0063;
    00A1 : 000E0063;
    00A2 : 000E0063;
    00A3 : 000E0063;
    00A4 : 000E0063;
    00A5 : 000E0063;
    00A6 : 000E0063;
    00A7 : 000E0063;
    00A8 : 000F0063;
    00A9 : 000F0063;
    00AA : 000F0063;
    00AB : 000F0063;
    00AC : 000F0063;
    00AD : 000F0063;
    00AE : 000F0063;
    00AF : 000F0063;
    00B0 : 000F0063;
    00B1 : 000F0063;
    00B2 : 000F0063;
    00B3 : 00100063;
    00B4 : 00100063;
    00B5 : 00100063;
    00B6 : 00100063;
    00B7 : 00100063;
    00B8 : 00100063;
    00B9 : 00100063;
    00BA : 00100063;
    00BB : 00100063;
    00BC : 00100063;
    00BD : 00100063;
    00BE : 00100063;
    00BF : 00110063;
    00C0 : 00110063;
    00C1 : 00110063;
    00C2 : 00110063;
    00C3 : 00110063;
    00C4 : 00110063;
    00C5 : 00110063;
    00C6 : 00110063;
    00C7 : 00110063;
    00C8 : 00110062;
    00C9 : 00110062;
    00CA : 00120062;
    00CB : 00120062;
    00CC : 00120062;
    00CD : 00120062;
    00CE : 00120062;
    00CF : 00120062;
    00D0 : 00120062;
    00D1 : 00120062;
    00D2 : 00120062;
    00D3 : 00120062;
    00D4 : 00120062;
    00D5 : 00120062;
    00D6 : 00130062;
    00D7 : 00130062;
    00D8 : 00130062;
    00D9 : 00130062;
    00DA : 00130062;
    00DB : 00130062;
    00DC : 00130062;
    00DD : 00130062;
    00DE : 00130062;
    00DF : 00130062;
    00E0 : 00130062;
    00E1 : 00130062;
    00E2 : 00140062;
    00E3 : 00140062;
    00E4 : 00140062;
    00E5 : 00140062;
    00E6 : 00140062;
    00E7 : 00140062;
    00E8 : 00140062;
    00E9 : 00140062;
    00EA : 00140062;
    00EB : 00140062;
    00EC : 00140062;
    00ED : 00140062;
    00EE : 00150062;
    00EF : 00150062;
    00F0 : 00150062;
    00F1 : 00150062;
    00F2 : 00150062;
    00F3 : 00150062;
    00F4 : 00150062;
    00F5 : 00150062;
    00F6 : 00150062;
    00F7 : 00150062;
    00F8 : 00150062;
    00F9 : 00160062;
    00FA : 00160062;
    00FB : 00160062;
    00FC : 00160062;
    00FD : 00160062;
    00FE : 00160062;
    00FF : 00160062;
    0100 : 00160062;
    0101 : 00160062;
    0102 : 00160061;
    0103 : 00160061;
    0104 : 00160061;
    0105 : 00170061;
    0106 : 00170061;
    0107 : 00170061;
    0108 : 00170061;
    0109 : 00170061;
    010A : 00170061;
    010B : 00170061;
    010C : 00170061;
    010D : 00170061;
    010E : 00170061;
    010F : 00170061;
    0110 : 00170061;
    0111 : 00180061;
    0112 : 00180061;
    0113 : 00180061;
    0114 : 00180061;
    0115 : 00180061;
    0116 : 00180061;
    0117 : 00180061;
    0118 : 00180061;
    0119 : 00180061;
    011A : 00180061;
    011B : 00180061;
    011C : 00180061;
    011D : 00190061;
    011E : 00190061;
    011F : 00190061;
    0120 : 00190061;
    0121 : 00190061;
    0122 : 00190061;
    0123 : 00190061;
    0124 : 00190061;
    0125 : 00190061;
    0126 : 00190061;
    0127 : 00190061;
    0128 : 00190061;
    0129 : 001A0061;
    012A : 001A0061;
    012B : 001A0061;
    012C : 001A0061;
    012D : 001A0061;
    012E : 001A0061;
    012F : 001A0061;
    0130 : 001A0061;
    0131 : 001A0060;
    0132 : 001A0060;
    0133 : 001A0060;
    0134 : 001B0060;
    0135 : 001B0060;
    0136 : 001B0060;
    0137 : 001B0060;
    0138 : 001B0060;
    0139 : 001B0060;
    013A : 001B0060;
    013B : 001B0060;
    013C : 001B0060;
    013D : 001B0060;
    013E : 001B0060;
    013F : 001B0060;
    0140 : 001C0060;
    0141 : 001C0060;
    0142 : 001C0060;
    0143 : 001C0060;
    0144 : 001C0060;
    0145 : 001C0060;
    0146 : 001C0060;
    0147 : 001C0060;
    0148 : 001C0060;
    0149 : 001C0060;
    014A : 001C0060;
    014B : 001C0060;
    014C : 001D0060;
    014D : 001D0060;
    014E : 001D0060;
    014F : 001D0060;
    0150 : 001D0060;
    0151 : 001D0060;
    0152 : 001D0060;
    0153 : 001D0060;
    0154 : 001D0060;
    0155 : 001D0060;
    0156 : 001D0060;
    0157 : 001D0060;
    0158 : 001E0060;
    0159 : 001E0060;
    015A : 001E005F;
    015B : 001E005F;
    015C : 001E005F;
    015D : 001E005F;
    015E : 001E005F;
    015F : 001E005F;
    0160 : 001E005F;
    0161 : 001E005F;
    0162 : 001E005F;
    0163 : 001E005F;
    0164 : 001F005F;
    0165 : 001F005F;
    0166 : 001F005F;
    0167 : 001F005F;
    0168 : 001F005F;
    0169 : 001F005F;
    016A : 001F005F;
    016B : 001F005F;
    016C : 001F005F;
    016D : 001F005F;
    016E : 001F005F;
    016F : 001F005F;
    0170 : 0020005F;
    0171 : 0020005F;
    0172 : 0020005F;
    0173 : 0020005F;
    0174 : 0020005F;
    0175 : 0020005F;
    0176 : 0020005F;
    0177 : 0020005F;
    0178 : 0020005F;
    0179 : 0020005F;
    017A : 0020005F;
    017B : 0020005F;
    017C : 0020005F;
    017D : 0021005F;
    017E : 0021005F;
    017F : 0021005E;
    0180 : 0021005E;
    0181 : 0021005E;
    0182 : 0021005E;
    0183 : 0021005E;
    0184 : 0021005E;
    0185 : 0021005E;
    0186 : 0021005E;
    0187 : 0021005E;
    0188 : 0021005E;
    0189 : 0022005E;
    018A : 0022005E;
    018B : 0022005E;
    018C : 0022005E;
    018D : 0022005E;
    018E : 0022005E;
    018F : 0022005E;
    0190 : 0022005E;
    0191 : 0022005E;
    0192 : 0022005E;
    0193 : 0022005E;
    0194 : 0022005E;
    0195 : 0023005E;
    0196 : 0023005E;
    0197 : 0023005E;
    0198 : 0023005E;
    0199 : 0023005E;
    019A : 0023005E;
    019B : 0023005E;
    019C : 0023005E;
    019D : 0023005E;
    019E : 0023005E;
    019F : 0023005E;
    01A0 : 0023005E;
    01A1 : 0024005D;
    01A2 : 0024005D;
    01A3 : 0024005D;
    01A4 : 0024005D;
    01A5 : 0024005D;
    01A6 : 0024005D;
    01A7 : 0024005D;
    01A8 : 0024005D;
    01A9 : 0024005D;
    01AA : 0024005D;
    01AB : 0024005D;
    01AC : 0024005D;
    01AD : 0024005D;
    01AE : 0025005D;
    01AF : 0025005D;
    01B0 : 0025005D;
    01B1 : 0025005D;
    01B2 : 0025005D;
    01B3 : 0025005D;
    01B4 : 0025005D;
    01B5 : 0025005D;
    01B6 : 0025005D;
    01B7 : 0025005D;
    01B8 : 0025005D;
    01B9 : 0025005D;
    01BA : 0026005D;
    01BB : 0026005D;
    01BC : 0026005D;
    01BD : 0026005D;
    01BE : 0026005D;
    01BF : 0026005D;
    01C0 : 0026005C;
    01C1 : 0026005C;
    01C2 : 0026005C;
    01C3 : 0026005C;
    01C4 : 0026005C;
    01C5 : 0026005C;
    01C6 : 0027005C;
    01C7 : 0027005C;
    01C8 : 0027005C;
    01C9 : 0027005C;
    01CA : 0027005C;
    01CB : 0027005C;
    01CC : 0027005C;
    01CD : 0027005C;
    01CE : 0027005C;
    01CF : 0027005C;
    01D0 : 0027005C;
    01D1 : 0027005C;
    01D2 : 0027005C;
    01D3 : 0028005C;
    01D4 : 0028005C;
    01D5 : 0028005C;
    01D6 : 0028005C;
    01D7 : 0028005C;
    01D8 : 0028005C;
    01D9 : 0028005C;
    01DA : 0028005C;
    01DB : 0028005C;
    01DC : 0028005C;
    01DD : 0028005B;
    01DE : 0028005B;
    01DF : 0029005B;
    01E0 : 0029005B;
    01E1 : 0029005B;
    01E2 : 0029005B;
    01E3 : 0029005B;
    01E4 : 0029005B;
    01E5 : 0029005B;
    01E6 : 0029005B;
    01E7 : 0029005B;
    01E8 : 0029005B;
    01E9 : 0029005B;
    01EA : 0029005B;
    01EB : 0029005B;
    01EC : 002A005B;
    01ED : 002A005B;
    01EE : 002A005B;
    01EF : 002A005B;
    01F0 : 002A005B;
    01F1 : 002A005B;
    01F2 : 002A005B;
    01F3 : 002A005B;
    01F4 : 002A005B;
    01F5 : 002A005B;
    01F6 : 002A005B;
    01F7 : 002A005B;
    01F8 : 002A005B;
    01F9 : 002B005A;
    01FA : 002B005A;
    01FB : 002B005A;
    01FC : 002B005A;
    01FD : 002B005A;
    01FE : 002B005A;
    01FF : 002B005A;
    0200 : 002B005A;
    0201 : 002B005A;
    0202 : 002B005A;
    0203 : 002B005A;
    0204 : 002B005A;
    0205 : 002C005A;
    0206 : 002C005A;
    0207 : 002C005A;
    0208 : 002C005A;
    0209 : 002C005A;
    020A : 002C005A;
    020B : 002C005A;
    020C : 002C005A;
    020D : 002C005A;
    020E : 002C005A;
    020F : 002C005A;
    0210 : 002C005A;
    0211 : 002C005A;
    0212 : 002D005A;
    0213 : 002D0059;
    0214 : 002D0059;
    0215 : 002D0059;
    0216 : 002D0059;
    0217 : 002D0059;
    0218 : 002D0059;
    0219 : 002D0059;
    021A : 002D0059;
    021B : 002D0059;
    021C : 002D0059;
    021D : 002D0059;
    021E : 002D0059;
    021F : 002E0059;
    0220 : 002E0059;
    0221 : 002E0059;
    0222 : 002E0059;
    0223 : 002E0059;
    0224 : 002E0059;
    0225 : 002E0059;
    0226 : 002E0059;
    0227 : 002E0059;
    0228 : 002E0059;
    0229 : 002E0059;
    022A : 002E0059;
    022B : 002E0059;
    022C : 002F0059;
    022D : 002F0058;
    022E : 002F0058;
    022F : 002F0058;
    0230 : 002F0058;
    0231 : 002F0058;
    0232 : 002F0058;
    0233 : 002F0058;
    0234 : 002F0058;
    0235 : 002F0058;
    0236 : 002F0058;
    0237 : 002F0058;
    0238 : 002F0058;
    0239 : 00300058;
    023A : 00300058;
    023B : 00300058;
    023C : 00300058;
    023D : 00300058;
    023E : 00300058;
    023F : 00300058;
    0240 : 00300058;
    0241 : 00300058;
    0242 : 00300058;
    0243 : 00300058;
    0244 : 00300058;
    0245 : 00300057;
    0246 : 00310057;
    0247 : 00310057;
    0248 : 00310057;
    0249 : 00310057;
    024A : 00310057;
    024B : 00310057;
    024C : 00310057;
    024D : 00310057;
    024E : 00310057;
    024F : 00310057;
    0250 : 00310057;
    0251 : 00310057;
    0252 : 00310057;
    0253 : 00320057;
    0254 : 00320057;
    0255 : 00320057;
    0256 : 00320057;
    0257 : 00320057;
    0258 : 00320057;
    0259 : 00320057;
    025A : 00320057;
    025B : 00320057;
    025C : 00320056;
    025D : 00320056;
    025E : 00320056;
    025F : 00320056;
    0260 : 00330056;
    0261 : 00330056;
    0262 : 00330056;
    0263 : 00330056;
    0264 : 00330056;
    0265 : 00330056;
    0266 : 00330056;
    0267 : 00330056;
    0268 : 00330056;
    0269 : 00330056;
    026A : 00330056;
    026B : 00330056;
    026C : 00330056;
    026D : 00330056;
    026E : 00340056;
    026F : 00340056;
    0270 : 00340056;
    0271 : 00340056;
    0272 : 00340056;
    0273 : 00340055;
    0274 : 00340055;
    0275 : 00340055;
    0276 : 00340055;
    0277 : 00340055;
    0278 : 00340055;
    0279 : 00340055;
    027A : 00340055;
    027B : 00350055;
    027C : 00350055;
    027D : 00350055;
    027E : 00350055;
    027F : 00350055;
    0280 : 00350055;
    0281 : 00350055;
    0282 : 00350055;
    0283 : 00350055;
    0284 : 00350055;
    0285 : 00350055;
    0286 : 00350055;
    0287 : 00350055;
    0288 : 00350054;
    0289 : 00360054;
    028A : 00360054;
    028B : 00360054;
    028C : 00360054;
    028D : 00360054;
    028E : 00360054;
    028F : 00360054;
    0290 : 00360054;
    0291 : 00360054;
    0292 : 00360054;
    0293 : 00360054;
    0294 : 00360054;
    0295 : 00360054;
    0296 : 00370054;
    0297 : 00370054;
    0298 : 00370054;
    0299 : 00370054;
    029A : 00370054;
    029B : 00370054;
    029C : 00370054;
    029D : 00370054;
    029E : 00370053;
    029F : 00370053;
    02A0 : 00370053;
    02A1 : 00370053;
    02A2 : 00370053;
    02A3 : 00370053;
    02A4 : 00380053;
    02A5 : 00380053;
    02A6 : 00380053;
    02A7 : 00380053;
    02A8 : 00380053;
    02A9 : 00380053;
    02AA : 00380053;
    02AB : 00380053;
    02AC : 00380053;
    02AD : 00380053;
    02AE : 00380053;
    02AF : 00380053;
    02B0 : 00380053;
    02B1 : 00380053;
    02B2 : 00390052;
    02B3 : 00390052;
    02B4 : 00390052;
    02B5 : 00390052;
    02B6 : 00390052;
    02B7 : 00390052;
    02B8 : 00390052;
    02B9 : 00390052;
    02BA : 00390052;
    02BB : 00390052;
    02BC : 00390052;
    02BD : 00390052;
    02BE : 00390052;
    02BF : 00390052;
    02C0 : 003A0052;
    02C1 : 003A0052;
    02C2 : 003A0052;
    02C3 : 003A0052;
    02C4 : 003A0052;
    02C5 : 003A0052;
    02C6 : 003A0051;
    02C7 : 003A0051;
    02C8 : 003A0051;
    02C9 : 003A0051;
    02CA : 003A0051;
    02CB : 003A0051;
    02CC : 003A0051;
    02CD : 003A0051;
    02CE : 003B0051;
    02CF : 003B0051;
    02D0 : 003B0051;
    02D1 : 003B0051;
    02D2 : 003B0051;
    02D3 : 003B0051;
    02D4 : 003B0051;
    02D5 : 003B0051;
    02D6 : 003B0051;
    02D7 : 003B0051;
    02D8 : 003B0051;
    02D9 : 003B0051;
    02DA : 003B0050;
    02DB : 003B0050;
    02DC : 003C0050;
    02DD : 003C0050;
    02DE : 003C0050;
    02DF : 003C0050;
    02E0 : 003C0050;
    02E1 : 003C0050;
    02E2 : 003C0050;
    02E3 : 003C0050;
    02E4 : 003C0050;
    02E5 : 003C0050;
    02E6 : 003C0050;
    02E7 : 003C0050;
    02E8 : 003C0050;
    02E9 : 003C0050;
    02EA : 003C0050;
    02EB : 003D0050;
    02EC : 003D0050;
    02ED : 003D004F;
    02EE : 003D004F;
    02EF : 003D004F;
    02F0 : 003D004F;
    02F1 : 003D004F;
    02F2 : 003D004F;
    02F3 : 003D004F;
    02F4 : 003D004F;
    02F5 : 003D004F;
    02F6 : 003D004F;
    02F7 : 003D004F;
    02F8 : 003D004F;
    02F9 : 003E004F;
    02FA : 003E004F;
    02FB : 003E004F;
    02FC : 003E004F;
    02FD : 003E004F;
    02FE : 003E004F;
    02FF : 003E004F;
    0300 : 003E004E;
    0301 : 003E004E;
    0302 : 003E004E;
    0303 : 003E004E;
    0304 : 003E004E;
    0305 : 003E004E;
    0306 : 003E004E;
    0307 : 003E004E;
    0308 : 003F004E;
    0309 : 003F004E;
    030A : 003F004E;
    030B : 003F004E;
    030C : 003F004E;
    030D : 003F004E;
    030E : 003F004E;
    030F : 003F004E;
    0310 : 003F004E;
    0311 : 003F004E;
    0312 : 003F004D;
    0313 : 003F004D;
    0314 : 003F004D;
    0315 : 003F004D;
    0316 : 003F004D;
    0317 : 0040004D;
    0318 : 0040004D;
    0319 : 0040004D;
    031A : 0040004D;
    031B : 0040004D;
    031C : 0040004D;
    031D : 0040004D;
    031E : 0040004D;
    031F : 0040004D;
    0320 : 0040004D;
    0321 : 0040004D;
    0322 : 0040004D;
    0323 : 0040004D;
    0324 : 0040004C;
    0325 : 0041004C;
    0326 : 0041004C;
    0327 : 0041004C;
    0328 : 0041004C;
    0329 : 0041004C;
    032A : 0041004C;
    032B : 0041004C;
    032C : 0041004C;
    032D : 0041004C;
    032E : 0041004C;
    032F : 0041004C;
    0330 : 0041004C;
    0331 : 0041004C;
    0332 : 0041004C;
    0333 : 0041004C;
    0334 : 0041004C;
    0335 : 0042004C;
    0336 : 0042004B;
    0337 : 0042004B;
    0338 : 0042004B;
    0339 : 0042004B;
    033A : 0042004B;
    033B : 0042004B;
    033C : 0042004B;
    033D : 0042004B;
    033E : 0042004B;
    033F : 0042004B;
    0340 : 0042004B;
    0341 : 0042004B;
    0342 : 0042004B;
    0343 : 0042004B;
    0344 : 0043004B;
    0345 : 0043004B;
    0346 : 0043004B;
    0347 : 0043004A;
    0348 : 0043004A;
    0349 : 0043004A;
    034A : 0043004A;
    034B : 0043004A;
    034C : 0043004A;
    034D : 0043004A;
    034E : 0043004A;
    034F : 0043004A;
    0350 : 0043004A;
    0351 : 0043004A;
    0352 : 0043004A;
    0353 : 0044004A;
    0354 : 0044004A;
    0355 : 0044004A;
    0356 : 0044004A;
    0357 : 0044004A;
    0358 : 00440049;
    0359 : 00440049;
    035A : 00440049;
    035B : 00440049;
    035C : 00440049;
    035D : 00440049;
    035E : 00440049;
    035F : 00440049;
    0360 : 00440049;
    0361 : 00440049;
    0362 : 00440049;
    0363 : 00450049;
    0364 : 00450049;
    0365 : 00450049;
    0366 : 00450049;
    0367 : 00450049;
    0368 : 00450049;
    0369 : 00450048;
    036A : 00450048;
    036B : 00450048;
    036C : 00450048;
    036D : 00450048;
    036E : 00450048;
    036F : 00450048;
    0370 : 00450048;
    0371 : 00450048;
    0372 : 00450048;
    0373 : 00460048;
    0374 : 00460048;
    0375 : 00460048;
    0376 : 00460048;
    0377 : 00460048;
    0378 : 00460048;
    0379 : 00460047;
    037A : 00460047;
    037B : 00460047;
    037C : 00460047;
    037D : 00460047;
    037E : 00460047;
    037F : 00460047;
    0380 : 00460047;
    0381 : 00460047;
    0382 : 00460047;
    0383 : 00470047;
    0384 : 00470047;
    0385 : 00470047;
    0386 : 00470047;
    0387 : 00470047;
    0388 : 00470047;
    0389 : 00470047;
    038A : 00470046;
    038B : 00470046;
    038C : 00470046;
    038D : 00470046;
    038E : 00470046;
    038F : 00470046;
    0390 : 00470046;
    0391 : 00470046;
    0392 : 00470046;
    0393 : 00480046;
    0394 : 00480046;
    0395 : 00480046;
    0396 : 00480046;
    0397 : 00480046;
    0398 : 00480046;
    0399 : 00480046;
    039A : 00480045;
    039B : 00480045;
    039C : 00480045;
    039D : 00480045;
    039E : 00480045;
    039F : 00480045;
    03A0 : 00480045;
    03A1 : 00480045;
    03A2 : 00480045;
    03A3 : 00480045;
    03A4 : 00490045;
    03A5 : 00490045;
    03A6 : 00490045;
    03A7 : 00490045;
    03A8 : 00490045;
    03A9 : 00490045;
    03AA : 00490044;
    03AB : 00490044;
    03AC : 00490044;
    03AD : 00490044;
    03AE : 00490044;
    03AF : 00490044;
    03B0 : 00490044;
    03B1 : 00490044;
    03B2 : 00490044;
    03B3 : 00490044;
    03B4 : 00490044;
    03B5 : 004A0044;
    03B6 : 004A0044;
    03B7 : 004A0044;
    03B8 : 004A0044;
    03B9 : 004A0043;
    03BA : 004A0043;
    03BB : 004A0043;
    03BC : 004A0043;
    03BD : 004A0043;
    03BE : 004A0043;
    03BF : 004A0043;
    03C0 : 004A0043;
    03C1 : 004A0043;
    03C2 : 004A0043;
    03C3 : 004A0043;
    03C4 : 004A0043;
    03C5 : 004A0043;
    03C6 : 004B0043;
    03C7 : 004B0043;
    03C8 : 004B0043;
    03C9 : 004B0042;
    03CA : 004B0042;
    03CB : 004B0042;
    03CC : 004B0042;
    03CD : 004B0042;
    03CE : 004B0042;
    03CF : 004B0042;
    03D0 : 004B0042;
    03D1 : 004B0042;
    03D2 : 004B0042;
    03D3 : 004B0042;
    03D4 : 004B0042;
    03D5 : 004B0042;
    03D6 : 004B0042;
    03D7 : 004C0042;
    03D8 : 004C0041;
    03D9 : 004C0041;
    03DA : 004C0041;
    03DB : 004C0041;
    03DC : 004C0041;
    03DD : 004C0041;
    03DE : 004C0041;
    03DF : 004C0041;
    03E0 : 004C0041;
    03E1 : 004C0041;
    03E2 : 004C0041;
    03E3 : 004C0041;
    03E4 : 004C0041;
    03E5 : 004C0041;
    03E6 : 004C0041;
    03E7 : 004C0040;
    03E8 : 004C0040;
    03E9 : 004D0040;
    03EA : 004D0040;
    03EB : 004D0040;
    03EC : 004D0040;
    03ED : 004D0040;
    03EE : 004D0040;
    03EF : 004D0040;
    03F0 : 004D0040;
    03F1 : 004D0040;
    03F2 : 004D0040;
    03F3 : 004D0040;
    03F4 : 004D0040;
    03F5 : 004D0040;
    03F6 : 004D003F;
    03F7 : 004D003F;
    03F8 : 004D003F;
    03F9 : 004D003F;
    03FA : 004D003F;
    03FB : 004E003F;
    03FC : 004E003F;
    03FD : 004E003F;
    03FE : 004E003F;
    03FF : 004E003F;
    0400 : 004E003F;
    0401 : 004E003F;
    0402 : 004E003F;
    0403 : 004E003F;
    0404 : 004E003F;
    0405 : 004E003E;
    0406 : 004E003E;
    0407 : 004E003E;
    0408 : 004E003E;
    0409 : 004E003E;
    040A : 004E003E;
    040B : 004E003E;
    040C : 004E003E;
    040D : 004F003E;
    040E : 004F003E;
    040F : 004F003E;
    0410 : 004F003E;
    0411 : 004F003E;
    0412 : 004F003E;
    0413 : 004F003E;
    0414 : 004F003D;
    0415 : 004F003D;
    0416 : 004F003D;
    0417 : 004F003D;
    0418 : 004F003D;
    0419 : 004F003D;
    041A : 004F003D;
    041B : 004F003D;
    041C : 004F003D;
    041D : 004F003D;
    041E : 004F003D;
    041F : 004F003D;
    0420 : 0050003D;
    0421 : 0050003D;
    0422 : 0050003C;
    0423 : 0050003C;
    0424 : 0050003C;
    0425 : 0050003C;
    0426 : 0050003C;
    0427 : 0050003C;
    0428 : 0050003C;
    0429 : 0050003C;
    042A : 0050003C;
    042B : 0050003C;
    042C : 0050003C;
    042D : 0050003C;
    042E : 0050003C;
    042F : 0050003C;
    0430 : 0050003B;
    0431 : 0050003B;
    0432 : 0050003B;
    0433 : 0051003B;
    0434 : 0051003B;
    0435 : 0051003B;
    0436 : 0051003B;
    0437 : 0051003B;
    0438 : 0051003B;
    0439 : 0051003B;
    043A : 0051003B;
    043B : 0051003B;
    043C : 0051003B;
    043D : 0051003B;
    043E : 0051003B;
    043F : 0051003A;
    0440 : 0051003A;
    0441 : 0051003A;
    0442 : 0051003A;
    0443 : 0051003A;
    0444 : 0051003A;
    0445 : 0051003A;
    0446 : 0051003A;
    0447 : 0052003A;
    0448 : 0052003A;
    0449 : 0052003A;
    044A : 0052003A;
    044B : 0052003A;
    044C : 0052003A;
    044D : 00520039;
    044E : 00520039;
    044F : 00520039;
    0450 : 00520039;
    0451 : 00520039;
    0452 : 00520039;
    0453 : 00520039;
    0454 : 00520039;
    0455 : 00520039;
    0456 : 00520039;
    0457 : 00520039;
    0458 : 00520039;
    0459 : 00520039;
    045A : 00520039;
    045B : 00530038;
    045C : 00530038;
    045D : 00530038;
    045E : 00530038;
    045F : 00530038;
    0460 : 00530038;
    0461 : 00530038;
    0462 : 00530038;
    0463 : 00530038;
    0464 : 00530038;
    0465 : 00530038;
    0466 : 00530038;
    0467 : 00530038;
    0468 : 00530038;
    0469 : 00530037;
    046A : 00530037;
    046B : 00530037;
    046C : 00530037;
    046D : 00530037;
    046E : 00530037;
    046F : 00540037;
    0470 : 00540037;
    0471 : 00540037;
    0472 : 00540037;
    0473 : 00540037;
    0474 : 00540037;
    0475 : 00540037;
    0476 : 00540036;
    0477 : 00540036;
    0478 : 00540036;
    0479 : 00540036;
    047A : 00540036;
    047B : 00540036;
    047C : 00540036;
    047D : 00540036;
    047E : 00540036;
    047F : 00540036;
    0480 : 00540036;
    0481 : 00540036;
    0482 : 00540036;
    0483 : 00540036;
    0484 : 00550035;
    0485 : 00550035;
    0486 : 00550035;
    0487 : 00550035;
    0488 : 00550035;
    0489 : 00550035;
    048A : 00550035;
    048B : 00550035;
    048C : 00550035;
    048D : 00550035;
    048E : 00550035;
    048F : 00550035;
    0490 : 00550035;
    0491 : 00550035;
    0492 : 00550034;
    0493 : 00550034;
    0494 : 00550034;
    0495 : 00550034;
    0496 : 00550034;
    0497 : 00550034;
    0498 : 00550034;
    0499 : 00550034;
    049A : 00560034;
    049B : 00560034;
    049C : 00560034;
    049D : 00560034;
    049E : 00560034;
    049F : 00560033;
    04A0 : 00560033;
    04A1 : 00560033;
    04A2 : 00560033;
    04A3 : 00560033;
    04A4 : 00560033;
    04A5 : 00560033;
    04A6 : 00560033;
    04A7 : 00560033;
    04A8 : 00560033;
    04A9 : 00560033;
    04AA : 00560033;
    04AB : 00560033;
    04AC : 00560032;
    04AD : 00560032;
    04AE : 00560032;
    04AF : 00560032;
    04B0 : 00560032;
    04B1 : 00570032;
    04B2 : 00570032;
    04B3 : 00570032;
    04B4 : 00570032;
    04B5 : 00570032;
    04B6 : 00570032;
    04B7 : 00570032;
    04B8 : 00570032;
    04B9 : 00570032;
    04BA : 00570031;
    04BB : 00570031;
    04BC : 00570031;
    04BD : 00570031;
    04BE : 00570031;
    04BF : 00570031;
    04C0 : 00570031;
    04C1 : 00570031;
    04C2 : 00570031;
    04C3 : 00570031;
    04C4 : 00570031;
    04C5 : 00570031;
    04C6 : 00570031;
    04C7 : 00570030;
    04C8 : 00580030;
    04C9 : 00580030;
    04CA : 00580030;
    04CB : 00580030;
    04CC : 00580030;
    04CD : 00580030;
    04CE : 00580030;
    04CF : 00580030;
    04D0 : 00580030;
    04D1 : 00580030;
    04D2 : 00580030;
    04D3 : 00580030;
    04D4 : 0058002F;
    04D5 : 0058002F;
    04D6 : 0058002F;
    04D7 : 0058002F;
    04D8 : 0058002F;
    04D9 : 0058002F;
    04DA : 0058002F;
    04DB : 0058002F;
    04DC : 0058002F;
    04DD : 0058002F;
    04DE : 0058002F;
    04DF : 0058002F;
    04E0 : 0059002F;
    04E1 : 0059002E;
    04E2 : 0059002E;
    04E3 : 0059002E;
    04E4 : 0059002E;
    04E5 : 0059002E;
    04E6 : 0059002E;
    04E7 : 0059002E;
    04E8 : 0059002E;
    04E9 : 0059002E;
    04EA : 0059002E;
    04EB : 0059002E;
    04EC : 0059002E;
    04ED : 0059002E;
    04EE : 0059002D;
    04EF : 0059002D;
    04F0 : 0059002D;
    04F1 : 0059002D;
    04F2 : 0059002D;
    04F3 : 0059002D;
    04F4 : 0059002D;
    04F5 : 0059002D;
    04F6 : 0059002D;
    04F7 : 0059002D;
    04F8 : 0059002D;
    04F9 : 005A002D;
    04FA : 005A002D;
    04FB : 005A002C;
    04FC : 005A002C;
    04FD : 005A002C;
    04FE : 005A002C;
    04FF : 005A002C;
    0500 : 005A002C;
    0501 : 005A002C;
    0502 : 005A002C;
    0503 : 005A002C;
    0504 : 005A002C;
    0505 : 005A002C;
    0506 : 005A002C;
    0507 : 005A002B;
    0508 : 005A002B;
    0509 : 005A002B;
    050A : 005A002B;
    050B : 005A002B;
    050C : 005A002B;
    050D : 005A002B;
    050E : 005A002B;
    050F : 005A002B;
    0510 : 005A002B;
    0511 : 005A002B;
    0512 : 005A002B;
    0513 : 005A002B;
    0514 : 005B002A;
    0515 : 005B002A;
    0516 : 005B002A;
    0517 : 005B002A;
    0518 : 005B002A;
    0519 : 005B002A;
    051A : 005B002A;
    051B : 005B002A;
    051C : 005B002A;
    051D : 005B002A;
    051E : 005B002A;
    051F : 005B002A;
    0520 : 005B002A;
    0521 : 005B0029;
    0522 : 005B0029;
    0523 : 005B0029;
    0524 : 005B0029;
    0525 : 005B0029;
    0526 : 005B0029;
    0527 : 005B0029;
    0528 : 005B0029;
    0529 : 005B0029;
    052A : 005B0029;
    052B : 005B0029;
    052C : 005B0029;
    052D : 005B0028;
    052E : 005B0028;
    052F : 005C0028;
    0530 : 005C0028;
    0531 : 005C0028;
    0532 : 005C0028;
    0533 : 005C0028;
    0534 : 005C0028;
    0535 : 005C0028;
    0536 : 005C0028;
    0537 : 005C0028;
    0538 : 005C0028;
    0539 : 005C0028;
    053A : 005C0027;
    053B : 005C0027;
    053C : 005C0027;
    053D : 005C0027;
    053E : 005C0027;
    053F : 005C0027;
    0540 : 005C0027;
    0541 : 005C0027;
    0542 : 005C0027;
    0543 : 005C0027;
    0544 : 005C0027;
    0545 : 005C0027;
    0546 : 005C0026;
    0547 : 005C0026;
    0548 : 005C0026;
    0549 : 005C0026;
    054A : 005C0026;
    054B : 005C0026;
    054C : 005C0026;
    054D : 005D0026;
    054E : 005D0026;
    054F : 005D0026;
    0550 : 005D0026;
    0551 : 005D0026;
    0552 : 005D0026;
    0553 : 005D0025;
    0554 : 005D0025;
    0555 : 005D0025;
    0556 : 005D0025;
    0557 : 005D0025;
    0558 : 005D0025;
    0559 : 005D0025;
    055A : 005D0025;
    055B : 005D0025;
    055C : 005D0025;
    055D : 005D0025;
    055E : 005D0025;
    055F : 005D0024;
    0560 : 005D0024;
    0561 : 005D0024;
    0562 : 005D0024;
    0563 : 005D0024;
    0564 : 005D0024;
    0565 : 005D0024;
    0566 : 005D0024;
    0567 : 005D0024;
    0568 : 005D0024;
    0569 : 005D0024;
    056A : 005D0024;
    056B : 005D0024;
    056C : 005E0023;
    056D : 005E0023;
    056E : 005E0023;
    056F : 005E0023;
    0570 : 005E0023;
    0571 : 005E0023;
    0572 : 005E0023;
    0573 : 005E0023;
    0574 : 005E0023;
    0575 : 005E0023;
    0576 : 005E0023;
    0577 : 005E0023;
    0578 : 005E0022;
    0579 : 005E0022;
    057A : 005E0022;
    057B : 005E0022;
    057C : 005E0022;
    057D : 005E0022;
    057E : 005E0022;
    057F : 005E0022;
    0580 : 005E0022;
    0581 : 005E0022;
    0582 : 005E0022;
    0583 : 005E0022;
    0584 : 005E0021;
    0585 : 005E0021;
    0586 : 005E0021;
    0587 : 005E0021;
    0588 : 005E0021;
    0589 : 005E0021;
    058A : 005E0021;
    058B : 005E0021;
    058C : 005E0021;
    058D : 005E0021;
    058E : 005F0021;
    058F : 005F0021;
    0590 : 005F0020;
    0591 : 005F0020;
    0592 : 005F0020;
    0593 : 005F0020;
    0594 : 005F0020;
    0595 : 005F0020;
    0596 : 005F0020;
    0597 : 005F0020;
    0598 : 005F0020;
    0599 : 005F0020;
    059A : 005F0020;
    059B : 005F0020;
    059C : 005F001F;
    059D : 005F001F;
    059E : 005F001F;
    059F : 005F001F;
    05A0 : 005F001F;
    05A1 : 005F001F;
    05A2 : 005F001F;
    05A3 : 005F001F;
    05A4 : 005F001F;
    05A5 : 005F001F;
    05A6 : 005F001F;
    05A7 : 005F001F;
    05A8 : 005F001E;
    05A9 : 005F001E;
    05AA : 005F001E;
    05AB : 005F001E;
    05AC : 005F001E;
    05AD : 005F001E;
    05AE : 005F001E;
    05AF : 005F001E;
    05B0 : 005F001E;
    05B1 : 005F001E;
    05B2 : 0060001E;
    05B3 : 0060001E;
    05B4 : 0060001D;
    05B5 : 0060001D;
    05B6 : 0060001D;
    05B7 : 0060001D;
    05B8 : 0060001D;
    05B9 : 0060001D;
    05BA : 0060001D;
    05BB : 0060001D;
    05BC : 0060001D;
    05BD : 0060001D;
    05BE : 0060001D;
    05BF : 0060001D;
    05C0 : 0060001C;
    05C1 : 0060001C;
    05C2 : 0060001C;
    05C3 : 0060001C;
    05C4 : 0060001C;
    05C5 : 0060001C;
    05C6 : 0060001C;
    05C7 : 0060001C;
    05C8 : 0060001C;
    05C9 : 0060001C;
    05CA : 0060001C;
    05CB : 0060001C;
    05CC : 0060001B;
    05CD : 0060001B;
    05CE : 0060001B;
    05CF : 0060001B;
    05D0 : 0060001B;
    05D1 : 0060001B;
    05D2 : 0060001B;
    05D3 : 0060001B;
    05D4 : 0060001B;
    05D5 : 0060001B;
    05D6 : 0060001B;
    05D7 : 0060001B;
    05D8 : 0060001A;
    05D9 : 0060001A;
    05DA : 0060001A;
    05DB : 0060001A;
    05DC : 0061001A;
    05DD : 0061001A;
    05DE : 0061001A;
    05DF : 0061001A;
    05E0 : 0061001A;
    05E1 : 0061001A;
    05E2 : 0061001A;
    05E3 : 0061001A;
    05E4 : 00610019;
    05E5 : 00610019;
    05E6 : 00610019;
    05E7 : 00610019;
    05E8 : 00610019;
    05E9 : 00610019;
    05EA : 00610019;
    05EB : 00610019;
    05EC : 00610019;
    05ED : 00610019;
    05EE : 00610019;
    05EF : 00610019;
    05F0 : 00610018;
    05F1 : 00610018;
    05F2 : 00610018;
    05F3 : 00610018;
    05F4 : 00610018;
    05F5 : 00610018;
    05F6 : 00610018;
    05F7 : 00610018;
    05F8 : 00610018;
    05F9 : 00610018;
    05FA : 00610018;
    05FB : 00610018;
    05FC : 00610017;
    05FD : 00610017;
    05FE : 00610017;
    05FF : 00610017;
    0600 : 00610017;
    0601 : 00610017;
    0602 : 00610017;
    0603 : 00610017;
    0604 : 00610017;
    0605 : 00610017;
    0606 : 00610017;
    0607 : 00610017;
    0608 : 00610016;
    0609 : 00610016;
    060A : 00610016;
    060B : 00620016;
    060C : 00620016;
    060D : 00620016;
    060E : 00620016;
    060F : 00620016;
    0610 : 00620016;
    0611 : 00620016;
    0612 : 00620016;
    0613 : 00620015;
    0614 : 00620015;
    0615 : 00620015;
    0616 : 00620015;
    0617 : 00620015;
    0618 : 00620015;
    0619 : 00620015;
    061A : 00620015;
    061B : 00620015;
    061C : 00620015;
    061D : 00620015;
    061E : 00620015;
    061F : 00620014;
    0620 : 00620014;
    0621 : 00620014;
    0622 : 00620014;
    0623 : 00620014;
    0624 : 00620014;
    0625 : 00620014;
    0626 : 00620014;
    0627 : 00620014;
    0628 : 00620014;
    0629 : 00620014;
    062A : 00620014;
    062B : 00620013;
    062C : 00620013;
    062D : 00620013;
    062E : 00620013;
    062F : 00620013;
    0630 : 00620013;
    0631 : 00620013;
    0632 : 00620013;
    0633 : 00620013;
    0634 : 00620013;
    0635 : 00620013;
    0636 : 00620013;
    0637 : 00620012;
    0638 : 00620012;
    0639 : 00620012;
    063A : 00620012;
    063B : 00620012;
    063C : 00620012;
    063D : 00620012;
    063E : 00620012;
    063F : 00620012;
    0640 : 00620012;
    0641 : 00620012;
    0642 : 00620011;
    0643 : 00620011;
    0644 : 00620011;
    0645 : 00630011;
    0646 : 00630011;
    0647 : 00630011;
    0648 : 00630011;
    0649 : 00630011;
    064A : 00630011;
    064B : 00630011;
    064C : 00630011;
    064D : 00630011;
    064E : 00630010;
    064F : 00630010;
    0650 : 00630010;
    0651 : 00630010;
    0652 : 00630010;
    0653 : 00630010;
    0654 : 00630010;
    0655 : 00630010;
    0656 : 00630010;
    0657 : 00630010;
    0658 : 00630010;
    0659 : 00630010;
    065A : 0063000F;
    065B : 0063000F;
    065C : 0063000F;
    065D : 0063000F;
    065E : 0063000F;
    065F : 0063000F;
    0660 : 0063000F;
    0661 : 0063000F;
    0662 : 0063000F;
    0663 : 0063000F;
    0664 : 0063000F;
    0665 : 0063000E;
    0666 : 0063000E;
    0667 : 0063000E;
    0668 : 0063000E;
    0669 : 0063000E;
    066A : 0063000E;
    066B : 0063000E;
    066C : 0063000E;
    066D : 0063000E;
    066E : 0063000E;
    066F : 0063000E;
    0670 : 0063000E;
    0671 : 0063000D;
    0672 : 0063000D;
    0673 : 0063000D;
    0674 : 0063000D;
    0675 : 0063000D;
    0676 : 0063000D;
    0677 : 0063000D;
    0678 : 0063000D;
    0679 : 0063000D;
    067A : 0063000D;
    067B : 0063000D;
    067C : 0063000C;
    067D : 0063000C;
    067E : 0063000C;
    067F : 0063000C;
    0680 : 0063000C;
    0681 : 0063000C;
    0682 : 0063000C;
    0683 : 0063000C;
    0684 : 0063000C;
    0685 : 0063000C;
    0686 : 0063000C;
    0687 : 0063000C;
    0688 : 0063000B;
    0689 : 0063000B;
    068A : 0063000B;
    068B : 0063000B;
    068C : 0063000B;
    068D : 0063000B;
    068E : 0063000B;
    068F : 0063000B;
    0690 : 0063000B;
    0691 : 0063000B;
    0692 : 0063000B;
    0693 : 0063000A;
    0694 : 0063000A;
    0695 : 0063000A;
    0696 : 0063000A;
    0697 : 0063000A;
    0698 : 0063000A;
    0699 : 0064000A;
    069A : 0064000A;
    069B : 0064000A;
    069C : 0064000A;
    069D : 0064000A;
    069E : 0064000A;
    069F : 00640009;
    06A0 : 00640009;
    06A1 : 00640009;
    06A2 : 00640009;
    06A3 : 00640009;
    06A4 : 00640009;
    06A5 : 00640009;
    06A6 : 00640009;
    06A7 : 00640009;
    06A8 : 00640009;
    06A9 : 00640009;
    06AA : 00640009;
    06AB : 00640008;
    06AC : 00640008;
    06AD : 00640008;
    06AE : 00640008;
    06AF : 00640008;
    06B0 : 00640008;
    06B1 : 00640008;
    06B2 : 00640008;
    06B3 : 00640008;
    06B4 : 00640008;
    06B5 : 00640008;
    06B6 : 00640007;
    06B7 : 00640007;
    06B8 : 00640007;
    06B9 : 00640007;
    06BA : 00640007;
    06BB : 00640007;
    06BC : 00640007;
    06BD : 00640007;
    06BE : 00640007;
    06BF : 00640007;
    06C0 : 00640007;
    06C1 : 00640007;
    06C2 : 00640006;
    06C3 : 00640006;
    06C4 : 00640006;
    06C5 : 00640006;
    06C6 : 00640006;
    06C7 : 00640006;
    06C8 : 00640006;
    06C9 : 00640006;
    06CA : 00640006;
    06CB : 00640006;
    06CC : 00640006;
    06CD : 00640005;
    06CE : 00640005;
    06CF : 00640005;
    06D0 : 00640005;
    06D1 : 00640005;
    06D2 : 00640005;
    06D3 : 00640005;
    06D4 : 00640005;
    06D5 : 00640005;
    06D6 : 00640005;
    06D7 : 00640005;
    06D8 : 00640005;
    06D9 : 00640004;
    06DA : 00640004;
    06DB : 00640004;
    06DC : 00640004;
    06DD : 00640004;
    06DE : 00640004;
    06DF : 00640004;
    06E0 : 00640004;
    06E1 : 00640004;
    06E2 : 00640004;
    06E3 : 00640004;
    06E4 : 00640003;
    06E5 : 00640003;
    06E6 : 00640003;
    06E7 : 00640003;
    06E8 : 00640003;
    06E9 : 00640003;
    06EA : 00640003;
    06EB : 00640003;
    06EC : 00640003;
    06ED : 00640003;
    06EE : 00640003;
    06EF : 00640003;
    06F0 : 00640002;
    06F1 : 00640002;
    06F2 : 00640002;
    06F3 : 00640002;
    06F4 : 00640002;
    06F5 : 00640002;
    06F6 : 00640002;
    06F7 : 00640002;
    06F8 : 00640002;
    06F9 : 00640002;
    06FA : 00640002;
    06FB : 00640001;
    06FC : 00640001;
    06FD : 00640001;
    06FE : 00640001;
    06FF : 00640001;
    0700 : 00640001;
    0701 : 00640001;
    0702 : 00640001;
    0703 : 00640001;
    0704 : 00640001;
    0705 : 00640001;
    0706 : 00640001;
    0707 : 00640000;
    0708 : 00640000;
    0709 : 00640000;
    070A : 00640000;
    070B : 00640000;
    070C : 00640000;
    070D : 00640000;
    070E : 00640000;
    070F : 00640000;
    0710 : 00640000;
    0711 : 00640000;
    0712 : 0064FFFF;
    0713 : 0064FFFF;
    0714 : 0064FFFF;
    0715 : 0064FFFF;
    0716 : 0064FFFF;
    0717 : 0064FFFF;
    0718 : 0064FFFF;
    0719 : 0064FFFF;
    071A : 0064FFFF;
    071B : 0064FFFF;
    071C : 0064FFFF;
    071D : 0064FFFE;
    071E : 0064FFFE;
    071F : 0064FFFE;
    0720 : 0064FFFE;
    0721 : 0064FFFE;
    0722 : 0064FFFE;
    0723 : 0064FFFE;
    0724 : 0064FFFE;
    0725 : 0064FFFE;
    0726 : 0064FFFE;
    0727 : 0064FFFE;
    0728 : 0064FFFE;
    0729 : 0064FFFD;
    072A : 0064FFFD;
    072B : 0064FFFD;
    072C : 0064FFFD;
    072D : 0064FFFD;
    072E : 0064FFFD;
    072F : 0064FFFD;
    0730 : 0064FFFD;
    0731 : 0064FFFD;
    0732 : 0064FFFD;
    0733 : 0064FFFD;
    0734 : 0064FFFC;
    0735 : 0064FFFC;
    0736 : 0064FFFC;
    0737 : 0064FFFC;
    0738 : 0064FFFC;
    0739 : 0064FFFC;
    073A : 0064FFFC;
    073B : 0064FFFC;
    073C : 0064FFFC;
    073D : 0064FFFC;
    073E : 0064FFFC;
    073F : 0064FFFC;
    0740 : 0064FFFB;
    0741 : 0064FFFB;
    0742 : 0064FFFB;
    0743 : 0064FFFB;
    0744 : 0064FFFB;
    0745 : 0064FFFB;
    0746 : 0064FFFB;
    0747 : 0064FFFB;
    0748 : 0064FFFB;
    0749 : 0064FFFB;
    074A : 0064FFFB;
    074B : 0064FFFA;
    074C : 0064FFFA;
    074D : 0064FFFA;
    074E : 0064FFFA;
    074F : 0064FFFA;
    0750 : 0064FFFA;
    0751 : 0064FFFA;
    0752 : 0064FFFA;
    0753 : 0064FFFA;
    0754 : 0064FFFA;
    0755 : 0064FFFA;
    0756 : 0064FFFA;
    0757 : 0064FFF9;
    0758 : 0064FFF9;
    0759 : 0064FFF9;
    075A : 0064FFF9;
    075B : 0064FFF9;
    075C : 0064FFF9;
    075D : 0064FFF9;
    075E : 0064FFF9;
    075F : 0064FFF9;
    0760 : 0064FFF9;
    0761 : 0064FFF9;
    0762 : 0064FFF8;
    0763 : 0064FFF8;
    0764 : 0064FFF8;
    0765 : 0064FFF8;
    0766 : 0064FFF8;
    0767 : 0064FFF8;
    0768 : 0064FFF8;
    0769 : 0064FFF8;
    076A : 0064FFF8;
    076B : 0064FFF8;
    076C : 0064FFF8;
    076D : 0064FFF8;
    076E : 0064FFF7;
    076F : 0064FFF7;
    0770 : 0064FFF7;
    0771 : 0064FFF7;
    0772 : 0064FFF7;
    0773 : 0064FFF7;
    0774 : 0064FFF7;
    0775 : 0064FFF7;
    0776 : 0064FFF7;
    0777 : 0064FFF7;
    0778 : 0064FFF7;
    0779 : 0064FFF7;
    077A : 0064FFF6;
    077B : 0064FFF6;
    077C : 0064FFF6;
    077D : 0064FFF6;
    077E : 0064FFF6;
    077F : 0063FFF6;
    0780 : 0063FFF6;
    0781 : 0063FFF6;
    0782 : 0063FFF6;
    0783 : 0063FFF6;
    0784 : 0063FFF6;
    0785 : 0063FFF5;
    0786 : 0063FFF5;
    0787 : 0063FFF5;
    0788 : 0063FFF5;
    0789 : 0063FFF5;
    078A : 0063FFF5;
    078B : 0063FFF5;
    078C : 0063FFF5;
    078D : 0063FFF5;
    078E : 0063FFF5;
    078F : 0063FFF5;
    0790 : 0063FFF5;
    0791 : 0063FFF4;
    0792 : 0063FFF4;
    0793 : 0063FFF4;
    0794 : 0063FFF4;
    0795 : 0063FFF4;
    0796 : 0063FFF4;
    0797 : 0063FFF4;
    0798 : 0063FFF4;
    0799 : 0063FFF4;
    079A : 0063FFF4;
    079B : 0063FFF4;
    079C : 0063FFF3;
    079D : 0063FFF3;
    079E : 0063FFF3;
    079F : 0063FFF3;
    07A0 : 0063FFF3;
    07A1 : 0063FFF3;
    07A2 : 0063FFF3;
    07A3 : 0063FFF3;
    07A4 : 0063FFF3;
    07A5 : 0063FFF3;
    07A6 : 0063FFF3;
    07A7 : 0063FFF3;
    07A8 : 0063FFF2;
    07A9 : 0063FFF2;
    07AA : 0063FFF2;
    07AB : 0063FFF2;
    07AC : 0063FFF2;
    07AD : 0063FFF2;
    07AE : 0063FFF2;
    07AF : 0063FFF2;
    07B0 : 0063FFF2;
    07B1 : 0063FFF2;
    07B2 : 0063FFF2;
    07B3 : 0063FFF1;
    07B4 : 0063FFF1;
    07B5 : 0063FFF1;
    07B6 : 0063FFF1;
    07B7 : 0063FFF1;
    07B8 : 0063FFF1;
    07B9 : 0063FFF1;
    07BA : 0063FFF1;
    07BB : 0063FFF1;
    07BC : 0063FFF1;
    07BD : 0063FFF1;
    07BE : 0063FFF1;
    07BF : 0063FFF0;
    07C0 : 0063FFF0;
    07C1 : 0063FFF0;
    07C2 : 0063FFF0;
    07C3 : 0063FFF0;
    07C4 : 0063FFF0;
    07C5 : 0063FFF0;
    07C6 : 0063FFF0;
    07C7 : 0063FFF0;
    07C8 : 0063FFF0;
    07C9 : 0063FFF0;
    07CA : 0063FFF0;
    07CB : 0063FFEF;
    07CC : 0063FFEF;
    07CD : 0063FFEF;
    07CE : 0063FFEF;
    07CF : 0063FFEF;
    07D0 : 0063FFEF;
    07D1 : 0063FFEF;
    07D2 : 0063FFEF;
    07D3 : 0062FFEF;
    07D4 : 0062FFEF;
    07D5 : 0062FFEF;
    07D6 : 0062FFEE;
    07D7 : 0062FFEE;
    07D8 : 0062FFEE;
    07D9 : 0062FFEE;
    07DA : 0062FFEE;
    07DB : 0062FFEE;
    07DC : 0062FFEE;
    07DD : 0062FFEE;
    07DE : 0062FFEE;
    07DF : 0062FFEE;
    07E0 : 0062FFEE;
    07E1 : 0062FFEE;
    07E2 : 0062FFED;
    07E3 : 0062FFED;
    07E4 : 0062FFED;
    07E5 : 0062FFED;
    07E6 : 0062FFED;
    07E7 : 0062FFED;
    07E8 : 0062FFED;
    07E9 : 0062FFED;
    07EA : 0062FFED;
    07EB : 0062FFED;
    07EC : 0062FFED;
    07ED : 0062FFED;
    07EE : 0062FFEC;
    07EF : 0062FFEC;
    07F0 : 0062FFEC;
    07F1 : 0062FFEC;
    07F2 : 0062FFEC;
    07F3 : 0062FFEC;
    07F4 : 0062FFEC;
    07F5 : 0062FFEC;
    07F6 : 0062FFEC;
    07F7 : 0062FFEC;
    07F8 : 0062FFEC;
    07F9 : 0062FFEB;
    07FA : 0062FFEB;
    07FB : 0062FFEB;
    07FC : 0062FFEB;
    07FD : 0062FFEB;
    07FE : 0062FFEB;
    07FF : 0062FFEB;
    0800 : 0062FFEB;
    0801 : 0062FFEB;
    0802 : 0062FFEB;
    0803 : 0062FFEB;
    0804 : 0062FFEB;
    0805 : 0062FFEA;
    0806 : 0062FFEA;
    0807 : 0062FFEA;
    0808 : 0062FFEA;
    0809 : 0062FFEA;
    080A : 0062FFEA;
    080B : 0062FFEA;
    080C : 0062FFEA;
    080D : 0062FFEA;
    080E : 0061FFEA;
    080F : 0061FFEA;
    0810 : 0061FFEA;
    0811 : 0061FFE9;
    0812 : 0061FFE9;
    0813 : 0061FFE9;
    0814 : 0061FFE9;
    0815 : 0061FFE9;
    0816 : 0061FFE9;
    0817 : 0061FFE9;
    0818 : 0061FFE9;
    0819 : 0061FFE9;
    081A : 0061FFE9;
    081B : 0061FFE9;
    081C : 0061FFE9;
    081D : 0061FFE8;
    081E : 0061FFE8;
    081F : 0061FFE8;
    0820 : 0061FFE8;
    0821 : 0061FFE8;
    0822 : 0061FFE8;
    0823 : 0061FFE8;
    0824 : 0061FFE8;
    0825 : 0061FFE8;
    0826 : 0061FFE8;
    0827 : 0061FFE8;
    0828 : 0061FFE7;
    0829 : 0061FFE7;
    082A : 0061FFE7;
    082B : 0061FFE7;
    082C : 0061FFE7;
    082D : 0061FFE7;
    082E : 0061FFE7;
    082F : 0061FFE7;
    0830 : 0061FFE7;
    0831 : 0061FFE7;
    0832 : 0061FFE7;
    0833 : 0061FFE7;
    0834 : 0061FFE6;
    0835 : 0061FFE6;
    0836 : 0061FFE6;
    0837 : 0061FFE6;
    0838 : 0061FFE6;
    0839 : 0061FFE6;
    083A : 0061FFE6;
    083B : 0061FFE6;
    083C : 0061FFE6;
    083D : 0060FFE6;
    083E : 0060FFE6;
    083F : 0060FFE6;
    0840 : 0060FFE5;
    0841 : 0060FFE5;
    0842 : 0060FFE5;
    0843 : 0060FFE5;
    0844 : 0060FFE5;
    0845 : 0060FFE5;
    0846 : 0060FFE5;
    0847 : 0060FFE5;
    0848 : 0060FFE5;
    0849 : 0060FFE5;
    084A : 0060FFE5;
    084B : 0060FFE5;
    084C : 0060FFE4;
    084D : 0060FFE4;
    084E : 0060FFE4;
    084F : 0060FFE4;
    0850 : 0060FFE4;
    0851 : 0060FFE4;
    0852 : 0060FFE4;
    0853 : 0060FFE4;
    0854 : 0060FFE4;
    0855 : 0060FFE4;
    0856 : 0060FFE4;
    0857 : 0060FFE4;
    0858 : 0060FFE3;
    0859 : 0060FFE3;
    085A : 0060FFE3;
    085B : 0060FFE3;
    085C : 0060FFE3;
    085D : 0060FFE3;
    085E : 0060FFE3;
    085F : 0060FFE3;
    0860 : 0060FFE3;
    0861 : 0060FFE3;
    0862 : 0060FFE3;
    0863 : 0060FFE3;
    0864 : 0060FFE2;
    0865 : 0060FFE2;
    0866 : 005FFFE2;
    0867 : 005FFFE2;
    0868 : 005FFFE2;
    0869 : 005FFFE2;
    086A : 005FFFE2;
    086B : 005FFFE2;
    086C : 005FFFE2;
    086D : 005FFFE2;
    086E : 005FFFE2;
    086F : 005FFFE2;
    0870 : 005FFFE1;
    0871 : 005FFFE1;
    0872 : 005FFFE1;
    0873 : 005FFFE1;
    0874 : 005FFFE1;
    0875 : 005FFFE1;
    0876 : 005FFFE1;
    0877 : 005FFFE1;
    0878 : 005FFFE1;
    0879 : 005FFFE1;
    087A : 005FFFE1;
    087B : 005FFFE1;
    087C : 005FFFE0;
    087D : 005FFFE0;
    087E : 005FFFE0;
    087F : 005FFFE0;
    0880 : 005FFFE0;
    0881 : 005FFFE0;
    0882 : 005FFFE0;
    0883 : 005FFFE0;
    0884 : 005FFFE0;
    0885 : 005FFFE0;
    0886 : 005FFFE0;
    0887 : 005FFFE0;
    0888 : 005FFFDF;
    0889 : 005FFFDF;
    088A : 005FFFDF;
    088B : 005EFFDF;
    088C : 005EFFDF;
    088D : 005EFFDF;
    088E : 005EFFDF;
    088F : 005EFFDF;
    0890 : 005EFFDF;
    0891 : 005EFFDF;
    0892 : 005EFFDF;
    0893 : 005EFFDF;
    0894 : 005EFFDF;
    0895 : 005EFFDE;
    0896 : 005EFFDE;
    0897 : 005EFFDE;
    0898 : 005EFFDE;
    0899 : 005EFFDE;
    089A : 005EFFDE;
    089B : 005EFFDE;
    089C : 005EFFDE;
    089D : 005EFFDE;
    089E : 005EFFDE;
    089F : 005EFFDE;
    08A0 : 005EFFDE;
    08A1 : 005EFFDD;
    08A2 : 005EFFDD;
    08A3 : 005EFFDD;
    08A4 : 005EFFDD;
    08A5 : 005EFFDD;
    08A6 : 005EFFDD;
    08A7 : 005EFFDD;
    08A8 : 005EFFDD;
    08A9 : 005EFFDD;
    08AA : 005EFFDD;
    08AB : 005EFFDD;
    08AC : 005EFFDD;
    08AD : 005DFFDC;
    08AE : 005DFFDC;
    08AF : 005DFFDC;
    08B0 : 005DFFDC;
    08B1 : 005DFFDC;
    08B2 : 005DFFDC;
    08B3 : 005DFFDC;
    08B4 : 005DFFDC;
    08B5 : 005DFFDC;
    08B6 : 005DFFDC;
    08B7 : 005DFFDC;
    08B8 : 005DFFDC;
    08B9 : 005DFFDB;
    08BA : 005DFFDB;
    08BB : 005DFFDB;
    08BC : 005DFFDB;
    08BD : 005DFFDB;
    08BE : 005DFFDB;
    08BF : 005DFFDB;
    08C0 : 005DFFDB;
    08C1 : 005DFFDB;
    08C2 : 005DFFDB;
    08C3 : 005DFFDB;
    08C4 : 005DFFDB;
    08C5 : 005DFFDB;
    08C6 : 005DFFDA;
    08C7 : 005DFFDA;
    08C8 : 005DFFDA;
    08C9 : 005DFFDA;
    08CA : 005DFFDA;
    08CB : 005DFFDA;
    08CC : 005CFFDA;
    08CD : 005CFFDA;
    08CE : 005CFFDA;
    08CF : 005CFFDA;
    08D0 : 005CFFDA;
    08D1 : 005CFFDA;
    08D2 : 005CFFD9;
    08D3 : 005CFFD9;
    08D4 : 005CFFD9;
    08D5 : 005CFFD9;
    08D6 : 005CFFD9;
    08D7 : 005CFFD9;
    08D8 : 005CFFD9;
    08D9 : 005CFFD9;
    08DA : 005CFFD9;
    08DB : 005CFFD9;
    08DC : 005CFFD9;
    08DD : 005CFFD9;
    08DE : 005CFFD9;
    08DF : 005CFFD8;
    08E0 : 005CFFD8;
    08E1 : 005CFFD8;
    08E2 : 005CFFD8;
    08E3 : 005CFFD8;
    08E4 : 005CFFD8;
    08E5 : 005CFFD8;
    08E6 : 005CFFD8;
    08E7 : 005CFFD8;
    08E8 : 005CFFD8;
    08E9 : 005BFFD8;
    08EA : 005BFFD8;
    08EB : 005BFFD7;
    08EC : 005BFFD7;
    08ED : 005BFFD7;
    08EE : 005BFFD7;
    08EF : 005BFFD7;
    08F0 : 005BFFD7;
    08F1 : 005BFFD7;
    08F2 : 005BFFD7;
    08F3 : 005BFFD7;
    08F4 : 005BFFD7;
    08F5 : 005BFFD7;
    08F6 : 005BFFD7;
    08F7 : 005BFFD7;
    08F8 : 005BFFD6;
    08F9 : 005BFFD6;
    08FA : 005BFFD6;
    08FB : 005BFFD6;
    08FC : 005BFFD6;
    08FD : 005BFFD6;
    08FE : 005BFFD6;
    08FF : 005BFFD6;
    0900 : 005BFFD6;
    0901 : 005BFFD6;
    0902 : 005BFFD6;
    0903 : 005BFFD6;
    0904 : 005BFFD5;
    0905 : 005AFFD5;
    0906 : 005AFFD5;
    0907 : 005AFFD5;
    0908 : 005AFFD5;
    0909 : 005AFFD5;
    090A : 005AFFD5;
    090B : 005AFFD5;
    090C : 005AFFD5;
    090D : 005AFFD5;
    090E : 005AFFD5;
    090F : 005AFFD5;
    0910 : 005AFFD5;
    0911 : 005AFFD4;
    0912 : 005AFFD4;
    0913 : 005AFFD4;
    0914 : 005AFFD4;
    0915 : 005AFFD4;
    0916 : 005AFFD4;
    0917 : 005AFFD4;
    0918 : 005AFFD4;
    0919 : 005AFFD4;
    091A : 005AFFD4;
    091B : 005AFFD4;
    091C : 005AFFD4;
    091D : 005AFFD4;
    091E : 005AFFD3;
    091F : 0059FFD3;
    0920 : 0059FFD3;
    0921 : 0059FFD3;
    0922 : 0059FFD3;
    0923 : 0059FFD3;
    0924 : 0059FFD3;
    0925 : 0059FFD3;
    0926 : 0059FFD3;
    0927 : 0059FFD3;
    0928 : 0059FFD3;
    0929 : 0059FFD3;
    092A : 0059FFD3;
    092B : 0059FFD2;
    092C : 0059FFD2;
    092D : 0059FFD2;
    092E : 0059FFD2;
    092F : 0059FFD2;
    0930 : 0059FFD2;
    0931 : 0059FFD2;
    0932 : 0059FFD2;
    0933 : 0059FFD2;
    0934 : 0059FFD2;
    0935 : 0059FFD2;
    0936 : 0059FFD2;
    0937 : 0059FFD2;
    0938 : 0058FFD1;
    0939 : 0058FFD1;
    093A : 0058FFD1;
    093B : 0058FFD1;
    093C : 0058FFD1;
    093D : 0058FFD1;
    093E : 0058FFD1;
    093F : 0058FFD1;
    0940 : 0058FFD1;
    0941 : 0058FFD1;
    0942 : 0058FFD1;
    0943 : 0058FFD1;
    0944 : 0058FFD1;
    0945 : 0058FFD0;
    0946 : 0058FFD0;
    0947 : 0058FFD0;
    0948 : 0058FFD0;
    0949 : 0058FFD0;
    094A : 0058FFD0;
    094B : 0058FFD0;
    094C : 0058FFD0;
    094D : 0058FFD0;
    094E : 0058FFD0;
    094F : 0058FFD0;
    0950 : 0058FFD0;
    0951 : 0057FFD0;
    0952 : 0057FFCF;
    0953 : 0057FFCF;
    0954 : 0057FFCF;
    0955 : 0057FFCF;
    0956 : 0057FFCF;
    0957 : 0057FFCF;
    0958 : 0057FFCF;
    0959 : 0057FFCF;
    095A : 0057FFCF;
    095B : 0057FFCF;
    095C : 0057FFCF;
    095D : 0057FFCF;
    095E : 0057FFCF;
    095F : 0057FFCE;
    0960 : 0057FFCE;
    0961 : 0057FFCE;
    0962 : 0057FFCE;
    0963 : 0057FFCE;
    0964 : 0057FFCE;
    0965 : 0057FFCE;
    0966 : 0057FFCE;
    0967 : 0057FFCE;
    0968 : 0056FFCE;
    0969 : 0056FFCE;
    096A : 0056FFCE;
    096B : 0056FFCE;
    096C : 0056FFCD;
    096D : 0056FFCD;
    096E : 0056FFCD;
    096F : 0056FFCD;
    0970 : 0056FFCD;
    0971 : 0056FFCD;
    0972 : 0056FFCD;
    0973 : 0056FFCD;
    0974 : 0056FFCD;
    0975 : 0056FFCD;
    0976 : 0056FFCD;
    0977 : 0056FFCD;
    0978 : 0056FFCD;
    0979 : 0056FFCC;
    097A : 0056FFCC;
    097B : 0056FFCC;
    097C : 0056FFCC;
    097D : 0056FFCC;
    097E : 0055FFCC;
    097F : 0055FFCC;
    0980 : 0055FFCC;
    0981 : 0055FFCC;
    0982 : 0055FFCC;
    0983 : 0055FFCC;
    0984 : 0055FFCC;
    0985 : 0055FFCC;
    0986 : 0055FFCC;
    0987 : 0055FFCB;
    0988 : 0055FFCB;
    0989 : 0055FFCB;
    098A : 0055FFCB;
    098B : 0055FFCB;
    098C : 0055FFCB;
    098D : 0055FFCB;
    098E : 0055FFCB;
    098F : 0055FFCB;
    0990 : 0055FFCB;
    0991 : 0055FFCB;
    0992 : 0055FFCB;
    0993 : 0055FFCB;
    0994 : 0054FFCA;
    0995 : 0054FFCA;
    0996 : 0054FFCA;
    0997 : 0054FFCA;
    0998 : 0054FFCA;
    0999 : 0054FFCA;
    099A : 0054FFCA;
    099B : 0054FFCA;
    099C : 0054FFCA;
    099D : 0054FFCA;
    099E : 0054FFCA;
    099F : 0054FFCA;
    09A0 : 0054FFCA;
    09A1 : 0054FFCA;
    09A2 : 0054FFC9;
    09A3 : 0054FFC9;
    09A4 : 0054FFC9;
    09A5 : 0054FFC9;
    09A6 : 0054FFC9;
    09A7 : 0054FFC9;
    09A8 : 0054FFC9;
    09A9 : 0053FFC9;
    09AA : 0053FFC9;
    09AB : 0053FFC9;
    09AC : 0053FFC9;
    09AD : 0053FFC9;
    09AE : 0053FFC9;
    09AF : 0053FFC9;
    09B0 : 0053FFC8;
    09B1 : 0053FFC8;
    09B2 : 0053FFC8;
    09B3 : 0053FFC8;
    09B4 : 0053FFC8;
    09B5 : 0053FFC8;
    09B6 : 0053FFC8;
    09B7 : 0053FFC8;
    09B8 : 0053FFC8;
    09B9 : 0053FFC8;
    09BA : 0053FFC8;
    09BB : 0053FFC8;
    09BC : 0053FFC8;
    09BD : 0053FFC8;
    09BE : 0052FFC7;
    09BF : 0052FFC7;
    09C0 : 0052FFC7;
    09C1 : 0052FFC7;
    09C2 : 0052FFC7;
    09C3 : 0052FFC7;
    09C4 : 0052FFC7;
    09C5 : 0052FFC7;
    09C6 : 0052FFC7;
    09C7 : 0052FFC7;
    09C8 : 0052FFC7;
    09C9 : 0052FFC7;
    09CA : 0052FFC7;
    09CB : 0052FFC7;
    09CC : 0052FFC6;
    09CD : 0052FFC6;
    09CE : 0052FFC6;
    09CF : 0052FFC6;
    09D0 : 0052FFC6;
    09D1 : 0052FFC6;
    09D2 : 0051FFC6;
    09D3 : 0051FFC6;
    09D4 : 0051FFC6;
    09D5 : 0051FFC6;
    09D6 : 0051FFC6;
    09D7 : 0051FFC6;
    09D8 : 0051FFC6;
    09D9 : 0051FFC6;
    09DA : 0051FFC5;
    09DB : 0051FFC5;
    09DC : 0051FFC5;
    09DD : 0051FFC5;
    09DE : 0051FFC5;
    09DF : 0051FFC5;
    09E0 : 0051FFC5;
    09E1 : 0051FFC5;
    09E2 : 0051FFC5;
    09E3 : 0051FFC5;
    09E4 : 0051FFC5;
    09E5 : 0051FFC5;
    09E6 : 0050FFC5;
    09E7 : 0050FFC5;
    09E8 : 0050FFC4;
    09E9 : 0050FFC4;
    09EA : 0050FFC4;
    09EB : 0050FFC4;
    09EC : 0050FFC4;
    09ED : 0050FFC4;
    09EE : 0050FFC4;
    09EF : 0050FFC4;
    09F0 : 0050FFC4;
    09F1 : 0050FFC4;
    09F2 : 0050FFC4;
    09F3 : 0050FFC4;
    09F4 : 0050FFC4;
    09F5 : 0050FFC4;
    09F6 : 0050FFC3;
    09F7 : 0050FFC3;
    09F8 : 0050FFC3;
    09F9 : 004FFFC3;
    09FA : 004FFFC3;
    09FB : 004FFFC3;
    09FC : 004FFFC3;
    09FD : 004FFFC3;
    09FE : 004FFFC3;
    09FF : 004FFFC3;
    0A00 : 004FFFC3;
    0A01 : 004FFFC3;
    0A02 : 004FFFC3;
    0A03 : 004FFFC3;
    0A04 : 004FFFC3;
    0A05 : 004FFFC2;
    0A06 : 004FFFC2;
    0A07 : 004FFFC2;
    0A08 : 004FFFC2;
    0A09 : 004FFFC2;
    0A0A : 004FFFC2;
    0A0B : 004EFFC2;
    0A0C : 004EFFC2;
    0A0D : 004EFFC2;
    0A0E : 004EFFC2;
    0A0F : 004EFFC2;
    0A10 : 004EFFC2;
    0A11 : 004EFFC2;
    0A12 : 004EFFC2;
    0A13 : 004EFFC2;
    0A14 : 004EFFC1;
    0A15 : 004EFFC1;
    0A16 : 004EFFC1;
    0A17 : 004EFFC1;
    0A18 : 004EFFC1;
    0A19 : 004EFFC1;
    0A1A : 004EFFC1;
    0A1B : 004EFFC1;
    0A1C : 004EFFC1;
    0A1D : 004EFFC1;
    0A1E : 004DFFC1;
    0A1F : 004DFFC1;
    0A20 : 004DFFC1;
    0A21 : 004DFFC1;
    0A22 : 004DFFC0;
    0A23 : 004DFFC0;
    0A24 : 004DFFC0;
    0A25 : 004DFFC0;
    0A26 : 004DFFC0;
    0A27 : 004DFFC0;
    0A28 : 004DFFC0;
    0A29 : 004DFFC0;
    0A2A : 004DFFC0;
    0A2B : 004DFFC0;
    0A2C : 004DFFC0;
    0A2D : 004DFFC0;
    0A2E : 004DFFC0;
    0A2F : 004DFFC0;
    0A30 : 004CFFC0;
    0A31 : 004CFFBF;
    0A32 : 004CFFBF;
    0A33 : 004CFFBF;
    0A34 : 004CFFBF;
    0A35 : 004CFFBF;
    0A36 : 004CFFBF;
    0A37 : 004CFFBF;
    0A38 : 004CFFBF;
    0A39 : 004CFFBF;
    0A3A : 004CFFBF;
    0A3B : 004CFFBF;
    0A3C : 004CFFBF;
    0A3D : 004CFFBF;
    0A3E : 004CFFBF;
    0A3F : 004CFFBF;
    0A40 : 004CFFBE;
    0A41 : 004BFFBE;
    0A42 : 004BFFBE;
    0A43 : 004BFFBE;
    0A44 : 004BFFBE;
    0A45 : 004BFFBE;
    0A46 : 004BFFBE;
    0A47 : 004BFFBE;
    0A48 : 004BFFBE;
    0A49 : 004BFFBE;
    0A4A : 004BFFBE;
    0A4B : 004BFFBE;
    0A4C : 004BFFBE;
    0A4D : 004BFFBE;
    0A4E : 004BFFBE;
    0A4F : 004BFFBE;
    0A50 : 004BFFBD;
    0A51 : 004BFFBD;
    0A52 : 004BFFBD;
    0A53 : 004AFFBD;
    0A54 : 004AFFBD;
    0A55 : 004AFFBD;
    0A56 : 004AFFBD;
    0A57 : 004AFFBD;
    0A58 : 004AFFBD;
    0A59 : 004AFFBD;
    0A5A : 004AFFBD;
    0A5B : 004AFFBD;
    0A5C : 004AFFBD;
    0A5D : 004AFFBD;
    0A5E : 004AFFBD;
    0A5F : 004AFFBC;
    0A60 : 004AFFBC;
    0A61 : 004AFFBC;
    0A62 : 004AFFBC;
    0A63 : 004AFFBC;
    0A64 : 0049FFBC;
    0A65 : 0049FFBC;
    0A66 : 0049FFBC;
    0A67 : 0049FFBC;
    0A68 : 0049FFBC;
    0A69 : 0049FFBC;
    0A6A : 0049FFBC;
    0A6B : 0049FFBC;
    0A6C : 0049FFBC;
    0A6D : 0049FFBC;
    0A6E : 0049FFBC;
    0A6F : 0049FFBB;
    0A70 : 0049FFBB;
    0A71 : 0049FFBB;
    0A72 : 0049FFBB;
    0A73 : 0049FFBB;
    0A74 : 0049FFBB;
    0A75 : 0048FFBB;
    0A76 : 0048FFBB;
    0A77 : 0048FFBB;
    0A78 : 0048FFBB;
    0A79 : 0048FFBB;
    0A7A : 0048FFBB;
    0A7B : 0048FFBB;
    0A7C : 0048FFBB;
    0A7D : 0048FFBB;
    0A7E : 0048FFBB;
    0A7F : 0048FFBA;
    0A80 : 0048FFBA;
    0A81 : 0048FFBA;
    0A82 : 0048FFBA;
    0A83 : 0048FFBA;
    0A84 : 0048FFBA;
    0A85 : 0047FFBA;
    0A86 : 0047FFBA;
    0A87 : 0047FFBA;
    0A88 : 0047FFBA;
    0A89 : 0047FFBA;
    0A8A : 0047FFBA;
    0A8B : 0047FFBA;
    0A8C : 0047FFBA;
    0A8D : 0047FFBA;
    0A8E : 0047FFBA;
    0A8F : 0047FFB9;
    0A90 : 0047FFB9;
    0A91 : 0047FFB9;
    0A92 : 0047FFB9;
    0A93 : 0047FFB9;
    0A94 : 0047FFB9;
    0A95 : 0047FFB9;
    0A96 : 0046FFB9;
    0A97 : 0046FFB9;
    0A98 : 0046FFB9;
    0A99 : 0046FFB9;
    0A9A : 0046FFB9;
    0A9B : 0046FFB9;
    0A9C : 0046FFB9;
    0A9D : 0046FFB9;
    0A9E : 0046FFB9;
    0A9F : 0046FFB8;
    0AA0 : 0046FFB8;
    0AA1 : 0046FFB8;
    0AA2 : 0046FFB8;
    0AA3 : 0046FFB8;
    0AA4 : 0046FFB8;
    0AA5 : 0046FFB8;
    0AA6 : 0045FFB8;
    0AA7 : 0045FFB8;
    0AA8 : 0045FFB8;
    0AA9 : 0045FFB8;
    0AAA : 0045FFB8;
    0AAB : 0045FFB8;
    0AAC : 0045FFB8;
    0AAD : 0045FFB8;
    0AAE : 0045FFB8;
    0AAF : 0045FFB8;
    0AB0 : 0045FFB7;
    0AB1 : 0045FFB7;
    0AB2 : 0045FFB7;
    0AB3 : 0045FFB7;
    0AB4 : 0045FFB7;
    0AB5 : 0044FFB7;
    0AB6 : 0044FFB7;
    0AB7 : 0044FFB7;
    0AB8 : 0044FFB7;
    0AB9 : 0044FFB7;
    0ABA : 0044FFB7;
    0ABB : 0044FFB7;
    0ABC : 0044FFB7;
    0ABD : 0044FFB7;
    0ABE : 0044FFB7;
    0ABF : 0044FFB7;
    0AC0 : 0044FFB6;
    0AC1 : 0044FFB6;
    0AC2 : 0044FFB6;
    0AC3 : 0044FFB6;
    0AC4 : 0044FFB6;
    0AC5 : 0043FFB6;
    0AC6 : 0043FFB6;
    0AC7 : 0043FFB6;
    0AC8 : 0043FFB6;
    0AC9 : 0043FFB6;
    0ACA : 0043FFB6;
    0ACB : 0043FFB6;
    0ACC : 0043FFB6;
    0ACD : 0043FFB6;
    0ACE : 0043FFB6;
    0ACF : 0043FFB6;
    0AD0 : 0043FFB6;
    0AD1 : 0043FFB5;
    0AD2 : 0043FFB5;
    0AD3 : 0043FFB5;
    0AD4 : 0043FFB5;
    0AD5 : 0042FFB5;
    0AD6 : 0042FFB5;
    0AD7 : 0042FFB5;
    0AD8 : 0042FFB5;
    0AD9 : 0042FFB5;
    0ADA : 0042FFB5;
    0ADB : 0042FFB5;
    0ADC : 0042FFB5;
    0ADD : 0042FFB5;
    0ADE : 0042FFB5;
    0ADF : 0042FFB5;
    0AE0 : 0042FFB5;
    0AE1 : 0042FFB5;
    0AE2 : 0042FFB5;
    0AE3 : 0042FFB4;
    0AE4 : 0041FFB4;
    0AE5 : 0041FFB4;
    0AE6 : 0041FFB4;
    0AE7 : 0041FFB4;
    0AE8 : 0041FFB4;
    0AE9 : 0041FFB4;
    0AEA : 0041FFB4;
    0AEB : 0041FFB4;
    0AEC : 0041FFB4;
    0AED : 0041FFB4;
    0AEE : 0041FFB4;
    0AEF : 0041FFB4;
    0AF0 : 0041FFB4;
    0AF1 : 0041FFB4;
    0AF2 : 0041FFB4;
    0AF3 : 0040FFB4;
    0AF4 : 0040FFB3;
    0AF5 : 0040FFB3;
    0AF6 : 0040FFB3;
    0AF7 : 0040FFB3;
    0AF8 : 0040FFB3;
    0AF9 : 0040FFB3;
    0AFA : 0040FFB3;
    0AFB : 0040FFB3;
    0AFC : 0040FFB3;
    0AFD : 0040FFB3;
    0AFE : 0040FFB3;
    0AFF : 0040FFB3;
    0B00 : 0040FFB3;
    0B01 : 0040FFB3;
    0B02 : 003FFFB3;
    0B03 : 003FFFB3;
    0B04 : 003FFFB3;
    0B05 : 003FFFB3;
    0B06 : 003FFFB2;
    0B07 : 003FFFB2;
    0B08 : 003FFFB2;
    0B09 : 003FFFB2;
    0B0A : 003FFFB2;
    0B0B : 003FFFB2;
    0B0C : 003FFFB2;
    0B0D : 003FFFB2;
    0B0E : 003FFFB2;
    0B0F : 003FFFB2;
    0B10 : 003FFFB2;
    0B11 : 003EFFB2;
    0B12 : 003EFFB2;
    0B13 : 003EFFB2;
    0B14 : 003EFFB2;
    0B15 : 003EFFB2;
    0B16 : 003EFFB2;
    0B17 : 003EFFB2;
    0B18 : 003EFFB2;
    0B19 : 003EFFB1;
    0B1A : 003EFFB1;
    0B1B : 003EFFB1;
    0B1C : 003EFFB1;
    0B1D : 003EFFB1;
    0B1E : 003EFFB1;
    0B1F : 003DFFB1;
    0B20 : 003DFFB1;
    0B21 : 003DFFB1;
    0B22 : 003DFFB1;
    0B23 : 003DFFB1;
    0B24 : 003DFFB1;
    0B25 : 003DFFB1;
    0B26 : 003DFFB1;
    0B27 : 003DFFB1;
    0B28 : 003DFFB1;
    0B29 : 003DFFB1;
    0B2A : 003DFFB1;
    0B2B : 003DFFB1;
    0B2C : 003DFFB0;
    0B2D : 003DFFB0;
    0B2E : 003CFFB0;
    0B2F : 003CFFB0;
    0B30 : 003CFFB0;
    0B31 : 003CFFB0;
    0B32 : 003CFFB0;
    0B33 : 003CFFB0;
    0B34 : 003CFFB0;
    0B35 : 003CFFB0;
    0B36 : 003CFFB0;
    0B37 : 003CFFB0;
    0B38 : 003CFFB0;
    0B39 : 003CFFB0;
    0B3A : 003CFFB0;
    0B3B : 003CFFB0;
    0B3C : 003BFFB0;
    0B3D : 003BFFB0;
    0B3E : 003BFFB0;
    0B3F : 003BFFAF;
    0B40 : 003BFFAF;
    0B41 : 003BFFAF;
    0B42 : 003BFFAF;
    0B43 : 003BFFAF;
    0B44 : 003BFFAF;
    0B45 : 003BFFAF;
    0B46 : 003BFFAF;
    0B47 : 003BFFAF;
    0B48 : 003BFFAF;
    0B49 : 003BFFAF;
    0B4A : 003AFFAF;
    0B4B : 003AFFAF;
    0B4C : 003AFFAF;
    0B4D : 003AFFAF;
    0B4E : 003AFFAF;
    0B4F : 003AFFAF;
    0B50 : 003AFFAF;
    0B51 : 003AFFAF;
    0B52 : 003AFFAE;
    0B53 : 003AFFAE;
    0B54 : 003AFFAE;
    0B55 : 003AFFAE;
    0B56 : 003AFFAE;
    0B57 : 003AFFAE;
    0B58 : 003AFFAE;
    0B59 : 0039FFAE;
    0B5A : 0039FFAE;
    0B5B : 0039FFAE;
    0B5C : 0039FFAE;
    0B5D : 0039FFAE;
    0B5E : 0039FFAE;
    0B5F : 0039FFAE;
    0B60 : 0039FFAE;
    0B61 : 0039FFAE;
    0B62 : 0039FFAE;
    0B63 : 0039FFAE;
    0B64 : 0039FFAE;
    0B65 : 0039FFAE;
    0B66 : 0039FFAD;
    0B67 : 0038FFAD;
    0B68 : 0038FFAD;
    0B69 : 0038FFAD;
    0B6A : 0038FFAD;
    0B6B : 0038FFAD;
    0B6C : 0038FFAD;
    0B6D : 0038FFAD;
    0B6E : 0038FFAD;
    0B6F : 0038FFAD;
    0B70 : 0038FFAD;
    0B71 : 0038FFAD;
    0B72 : 0038FFAD;
    0B73 : 0038FFAD;
    0B74 : 0037FFAD;
    0B75 : 0037FFAD;
    0B76 : 0037FFAD;
    0B77 : 0037FFAD;
    0B78 : 0037FFAD;
    0B79 : 0037FFAD;
    0B7A : 0037FFAD;
    0B7B : 0037FFAC;
    0B7C : 0037FFAC;
    0B7D : 0037FFAC;
    0B7E : 0037FFAC;
    0B7F : 0037FFAC;
    0B80 : 0037FFAC;
    0B81 : 0037FFAC;
    0B82 : 0036FFAC;
    0B83 : 0036FFAC;
    0B84 : 0036FFAC;
    0B85 : 0036FFAC;
    0B86 : 0036FFAC;
    0B87 : 0036FFAC;
    0B88 : 0036FFAC;
    0B89 : 0036FFAC;
    0B8A : 0036FFAC;
    0B8B : 0036FFAC;
    0B8C : 0036FFAC;
    0B8D : 0036FFAC;
    0B8E : 0036FFAC;
    0B8F : 0036FFAC;
    0B90 : 0035FFAB;
    0B91 : 0035FFAB;
    0B92 : 0035FFAB;
    0B93 : 0035FFAB;
    0B94 : 0035FFAB;
    0B95 : 0035FFAB;
    0B96 : 0035FFAB;
    0B97 : 0035FFAB;
    0B98 : 0035FFAB;
    0B99 : 0035FFAB;
    0B9A : 0035FFAB;
    0B9B : 0035FFAB;
    0B9C : 0035FFAB;
    0B9D : 0034FFAB;
    0B9E : 0034FFAB;
    0B9F : 0034FFAB;
    0BA0 : 0034FFAB;
    0BA1 : 0034FFAB;
    0BA2 : 0034FFAB;
    0BA3 : 0034FFAB;
    0BA4 : 0034FFAB;
    0BA5 : 0034FFAB;
    0BA6 : 0034FFAA;
    0BA7 : 0034FFAA;
    0BA8 : 0034FFAA;
    0BA9 : 0034FFAA;
    0BAA : 0034FFAA;
    0BAB : 0033FFAA;
    0BAC : 0033FFAA;
    0BAD : 0033FFAA;
    0BAE : 0033FFAA;
    0BAF : 0033FFAA;
    0BB0 : 0033FFAA;
    0BB1 : 0033FFAA;
    0BB2 : 0033FFAA;
    0BB3 : 0033FFAA;
    0BB4 : 0033FFAA;
    0BB5 : 0033FFAA;
    0BB6 : 0033FFAA;
    0BB7 : 0033FFAA;
    0BB8 : 0032FFAA;
    0BB9 : 0032FFAA;
    0BBA : 0032FFAA;
    0BBB : 0032FFAA;
    0BBC : 0032FFA9;
    0BBD : 0032FFA9;
    0BBE : 0032FFA9;
    0BBF : 0032FFA9;
    0BC0 : 0032FFA9;
    0BC1 : 0032FFA9;
    0BC2 : 0032FFA9;
    0BC3 : 0032FFA9;
    0BC4 : 0032FFA9;
    0BC5 : 0031FFA9;
    0BC6 : 0031FFA9;
    0BC7 : 0031FFA9;
    0BC8 : 0031FFA9;
    0BC9 : 0031FFA9;
    0BCA : 0031FFA9;
    0BCB : 0031FFA9;
    0BCC : 0031FFA9;
    0BCD : 0031FFA9;
    0BCE : 0031FFA9;
    0BCF : 0031FFA9;
    0BD0 : 0031FFA9;
    0BD1 : 0031FFA9;
    0BD2 : 0031FFA9;
    0BD3 : 0030FFA9;
    0BD4 : 0030FFA8;
    0BD5 : 0030FFA8;
    0BD6 : 0030FFA8;
    0BD7 : 0030FFA8;
    0BD8 : 0030FFA8;
    0BD9 : 0030FFA8;
    0BDA : 0030FFA8;
    0BDB : 0030FFA8;
    0BDC : 0030FFA8;
    0BDD : 0030FFA8;
    0BDE : 0030FFA8;
    0BDF : 0030FFA8;
    0BE0 : 002FFFA8;
    0BE1 : 002FFFA8;
    0BE2 : 002FFFA8;
    0BE3 : 002FFFA8;
    0BE4 : 002FFFA8;
    0BE5 : 002FFFA8;
    0BE6 : 002FFFA8;
    0BE7 : 002FFFA8;
    0BE8 : 002FFFA8;
    0BE9 : 002FFFA8;
    0BEA : 002FFFA8;
    0BEB : 002FFFA8;
    0BEC : 002FFFA7;
    0BED : 002EFFA7;
    0BEE : 002EFFA7;
    0BEF : 002EFFA7;
    0BF0 : 002EFFA7;
    0BF1 : 002EFFA7;
    0BF2 : 002EFFA7;
    0BF3 : 002EFFA7;
    0BF4 : 002EFFA7;
    0BF5 : 002EFFA7;
    0BF6 : 002EFFA7;
    0BF7 : 002EFFA7;
    0BF8 : 002EFFA7;
    0BF9 : 002EFFA7;
    0BFA : 002DFFA7;
    0BFB : 002DFFA7;
    0BFC : 002DFFA7;
    0BFD : 002DFFA7;
    0BFE : 002DFFA7;
    0BFF : 002DFFA7;
    0C00 : 002DFFA7;
    0C01 : 002DFFA7;
    0C02 : 002DFFA7;
    0C03 : 002DFFA7;
    0C04 : 002DFFA7;
    0C05 : 002DFFA6;
    0C06 : 002CFFA6;
    0C07 : 002CFFA6;
    0C08 : 002CFFA6;
    0C09 : 002CFFA6;
    0C0A : 002CFFA6;
    0C0B : 002CFFA6;
    0C0C : 002CFFA6;
    0C0D : 002CFFA6;
    0C0E : 002CFFA6;
    0C0F : 002CFFA6;
    0C10 : 002CFFA6;
    0C11 : 002CFFA6;
    0C12 : 002CFFA6;
    0C13 : 002BFFA6;
    0C14 : 002BFFA6;
    0C15 : 002BFFA6;
    0C16 : 002BFFA6;
    0C17 : 002BFFA6;
    0C18 : 002BFFA6;
    0C19 : 002BFFA6;
    0C1A : 002BFFA6;
    0C1B : 002BFFA6;
    0C1C : 002BFFA6;
    0C1D : 002BFFA6;
    0C1E : 002BFFA6;
    0C1F : 002BFFA5;
    0C20 : 002AFFA5;
    0C21 : 002AFFA5;
    0C22 : 002AFFA5;
    0C23 : 002AFFA5;
    0C24 : 002AFFA5;
    0C25 : 002AFFA5;
    0C26 : 002AFFA5;
    0C27 : 002AFFA5;
    0C28 : 002AFFA5;
    0C29 : 002AFFA5;
    0C2A : 002AFFA5;
    0C2B : 002AFFA5;
    0C2C : 002AFFA5;
    0C2D : 0029FFA5;
    0C2E : 0029FFA5;
    0C2F : 0029FFA5;
    0C30 : 0029FFA5;
    0C31 : 0029FFA5;
    0C32 : 0029FFA5;
    0C33 : 0029FFA5;
    0C34 : 0029FFA5;
    0C35 : 0029FFA5;
    0C36 : 0029FFA5;
    0C37 : 0029FFA5;
    0C38 : 0029FFA5;
    0C39 : 0028FFA5;
    0C3A : 0028FFA5;
    0C3B : 0028FFA4;
    0C3C : 0028FFA4;
    0C3D : 0028FFA4;
    0C3E : 0028FFA4;
    0C3F : 0028FFA4;
    0C40 : 0028FFA4;
    0C41 : 0028FFA4;
    0C42 : 0028FFA4;
    0C43 : 0028FFA4;
    0C44 : 0028FFA4;
    0C45 : 0028FFA4;
    0C46 : 0027FFA4;
    0C47 : 0027FFA4;
    0C48 : 0027FFA4;
    0C49 : 0027FFA4;
    0C4A : 0027FFA4;
    0C4B : 0027FFA4;
    0C4C : 0027FFA4;
    0C4D : 0027FFA4;
    0C4E : 0027FFA4;
    0C4F : 0027FFA4;
    0C50 : 0027FFA4;
    0C51 : 0027FFA4;
    0C52 : 0026FFA4;
    0C53 : 0026FFA4;
    0C54 : 0026FFA4;
    0C55 : 0026FFA4;
    0C56 : 0026FFA4;
    0C57 : 0026FFA4;
    0C58 : 0026FFA3;
    0C59 : 0026FFA3;
    0C5A : 0026FFA3;
    0C5B : 0026FFA3;
    0C5C : 0026FFA3;
    0C5D : 0026FFA3;
    0C5E : 0026FFA3;
    0C5F : 0025FFA3;
    0C60 : 0025FFA3;
    0C61 : 0025FFA3;
    0C62 : 0025FFA3;
    0C63 : 0025FFA3;
    0C64 : 0025FFA3;
    0C65 : 0025FFA3;
    0C66 : 0025FFA3;
    0C67 : 0025FFA3;
    0C68 : 0025FFA3;
    0C69 : 0025FFA3;
    0C6A : 0025FFA3;
    0C6B : 0024FFA3;
    0C6C : 0024FFA3;
    0C6D : 0024FFA3;
    0C6E : 0024FFA3;
    0C6F : 0024FFA3;
    0C70 : 0024FFA3;
    0C71 : 0024FFA3;
    0C72 : 0024FFA3;
    0C73 : 0024FFA3;
    0C74 : 0024FFA3;
    0C75 : 0024FFA3;
    0C76 : 0024FFA3;
    0C77 : 0023FFA3;
    0C78 : 0023FFA2;
    0C79 : 0023FFA2;
    0C7A : 0023FFA2;
    0C7B : 0023FFA2;
    0C7C : 0023FFA2;
    0C7D : 0023FFA2;
    0C7E : 0023FFA2;
    0C7F : 0023FFA2;
    0C80 : 0023FFA2;
    0C81 : 0023FFA2;
    0C82 : 0023FFA2;
    0C83 : 0023FFA2;
    0C84 : 0022FFA2;
    0C85 : 0022FFA2;
    0C86 : 0022FFA2;
    0C87 : 0022FFA2;
    0C88 : 0022FFA2;
    0C89 : 0022FFA2;
    0C8A : 0022FFA2;
    0C8B : 0022FFA2;
    0C8C : 0022FFA2;
    0C8D : 0022FFA2;
    0C8E : 0022FFA2;
    0C8F : 0022FFA2;
    0C90 : 0021FFA2;
    0C91 : 0021FFA2;
    0C92 : 0021FFA2;
    0C93 : 0021FFA2;
    0C94 : 0021FFA2;
    0C95 : 0021FFA2;
    0C96 : 0021FFA2;
    0C97 : 0021FFA2;
    0C98 : 0021FFA2;
    0C99 : 0021FFA1;
    0C9A : 0021FFA1;
    0C9B : 0021FFA1;
    0C9C : 0020FFA1;
    0C9D : 0020FFA1;
    0C9E : 0020FFA1;
    0C9F : 0020FFA1;
    0CA0 : 0020FFA1;
    0CA1 : 0020FFA1;
    0CA2 : 0020FFA1;
    0CA3 : 0020FFA1;
    0CA4 : 0020FFA1;
    0CA5 : 0020FFA1;
    0CA6 : 0020FFA1;
    0CA7 : 0020FFA1;
    0CA8 : 001FFFA1;
    0CA9 : 001FFFA1;
    0CAA : 001FFFA1;
    0CAB : 001FFFA1;
    0CAC : 001FFFA1;
    0CAD : 001FFFA1;
    0CAE : 001FFFA1;
    0CAF : 001FFFA1;
    0CB0 : 001FFFA1;
    0CB1 : 001FFFA1;
    0CB2 : 001FFFA1;
    0CB3 : 001FFFA1;
    0CB4 : 001EFFA1;
    0CB5 : 001EFFA1;
    0CB6 : 001EFFA1;
    0CB7 : 001EFFA1;
    0CB8 : 001EFFA1;
    0CB9 : 001EFFA1;
    0CBA : 001EFFA1;
    0CBB : 001EFFA1;
    0CBC : 001EFFA1;
    0CBD : 001EFFA1;
    0CBE : 001EFFA0;
    0CBF : 001EFFA0;
    0CC0 : 001DFFA0;
    0CC1 : 001DFFA0;
    0CC2 : 001DFFA0;
    0CC3 : 001DFFA0;
    0CC4 : 001DFFA0;
    0CC5 : 001DFFA0;
    0CC6 : 001DFFA0;
    0CC7 : 001DFFA0;
    0CC8 : 001DFFA0;
    0CC9 : 001DFFA0;
    0CCA : 001DFFA0;
    0CCB : 001DFFA0;
    0CCC : 001CFFA0;
    0CCD : 001CFFA0;
    0CCE : 001CFFA0;
    0CCF : 001CFFA0;
    0CD0 : 001CFFA0;
    0CD1 : 001CFFA0;
    0CD2 : 001CFFA0;
    0CD3 : 001CFFA0;
    0CD4 : 001CFFA0;
    0CD5 : 001CFFA0;
    0CD6 : 001CFFA0;
    0CD7 : 001CFFA0;
    0CD8 : 001BFFA0;
    0CD9 : 001BFFA0;
    0CDA : 001BFFA0;
    0CDB : 001BFFA0;
    0CDC : 001BFFA0;
    0CDD : 001BFFA0;
    0CDE : 001BFFA0;
    0CDF : 001BFFA0;
    0CE0 : 001BFFA0;
    0CE1 : 001BFFA0;
    0CE2 : 001BFFA0;
    0CE3 : 001BFFA0;
    0CE4 : 001AFFA0;
    0CE5 : 001AFFA0;
    0CE6 : 001AFFA0;
    0CE7 : 001AFF9F;
    0CE8 : 001AFF9F;
    0CE9 : 001AFF9F;
    0CEA : 001AFF9F;
    0CEB : 001AFF9F;
    0CEC : 001AFF9F;
    0CED : 001AFF9F;
    0CEE : 001AFF9F;
    0CEF : 001AFF9F;
    0CF0 : 0019FF9F;
    0CF1 : 0019FF9F;
    0CF2 : 0019FF9F;
    0CF3 : 0019FF9F;
    0CF4 : 0019FF9F;
    0CF5 : 0019FF9F;
    0CF6 : 0019FF9F;
    0CF7 : 0019FF9F;
    0CF8 : 0019FF9F;
    0CF9 : 0019FF9F;
    0CFA : 0019FF9F;
    0CFB : 0019FF9F;
    0CFC : 0018FF9F;
    0CFD : 0018FF9F;
    0CFE : 0018FF9F;
    0CFF : 0018FF9F;
    0D00 : 0018FF9F;
    0D01 : 0018FF9F;
    0D02 : 0018FF9F;
    0D03 : 0018FF9F;
    0D04 : 0018FF9F;
    0D05 : 0018FF9F;
    0D06 : 0018FF9F;
    0D07 : 0018FF9F;
    0D08 : 0017FF9F;
    0D09 : 0017FF9F;
    0D0A : 0017FF9F;
    0D0B : 0017FF9F;
    0D0C : 0017FF9F;
    0D0D : 0017FF9F;
    0D0E : 0017FF9F;
    0D0F : 0017FF9F;
    0D10 : 0017FF9F;
    0D11 : 0017FF9F;
    0D12 : 0017FF9F;
    0D13 : 0016FF9F;
    0D14 : 0016FF9F;
    0D15 : 0016FF9F;
    0D16 : 0016FF9F;
    0D17 : 0016FF9E;
    0D18 : 0016FF9E;
    0D19 : 0016FF9E;
    0D1A : 0016FF9E;
    0D1B : 0016FF9E;
    0D1C : 0016FF9E;
    0D1D : 0016FF9E;
    0D1E : 0016FF9E;
    0D1F : 0015FF9E;
    0D20 : 0015FF9E;
    0D21 : 0015FF9E;
    0D22 : 0015FF9E;
    0D23 : 0015FF9E;
    0D24 : 0015FF9E;
    0D25 : 0015FF9E;
    0D26 : 0015FF9E;
    0D27 : 0015FF9E;
    0D28 : 0015FF9E;
    0D29 : 0015FF9E;
    0D2A : 0015FF9E;
    0D2B : 0014FF9E;
    0D2C : 0014FF9E;
    0D2D : 0014FF9E;
    0D2E : 0014FF9E;
    0D2F : 0014FF9E;
    0D30 : 0014FF9E;
    0D31 : 0014FF9E;
    0D32 : 0014FF9E;
    0D33 : 0014FF9E;
    0D34 : 0014FF9E;
    0D35 : 0014FF9E;
    0D36 : 0014FF9E;
    0D37 : 0013FF9E;
    0D38 : 0013FF9E;
    0D39 : 0013FF9E;
    0D3A : 0013FF9E;
    0D3B : 0013FF9E;
    0D3C : 0013FF9E;
    0D3D : 0013FF9E;
    0D3E : 0013FF9E;
    0D3F : 0013FF9E;
    0D40 : 0013FF9E;
    0D41 : 0013FF9E;
    0D42 : 0012FF9E;
    0D43 : 0012FF9E;
    0D44 : 0012FF9E;
    0D45 : 0012FF9E;
    0D46 : 0012FF9E;
    0D47 : 0012FF9E;
    0D48 : 0012FF9E;
    0D49 : 0012FF9E;
    0D4A : 0012FF9E;
    0D4B : 0012FF9E;
    0D4C : 0012FF9E;
    0D4D : 0012FF9E;
    0D4E : 0011FF9E;
    0D4F : 0011FF9E;
    0D50 : 0011FF9E;
    0D51 : 0011FF9D;
    0D52 : 0011FF9D;
    0D53 : 0011FF9D;
    0D54 : 0011FF9D;
    0D55 : 0011FF9D;
    0D56 : 0011FF9D;
    0D57 : 0011FF9D;
    0D58 : 0011FF9D;
    0D59 : 0011FF9D;
    0D5A : 0010FF9D;
    0D5B : 0010FF9D;
    0D5C : 0010FF9D;
    0D5D : 0010FF9D;
    0D5E : 0010FF9D;
    0D5F : 0010FF9D;
    0D60 : 0010FF9D;
    0D61 : 0010FF9D;
    0D62 : 0010FF9D;
    0D63 : 0010FF9D;
    0D64 : 0010FF9D;
    0D65 : 000FFF9D;
    0D66 : 000FFF9D;
    0D67 : 000FFF9D;
    0D68 : 000FFF9D;
    0D69 : 000FFF9D;
    0D6A : 000FFF9D;
    0D6B : 000FFF9D;
    0D6C : 000FFF9D;
    0D6D : 000FFF9D;
    0D6E : 000FFF9D;
    0D6F : 000FFF9D;
    0D70 : 000FFF9D;
    0D71 : 000EFF9D;
    0D72 : 000EFF9D;
    0D73 : 000EFF9D;
    0D74 : 000EFF9D;
    0D75 : 000EFF9D;
    0D76 : 000EFF9D;
    0D77 : 000EFF9D;
    0D78 : 000EFF9D;
    0D79 : 000EFF9D;
    0D7A : 000EFF9D;
    0D7B : 000EFF9D;
    0D7C : 000EFF9D;
    0D7D : 000DFF9D;
    0D7E : 000DFF9D;
    0D7F : 000DFF9D;
    0D80 : 000DFF9D;
    0D81 : 000DFF9D;
    0D82 : 000DFF9D;
    0D83 : 000DFF9D;
    0D84 : 000DFF9D;
    0D85 : 000DFF9D;
    0D86 : 000DFF9D;
    0D87 : 000DFF9D;
    0D88 : 000CFF9D;
    0D89 : 000CFF9D;
    0D8A : 000CFF9D;
    0D8B : 000CFF9D;
    0D8C : 000CFF9D;
    0D8D : 000CFF9D;
    0D8E : 000CFF9D;
    0D8F : 000CFF9D;
    0D90 : 000CFF9D;
    0D91 : 000CFF9D;
    0D92 : 000CFF9D;
    0D93 : 000CFF9D;
    0D94 : 000BFF9D;
    0D95 : 000BFF9D;
    0D96 : 000BFF9D;
    0D97 : 000BFF9D;
    0D98 : 000BFF9D;
    0D99 : 000BFF9D;
    0D9A : 000BFF9D;
    0D9B : 000BFF9D;
    0D9C : 000BFF9D;
    0D9D : 000BFF9D;
    0D9E : 000BFF9D;
    0D9F : 000AFF9D;
    0DA0 : 000AFF9D;
    0DA1 : 000AFF9D;
    0DA2 : 000AFF9D;
    0DA3 : 000AFF9D;
    0DA4 : 000AFF9D;
    0DA5 : 000AFF9C;
    0DA6 : 000AFF9C;
    0DA7 : 000AFF9C;
    0DA8 : 000AFF9C;
    0DA9 : 000AFF9C;
    0DAA : 000AFF9C;
    0DAB : 0009FF9C;
    0DAC : 0009FF9C;
    0DAD : 0009FF9C;
    0DAE : 0009FF9C;
    0DAF : 0009FF9C;
    0DB0 : 0009FF9C;
    0DB1 : 0009FF9C;
    0DB2 : 0009FF9C;
    0DB3 : 0009FF9C;
    0DB4 : 0009FF9C;
    0DB5 : 0009FF9C;
    0DB6 : 0008FF9C;
    0DB7 : 0008FF9C;
    0DB8 : 0008FF9C;
    0DB9 : 0008FF9C;
    0DBA : 0008FF9C;
    0DBB : 0008FF9C;
    0DBC : 0008FF9C;
    0DBD : 0008FF9C;
    0DBE : 0008FF9C;
    0DBF : 0008FF9C;
    0DC0 : 0008FF9C;
    0DC1 : 0008FF9C;
    0DC2 : 0007FF9C;
    0DC3 : 0007FF9C;
    0DC4 : 0007FF9C;
    0DC5 : 0007FF9C;
    0DC6 : 0007FF9C;
    0DC7 : 0007FF9C;
    0DC8 : 0007FF9C;
    0DC9 : 0007FF9C;
    0DCA : 0007FF9C;
    0DCB : 0007FF9C;
    0DCC : 0007FF9C;
    0DCD : 0006FF9C;
    0DCE : 0006FF9C;
    0DCF : 0006FF9C;
    0DD0 : 0006FF9C;
    0DD1 : 0006FF9C;
    0DD2 : 0006FF9C;
    0DD3 : 0006FF9C;
    0DD4 : 0006FF9C;
    0DD5 : 0006FF9C;
    0DD6 : 0006FF9C;
    0DD7 : 0006FF9C;
    0DD8 : 0006FF9C;
    0DD9 : 0005FF9C;
    0DDA : 0005FF9C;
    0DDB : 0005FF9C;
    0DDC : 0005FF9C;
    0DDD : 0005FF9C;
    0DDE : 0005FF9C;
    0DDF : 0005FF9C;
    0DE0 : 0005FF9C;
    0DE1 : 0005FF9C;
    0DE2 : 0005FF9C;
    0DE3 : 0005FF9C;
    0DE4 : 0004FF9C;
    0DE5 : 0004FF9C;
    0DE6 : 0004FF9C;
    0DE7 : 0004FF9C;
    0DE8 : 0004FF9C;
    0DE9 : 0004FF9C;
    0DEA : 0004FF9C;
    0DEB : 0004FF9C;
    0DEC : 0004FF9C;
    0DED : 0004FF9C;
    0DEE : 0004FF9C;
    0DEF : 0004FF9C;
    0DF0 : 0003FF9C;
    0DF1 : 0003FF9C;
    0DF2 : 0003FF9C;
    0DF3 : 0003FF9C;
    0DF4 : 0003FF9C;
    0DF5 : 0003FF9C;
    0DF6 : 0003FF9C;
    0DF7 : 0003FF9C;
    0DF8 : 0003FF9C;
    0DF9 : 0003FF9C;
    0DFA : 0003FF9C;
    0DFB : 0002FF9C;
    0DFC : 0002FF9C;
    0DFD : 0002FF9C;
    0DFE : 0002FF9C;
    0DFF : 0002FF9C;
    0E00 : 0002FF9C;
    0E01 : 0002FF9C;
    0E02 : 0002FF9C;
    0E03 : 0002FF9C;
    0E04 : 0002FF9C;
    0E05 : 0002FF9C;
    0E06 : 0002FF9C;
    0E07 : 0001FF9C;
    0E08 : 0001FF9C;
    0E09 : 0001FF9C;
    0E0A : 0001FF9C;
    0E0B : 0001FF9C;
    0E0C : 0001FF9C;
    0E0D : 0001FF9C;
    0E0E : 0001FF9C;
    0E0F : 0001FF9C;
    0E10 : 0001FF9C;
    0E11 : 0001FF9C;
    0E12 : 0000FF9C;
    0E13 : 0000FF9C;
    0E14 : 0000FF9C;
    0E15 : 0000FF9C;
    0E16 : 0000FF9C;
    0E17 : 0000FF9C;
    0E18 : 0000FF9C;
    0E19 : 0000FF9C;
    0E1A : 0000FF9C;
    0E1B : 0000FF9C;
    0E1C : 0000FF9C;
    0E1D : 0000FF9C;
    0E1E : FFFFFF9C;
    0E1F : FFFFFF9C;
    0E20 : FFFFFF9C;
    0E21 : FFFFFF9C;
    0E22 : FFFFFF9C;
    0E23 : FFFFFF9C;
    0E24 : FFFFFF9C;
    0E25 : FFFFFF9C;
    0E26 : FFFFFF9C;
    0E27 : FFFFFF9C;
    0E28 : FFFFFF9C;
    0E29 : FFFEFF9C;
    0E2A : FFFEFF9C;
    0E2B : FFFEFF9C;
    0E2C : FFFEFF9C;
    0E2D : FFFEFF9C;
    0E2E : FFFEFF9C;
    0E2F : FFFEFF9C;
    0E30 : FFFEFF9C;
    0E31 : FFFEFF9C;
    0E32 : FFFEFF9C;
    0E33 : FFFEFF9C;
    0E34 : FFFEFF9C;
    0E35 : FFFDFF9C;
    0E36 : FFFDFF9C;
    0E37 : FFFDFF9C;
    0E38 : FFFDFF9C;
    0E39 : FFFDFF9C;
    0E3A : FFFDFF9C;
    0E3B : FFFDFF9C;
    0E3C : FFFDFF9C;
    0E3D : FFFDFF9C;
    0E3E : FFFDFF9C;
    0E3F : FFFDFF9C;
    0E40 : FFFCFF9C;
    0E41 : FFFCFF9C;
    0E42 : FFFCFF9C;
    0E43 : FFFCFF9C;
    0E44 : FFFCFF9C;
    0E45 : FFFCFF9C;
    0E46 : FFFCFF9C;
    0E47 : FFFCFF9C;
    0E48 : FFFCFF9C;
    0E49 : FFFCFF9C;
    0E4A : FFFCFF9C;
    0E4B : FFFCFF9C;
    0E4C : FFFBFF9C;
    0E4D : FFFBFF9C;
    0E4E : FFFBFF9C;
    0E4F : FFFBFF9C;
    0E50 : FFFBFF9C;
    0E51 : FFFBFF9C;
    0E52 : FFFBFF9C;
    0E53 : FFFBFF9C;
    0E54 : FFFBFF9C;
    0E55 : FFFBFF9C;
    0E56 : FFFBFF9C;
    0E57 : FFFAFF9C;
    0E58 : FFFAFF9C;
    0E59 : FFFAFF9C;
    0E5A : FFFAFF9C;
    0E5B : FFFAFF9C;
    0E5C : FFFAFF9C;
    0E5D : FFFAFF9C;
    0E5E : FFFAFF9C;
    0E5F : FFFAFF9C;
    0E60 : FFFAFF9C;
    0E61 : FFFAFF9C;
    0E62 : FFFAFF9C;
    0E63 : FFF9FF9C;
    0E64 : FFF9FF9C;
    0E65 : FFF9FF9C;
    0E66 : FFF9FF9C;
    0E67 : FFF9FF9C;
    0E68 : FFF9FF9C;
    0E69 : FFF9FF9C;
    0E6A : FFF9FF9C;
    0E6B : FFF9FF9C;
    0E6C : FFF9FF9C;
    0E6D : FFF9FF9C;
    0E6E : FFF8FF9C;
    0E6F : FFF8FF9C;
    0E70 : FFF8FF9C;
    0E71 : FFF8FF9C;
    0E72 : FFF8FF9C;
    0E73 : FFF8FF9C;
    0E74 : FFF8FF9C;
    0E75 : FFF8FF9C;
    0E76 : FFF8FF9C;
    0E77 : FFF8FF9C;
    0E78 : FFF8FF9C;
    0E79 : FFF8FF9C;
    0E7A : FFF7FF9C;
    0E7B : FFF7FF9C;
    0E7C : FFF7FF9C;
    0E7D : FFF7FF9C;
    0E7E : FFF7FF9C;
    0E7F : FFF7FF9C;
    0E80 : FFF7FF9C;
    0E81 : FFF7FF9C;
    0E82 : FFF7FF9C;
    0E83 : FFF7FF9C;
    0E84 : FFF7FF9C;
    0E85 : FFF6FF9C;
    0E86 : FFF6FF9C;
    0E87 : FFF6FF9C;
    0E88 : FFF6FF9C;
    0E89 : FFF6FF9C;
    0E8A : FFF6FF9C;
    0E8B : FFF6FF9D;
    0E8C : FFF6FF9D;
    0E8D : FFF6FF9D;
    0E8E : FFF6FF9D;
    0E8F : FFF6FF9D;
    0E90 : FFF6FF9D;
    0E91 : FFF5FF9D;
    0E92 : FFF5FF9D;
    0E93 : FFF5FF9D;
    0E94 : FFF5FF9D;
    0E95 : FFF5FF9D;
    0E96 : FFF5FF9D;
    0E97 : FFF5FF9D;
    0E98 : FFF5FF9D;
    0E99 : FFF5FF9D;
    0E9A : FFF5FF9D;
    0E9B : FFF5FF9D;
    0E9C : FFF4FF9D;
    0E9D : FFF4FF9D;
    0E9E : FFF4FF9D;
    0E9F : FFF4FF9D;
    0EA0 : FFF4FF9D;
    0EA1 : FFF4FF9D;
    0EA2 : FFF4FF9D;
    0EA3 : FFF4FF9D;
    0EA4 : FFF4FF9D;
    0EA5 : FFF4FF9D;
    0EA6 : FFF4FF9D;
    0EA7 : FFF4FF9D;
    0EA8 : FFF3FF9D;
    0EA9 : FFF3FF9D;
    0EAA : FFF3FF9D;
    0EAB : FFF3FF9D;
    0EAC : FFF3FF9D;
    0EAD : FFF3FF9D;
    0EAE : FFF3FF9D;
    0EAF : FFF3FF9D;
    0EB0 : FFF3FF9D;
    0EB1 : FFF3FF9D;
    0EB2 : FFF3FF9D;
    0EB3 : FFF2FF9D;
    0EB4 : FFF2FF9D;
    0EB5 : FFF2FF9D;
    0EB6 : FFF2FF9D;
    0EB7 : FFF2FF9D;
    0EB8 : FFF2FF9D;
    0EB9 : FFF2FF9D;
    0EBA : FFF2FF9D;
    0EBB : FFF2FF9D;
    0EBC : FFF2FF9D;
    0EBD : FFF2FF9D;
    0EBE : FFF2FF9D;
    0EBF : FFF1FF9D;
    0EC0 : FFF1FF9D;
    0EC1 : FFF1FF9D;
    0EC2 : FFF1FF9D;
    0EC3 : FFF1FF9D;
    0EC4 : FFF1FF9D;
    0EC5 : FFF1FF9D;
    0EC6 : FFF1FF9D;
    0EC7 : FFF1FF9D;
    0EC8 : FFF1FF9D;
    0EC9 : FFF1FF9D;
    0ECA : FFF1FF9D;
    0ECB : FFF0FF9D;
    0ECC : FFF0FF9D;
    0ECD : FFF0FF9D;
    0ECE : FFF0FF9D;
    0ECF : FFF0FF9D;
    0ED0 : FFF0FF9D;
    0ED1 : FFF0FF9D;
    0ED2 : FFF0FF9D;
    0ED3 : FFF0FF9D;
    0ED4 : FFF0FF9D;
    0ED5 : FFF0FF9D;
    0ED6 : FFEFFF9D;
    0ED7 : FFEFFF9D;
    0ED8 : FFEFFF9D;
    0ED9 : FFEFFF9D;
    0EDA : FFEFFF9D;
    0EDB : FFEFFF9D;
    0EDC : FFEFFF9D;
    0EDD : FFEFFF9D;
    0EDE : FFEFFF9D;
    0EDF : FFEFFF9E;
    0EE0 : FFEFFF9E;
    0EE1 : FFEFFF9E;
    0EE2 : FFEEFF9E;
    0EE3 : FFEEFF9E;
    0EE4 : FFEEFF9E;
    0EE5 : FFEEFF9E;
    0EE6 : FFEEFF9E;
    0EE7 : FFEEFF9E;
    0EE8 : FFEEFF9E;
    0EE9 : FFEEFF9E;
    0EEA : FFEEFF9E;
    0EEB : FFEEFF9E;
    0EEC : FFEEFF9E;
    0EED : FFEEFF9E;
    0EEE : FFEDFF9E;
    0EEF : FFEDFF9E;
    0EF0 : FFEDFF9E;
    0EF1 : FFEDFF9E;
    0EF2 : FFEDFF9E;
    0EF3 : FFEDFF9E;
    0EF4 : FFEDFF9E;
    0EF5 : FFEDFF9E;
    0EF6 : FFEDFF9E;
    0EF7 : FFEDFF9E;
    0EF8 : FFEDFF9E;
    0EF9 : FFECFF9E;
    0EFA : FFECFF9E;
    0EFB : FFECFF9E;
    0EFC : FFECFF9E;
    0EFD : FFECFF9E;
    0EFE : FFECFF9E;
    0EFF : FFECFF9E;
    0F00 : FFECFF9E;
    0F01 : FFECFF9E;
    0F02 : FFECFF9E;
    0F03 : FFECFF9E;
    0F04 : FFECFF9E;
    0F05 : FFEBFF9E;
    0F06 : FFEBFF9E;
    0F07 : FFEBFF9E;
    0F08 : FFEBFF9E;
    0F09 : FFEBFF9E;
    0F0A : FFEBFF9E;
    0F0B : FFEBFF9E;
    0F0C : FFEBFF9E;
    0F0D : FFEBFF9E;
    0F0E : FFEBFF9E;
    0F0F : FFEBFF9E;
    0F10 : FFEBFF9E;
    0F11 : FFEAFF9E;
    0F12 : FFEAFF9E;
    0F13 : FFEAFF9E;
    0F14 : FFEAFF9E;
    0F15 : FFEAFF9E;
    0F16 : FFEAFF9E;
    0F17 : FFEAFF9E;
    0F18 : FFEAFF9E;
    0F19 : FFEAFF9F;
    0F1A : FFEAFF9F;
    0F1B : FFEAFF9F;
    0F1C : FFEAFF9F;
    0F1D : FFE9FF9F;
    0F1E : FFE9FF9F;
    0F1F : FFE9FF9F;
    0F20 : FFE9FF9F;
    0F21 : FFE9FF9F;
    0F22 : FFE9FF9F;
    0F23 : FFE9FF9F;
    0F24 : FFE9FF9F;
    0F25 : FFE9FF9F;
    0F26 : FFE9FF9F;
    0F27 : FFE9FF9F;
    0F28 : FFE8FF9F;
    0F29 : FFE8FF9F;
    0F2A : FFE8FF9F;
    0F2B : FFE8FF9F;
    0F2C : FFE8FF9F;
    0F2D : FFE8FF9F;
    0F2E : FFE8FF9F;
    0F2F : FFE8FF9F;
    0F30 : FFE8FF9F;
    0F31 : FFE8FF9F;
    0F32 : FFE8FF9F;
    0F33 : FFE8FF9F;
    0F34 : FFE7FF9F;
    0F35 : FFE7FF9F;
    0F36 : FFE7FF9F;
    0F37 : FFE7FF9F;
    0F38 : FFE7FF9F;
    0F39 : FFE7FF9F;
    0F3A : FFE7FF9F;
    0F3B : FFE7FF9F;
    0F3C : FFE7FF9F;
    0F3D : FFE7FF9F;
    0F3E : FFE7FF9F;
    0F3F : FFE7FF9F;
    0F40 : FFE6FF9F;
    0F41 : FFE6FF9F;
    0F42 : FFE6FF9F;
    0F43 : FFE6FF9F;
    0F44 : FFE6FF9F;
    0F45 : FFE6FF9F;
    0F46 : FFE6FF9F;
    0F47 : FFE6FF9F;
    0F48 : FFE6FF9F;
    0F49 : FFE6FFA0;
    0F4A : FFE6FFA0;
    0F4B : FFE6FFA0;
    0F4C : FFE5FFA0;
    0F4D : FFE5FFA0;
    0F4E : FFE5FFA0;
    0F4F : FFE5FFA0;
    0F50 : FFE5FFA0;
    0F51 : FFE5FFA0;
    0F52 : FFE5FFA0;
    0F53 : FFE5FFA0;
    0F54 : FFE5FFA0;
    0F55 : FFE5FFA0;
    0F56 : FFE5FFA0;
    0F57 : FFE5FFA0;
    0F58 : FFE4FFA0;
    0F59 : FFE4FFA0;
    0F5A : FFE4FFA0;
    0F5B : FFE4FFA0;
    0F5C : FFE4FFA0;
    0F5D : FFE4FFA0;
    0F5E : FFE4FFA0;
    0F5F : FFE4FFA0;
    0F60 : FFE4FFA0;
    0F61 : FFE4FFA0;
    0F62 : FFE4FFA0;
    0F63 : FFE4FFA0;
    0F64 : FFE3FFA0;
    0F65 : FFE3FFA0;
    0F66 : FFE3FFA0;
    0F67 : FFE3FFA0;
    0F68 : FFE3FFA0;
    0F69 : FFE3FFA0;
    0F6A : FFE3FFA0;
    0F6B : FFE3FFA0;
    0F6C : FFE3FFA0;
    0F6D : FFE3FFA0;
    0F6E : FFE3FFA0;
    0F6F : FFE3FFA0;
    0F70 : FFE2FFA0;
    0F71 : FFE2FFA0;
    0F72 : FFE2FFA1;
    0F73 : FFE2FFA1;
    0F74 : FFE2FFA1;
    0F75 : FFE2FFA1;
    0F76 : FFE2FFA1;
    0F77 : FFE2FFA1;
    0F78 : FFE2FFA1;
    0F79 : FFE2FFA1;
    0F7A : FFE2FFA1;
    0F7B : FFE2FFA1;
    0F7C : FFE1FFA1;
    0F7D : FFE1FFA1;
    0F7E : FFE1FFA1;
    0F7F : FFE1FFA1;
    0F80 : FFE1FFA1;
    0F81 : FFE1FFA1;
    0F82 : FFE1FFA1;
    0F83 : FFE1FFA1;
    0F84 : FFE1FFA1;
    0F85 : FFE1FFA1;
    0F86 : FFE1FFA1;
    0F87 : FFE1FFA1;
    0F88 : FFE0FFA1;
    0F89 : FFE0FFA1;
    0F8A : FFE0FFA1;
    0F8B : FFE0FFA1;
    0F8C : FFE0FFA1;
    0F8D : FFE0FFA1;
    0F8E : FFE0FFA1;
    0F8F : FFE0FFA1;
    0F90 : FFE0FFA1;
    0F91 : FFE0FFA1;
    0F92 : FFE0FFA1;
    0F93 : FFE0FFA1;
    0F94 : FFDFFFA1;
    0F95 : FFDFFFA1;
    0F96 : FFDFFFA1;
    0F97 : FFDFFFA2;
    0F98 : FFDFFFA2;
    0F99 : FFDFFFA2;
    0F9A : FFDFFFA2;
    0F9B : FFDFFFA2;
    0F9C : FFDFFFA2;
    0F9D : FFDFFFA2;
    0F9E : FFDFFFA2;
    0F9F : FFDFFFA2;
    0FA0 : FFDEFFA2;
    0FA1 : FFDEFFA2;
    0FA2 : FFDEFFA2;
    0FA3 : FFDEFFA2;
    0FA4 : FFDEFFA2;
    0FA5 : FFDEFFA2;
    0FA6 : FFDEFFA2;
    0FA7 : FFDEFFA2;
    0FA8 : FFDEFFA2;
    0FA9 : FFDEFFA2;
    0FAA : FFDEFFA2;
    0FAB : FFDEFFA2;
    0FAC : FFDDFFA2;
    0FAD : FFDDFFA2;
    0FAE : FFDDFFA2;
    0FAF : FFDDFFA2;
    0FB0 : FFDDFFA2;
    0FB1 : FFDDFFA2;
    0FB2 : FFDDFFA2;
    0FB3 : FFDDFFA2;
    0FB4 : FFDDFFA2;
    0FB5 : FFDDFFA2;
    0FB6 : FFDDFFA2;
    0FB7 : FFDDFFA2;
    0FB8 : FFDDFFA3;
    0FB9 : FFDCFFA3;
    0FBA : FFDCFFA3;
    0FBB : FFDCFFA3;
    0FBC : FFDCFFA3;
    0FBD : FFDCFFA3;
    0FBE : FFDCFFA3;
    0FBF : FFDCFFA3;
    0FC0 : FFDCFFA3;
    0FC1 : FFDCFFA3;
    0FC2 : FFDCFFA3;
    0FC3 : FFDCFFA3;
    0FC4 : FFDCFFA3;
    0FC5 : FFDBFFA3;
    0FC6 : FFDBFFA3;
    0FC7 : FFDBFFA3;
    0FC8 : FFDBFFA3;
    0FC9 : FFDBFFA3;
    0FCA : FFDBFFA3;
    0FCB : FFDBFFA3;
    0FCC : FFDBFFA3;
    0FCD : FFDBFFA3;
    0FCE : FFDBFFA3;
    0FCF : FFDBFFA3;
    0FD0 : FFDBFFA3;
    0FD1 : FFDAFFA3;
    0FD2 : FFDAFFA3;
    0FD3 : FFDAFFA3;
    0FD4 : FFDAFFA3;
    0FD5 : FFDAFFA3;
    0FD6 : FFDAFFA3;
    0FD7 : FFDAFFA3;
    0FD8 : FFDAFFA4;
    0FD9 : FFDAFFA4;
    0FDA : FFDAFFA4;
    0FDB : FFDAFFA4;
    0FDC : FFDAFFA4;
    0FDD : FFDAFFA4;
    0FDE : FFD9FFA4;
    0FDF : FFD9FFA4;
    0FE0 : FFD9FFA4;
    0FE1 : FFD9FFA4;
    0FE2 : FFD9FFA4;
    0FE3 : FFD9FFA4;
    0FE4 : FFD9FFA4;
    0FE5 : FFD9FFA4;
    0FE6 : FFD9FFA4;
    0FE7 : FFD9FFA4;
    0FE8 : FFD9FFA4;
    0FE9 : FFD9FFA4;
    0FEA : FFD8FFA4;
    0FEB : FFD8FFA4;
    0FEC : FFD8FFA4;
    0FED : FFD8FFA4;
    0FEE : FFD8FFA4;
    0FEF : FFD8FFA4;
    0FF0 : FFD8FFA4;
    0FF1 : FFD8FFA4;
    0FF2 : FFD8FFA4;
    0FF3 : FFD8FFA4;
    0FF4 : FFD8FFA4;
    0FF5 : FFD8FFA5;
    0FF6 : FFD8FFA5;
    0FF7 : FFD7FFA5;
    0FF8 : FFD7FFA5;
    0FF9 : FFD7FFA5;
    0FFA : FFD7FFA5;
    0FFB : FFD7FFA5;
    0FFC : FFD7FFA5;
    0FFD : FFD7FFA5;
    0FFE : FFD7FFA5;
    0FFF : FFD7FFA5;
    1000 : FFD7FFA5;
    1001 : FFD7FFA5;
    1002 : FFD7FFA5;
    1003 : FFD6FFA5;
    1004 : FFD6FFA5;
    1005 : FFD6FFA5;
    1006 : FFD6FFA5;
    1007 : FFD6FFA5;
    1008 : FFD6FFA5;
    1009 : FFD6FFA5;
    100A : FFD6FFA5;
    100B : FFD6FFA5;
    100C : FFD6FFA5;
    100D : FFD6FFA5;
    100E : FFD6FFA5;
    100F : FFD6FFA5;
    1010 : FFD5FFA5;
    1011 : FFD5FFA6;
    1012 : FFD5FFA6;
    1013 : FFD5FFA6;
    1014 : FFD5FFA6;
    1015 : FFD5FFA6;
    1016 : FFD5FFA6;
    1017 : FFD5FFA6;
    1018 : FFD5FFA6;
    1019 : FFD5FFA6;
    101A : FFD5FFA6;
    101B : FFD5FFA6;
    101C : FFD5FFA6;
    101D : FFD4FFA6;
    101E : FFD4FFA6;
    101F : FFD4FFA6;
    1020 : FFD4FFA6;
    1021 : FFD4FFA6;
    1022 : FFD4FFA6;
    1023 : FFD4FFA6;
    1024 : FFD4FFA6;
    1025 : FFD4FFA6;
    1026 : FFD4FFA6;
    1027 : FFD4FFA6;
    1028 : FFD4FFA6;
    1029 : FFD4FFA6;
    102A : FFD3FFA6;
    102B : FFD3FFA7;
    102C : FFD3FFA7;
    102D : FFD3FFA7;
    102E : FFD3FFA7;
    102F : FFD3FFA7;
    1030 : FFD3FFA7;
    1031 : FFD3FFA7;
    1032 : FFD3FFA7;
    1033 : FFD3FFA7;
    1034 : FFD3FFA7;
    1035 : FFD3FFA7;
    1036 : FFD2FFA7;
    1037 : FFD2FFA7;
    1038 : FFD2FFA7;
    1039 : FFD2FFA7;
    103A : FFD2FFA7;
    103B : FFD2FFA7;
    103C : FFD2FFA7;
    103D : FFD2FFA7;
    103E : FFD2FFA7;
    103F : FFD2FFA7;
    1040 : FFD2FFA7;
    1041 : FFD2FFA7;
    1042 : FFD2FFA7;
    1043 : FFD1FFA7;
    1044 : FFD1FFA8;
    1045 : FFD1FFA8;
    1046 : FFD1FFA8;
    1047 : FFD1FFA8;
    1048 : FFD1FFA8;
    1049 : FFD1FFA8;
    104A : FFD1FFA8;
    104B : FFD1FFA8;
    104C : FFD1FFA8;
    104D : FFD1FFA8;
    104E : FFD1FFA8;
    104F : FFD1FFA8;
    1050 : FFD0FFA8;
    1051 : FFD0FFA8;
    1052 : FFD0FFA8;
    1053 : FFD0FFA8;
    1054 : FFD0FFA8;
    1055 : FFD0FFA8;
    1056 : FFD0FFA8;
    1057 : FFD0FFA8;
    1058 : FFD0FFA8;
    1059 : FFD0FFA8;
    105A : FFD0FFA8;
    105B : FFD0FFA8;
    105C : FFD0FFA9;
    105D : FFCFFFA9;
    105E : FFCFFFA9;
    105F : FFCFFFA9;
    1060 : FFCFFFA9;
    1061 : FFCFFFA9;
    1062 : FFCFFFA9;
    1063 : FFCFFFA9;
    1064 : FFCFFFA9;
    1065 : FFCFFFA9;
    1066 : FFCFFFA9;
    1067 : FFCFFFA9;
    1068 : FFCFFFA9;
    1069 : FFCFFFA9;
    106A : FFCFFFA9;
    106B : FFCEFFA9;
    106C : FFCEFFA9;
    106D : FFCEFFA9;
    106E : FFCEFFA9;
    106F : FFCEFFA9;
    1070 : FFCEFFA9;
    1071 : FFCEFFA9;
    1072 : FFCEFFA9;
    1073 : FFCEFFA9;
    1074 : FFCEFFAA;
    1075 : FFCEFFAA;
    1076 : FFCEFFAA;
    1077 : FFCEFFAA;
    1078 : FFCDFFAA;
    1079 : FFCDFFAA;
    107A : FFCDFFAA;
    107B : FFCDFFAA;
    107C : FFCDFFAA;
    107D : FFCDFFAA;
    107E : FFCDFFAA;
    107F : FFCDFFAA;
    1080 : FFCDFFAA;
    1081 : FFCDFFAA;
    1082 : FFCDFFAA;
    1083 : FFCDFFAA;
    1084 : FFCDFFAA;
    1085 : FFCCFFAA;
    1086 : FFCCFFAA;
    1087 : FFCCFFAA;
    1088 : FFCCFFAA;
    1089 : FFCCFFAA;
    108A : FFCCFFAB;
    108B : FFCCFFAB;
    108C : FFCCFFAB;
    108D : FFCCFFAB;
    108E : FFCCFFAB;
    108F : FFCCFFAB;
    1090 : FFCCFFAB;
    1091 : FFCCFFAB;
    1092 : FFCCFFAB;
    1093 : FFCBFFAB;
    1094 : FFCBFFAB;
    1095 : FFCBFFAB;
    1096 : FFCBFFAB;
    1097 : FFCBFFAB;
    1098 : FFCBFFAB;
    1099 : FFCBFFAB;
    109A : FFCBFFAB;
    109B : FFCBFFAB;
    109C : FFCBFFAB;
    109D : FFCBFFAB;
    109E : FFCBFFAB;
    109F : FFCBFFAB;
    10A0 : FFCAFFAC;
    10A1 : FFCAFFAC;
    10A2 : FFCAFFAC;
    10A3 : FFCAFFAC;
    10A4 : FFCAFFAC;
    10A5 : FFCAFFAC;
    10A6 : FFCAFFAC;
    10A7 : FFCAFFAC;
    10A8 : FFCAFFAC;
    10A9 : FFCAFFAC;
    10AA : FFCAFFAC;
    10AB : FFCAFFAC;
    10AC : FFCAFFAC;
    10AD : FFCAFFAC;
    10AE : FFC9FFAC;
    10AF : FFC9FFAC;
    10B0 : FFC9FFAC;
    10B1 : FFC9FFAC;
    10B2 : FFC9FFAC;
    10B3 : FFC9FFAC;
    10B4 : FFC9FFAC;
    10B5 : FFC9FFAD;
    10B6 : FFC9FFAD;
    10B7 : FFC9FFAD;
    10B8 : FFC9FFAD;
    10B9 : FFC9FFAD;
    10BA : FFC9FFAD;
    10BB : FFC9FFAD;
    10BC : FFC8FFAD;
    10BD : FFC8FFAD;
    10BE : FFC8FFAD;
    10BF : FFC8FFAD;
    10C0 : FFC8FFAD;
    10C1 : FFC8FFAD;
    10C2 : FFC8FFAD;
    10C3 : FFC8FFAD;
    10C4 : FFC8FFAD;
    10C5 : FFC8FFAD;
    10C6 : FFC8FFAD;
    10C7 : FFC8FFAD;
    10C8 : FFC8FFAD;
    10C9 : FFC7FFAD;
    10CA : FFC7FFAE;
    10CB : FFC7FFAE;
    10CC : FFC7FFAE;
    10CD : FFC7FFAE;
    10CE : FFC7FFAE;
    10CF : FFC7FFAE;
    10D0 : FFC7FFAE;
    10D1 : FFC7FFAE;
    10D2 : FFC7FFAE;
    10D3 : FFC7FFAE;
    10D4 : FFC7FFAE;
    10D5 : FFC7FFAE;
    10D6 : FFC7FFAE;
    10D7 : FFC6FFAE;
    10D8 : FFC6FFAE;
    10D9 : FFC6FFAE;
    10DA : FFC6FFAE;
    10DB : FFC6FFAE;
    10DC : FFC6FFAE;
    10DD : FFC6FFAE;
    10DE : FFC6FFAF;
    10DF : FFC6FFAF;
    10E0 : FFC6FFAF;
    10E1 : FFC6FFAF;
    10E2 : FFC6FFAF;
    10E3 : FFC6FFAF;
    10E4 : FFC6FFAF;
    10E5 : FFC6FFAF;
    10E6 : FFC5FFAF;
    10E7 : FFC5FFAF;
    10E8 : FFC5FFAF;
    10E9 : FFC5FFAF;
    10EA : FFC5FFAF;
    10EB : FFC5FFAF;
    10EC : FFC5FFAF;
    10ED : FFC5FFAF;
    10EE : FFC5FFAF;
    10EF : FFC5FFAF;
    10F0 : FFC5FFAF;
    10F1 : FFC5FFB0;
    10F2 : FFC5FFB0;
    10F3 : FFC5FFB0;
    10F4 : FFC4FFB0;
    10F5 : FFC4FFB0;
    10F6 : FFC4FFB0;
    10F7 : FFC4FFB0;
    10F8 : FFC4FFB0;
    10F9 : FFC4FFB0;
    10FA : FFC4FFB0;
    10FB : FFC4FFB0;
    10FC : FFC4FFB0;
    10FD : FFC4FFB0;
    10FE : FFC4FFB0;
    10FF : FFC4FFB0;
    1100 : FFC4FFB0;
    1101 : FFC4FFB0;
    1102 : FFC3FFB0;
    1103 : FFC3FFB0;
    1104 : FFC3FFB1;
    1105 : FFC3FFB1;
    1106 : FFC3FFB1;
    1107 : FFC3FFB1;
    1108 : FFC3FFB1;
    1109 : FFC3FFB1;
    110A : FFC3FFB1;
    110B : FFC3FFB1;
    110C : FFC3FFB1;
    110D : FFC3FFB1;
    110E : FFC3FFB1;
    110F : FFC3FFB1;
    1110 : FFC3FFB1;
    1111 : FFC2FFB1;
    1112 : FFC2FFB1;
    1113 : FFC2FFB1;
    1114 : FFC2FFB1;
    1115 : FFC2FFB1;
    1116 : FFC2FFB1;
    1117 : FFC2FFB2;
    1118 : FFC2FFB2;
    1119 : FFC2FFB2;
    111A : FFC2FFB2;
    111B : FFC2FFB2;
    111C : FFC2FFB2;
    111D : FFC2FFB2;
    111E : FFC2FFB2;
    111F : FFC1FFB2;
    1120 : FFC1FFB2;
    1121 : FFC1FFB2;
    1122 : FFC1FFB2;
    1123 : FFC1FFB2;
    1124 : FFC1FFB2;
    1125 : FFC1FFB2;
    1126 : FFC1FFB2;
    1127 : FFC1FFB2;
    1128 : FFC1FFB2;
    1129 : FFC1FFB2;
    112A : FFC1FFB3;
    112B : FFC1FFB3;
    112C : FFC1FFB3;
    112D : FFC1FFB3;
    112E : FFC0FFB3;
    112F : FFC0FFB3;
    1130 : FFC0FFB3;
    1131 : FFC0FFB3;
    1132 : FFC0FFB3;
    1133 : FFC0FFB3;
    1134 : FFC0FFB3;
    1135 : FFC0FFB3;
    1136 : FFC0FFB3;
    1137 : FFC0FFB3;
    1138 : FFC0FFB3;
    1139 : FFC0FFB3;
    113A : FFC0FFB3;
    113B : FFC0FFB3;
    113C : FFC0FFB4;
    113D : FFBFFFB4;
    113E : FFBFFFB4;
    113F : FFBFFFB4;
    1140 : FFBFFFB4;
    1141 : FFBFFFB4;
    1142 : FFBFFFB4;
    1143 : FFBFFFB4;
    1144 : FFBFFFB4;
    1145 : FFBFFFB4;
    1146 : FFBFFFB4;
    1147 : FFBFFFB4;
    1148 : FFBFFFB4;
    1149 : FFBFFFB4;
    114A : FFBFFFB4;
    114B : FFBFFFB4;
    114C : FFBEFFB4;
    114D : FFBEFFB5;
    114E : FFBEFFB5;
    114F : FFBEFFB5;
    1150 : FFBEFFB5;
    1151 : FFBEFFB5;
    1152 : FFBEFFB5;
    1153 : FFBEFFB5;
    1154 : FFBEFFB5;
    1155 : FFBEFFB5;
    1156 : FFBEFFB5;
    1157 : FFBEFFB5;
    1158 : FFBEFFB5;
    1159 : FFBEFFB5;
    115A : FFBEFFB5;
    115B : FFBDFFB5;
    115C : FFBDFFB5;
    115D : FFBDFFB5;
    115E : FFBDFFB5;
    115F : FFBDFFB6;
    1160 : FFBDFFB6;
    1161 : FFBDFFB6;
    1162 : FFBDFFB6;
    1163 : FFBDFFB6;
    1164 : FFBDFFB6;
    1165 : FFBDFFB6;
    1166 : FFBDFFB6;
    1167 : FFBDFFB6;
    1168 : FFBDFFB6;
    1169 : FFBDFFB6;
    116A : FFBDFFB6;
    116B : FFBCFFB6;
    116C : FFBCFFB6;
    116D : FFBCFFB6;
    116E : FFBCFFB6;
    116F : FFBCFFB6;
    1170 : FFBCFFB7;
    1171 : FFBCFFB7;
    1172 : FFBCFFB7;
    1173 : FFBCFFB7;
    1174 : FFBCFFB7;
    1175 : FFBCFFB7;
    1176 : FFBCFFB7;
    1177 : FFBCFFB7;
    1178 : FFBCFFB7;
    1179 : FFBCFFB7;
    117A : FFBCFFB7;
    117B : FFBBFFB7;
    117C : FFBBFFB7;
    117D : FFBBFFB7;
    117E : FFBBFFB7;
    117F : FFBBFFB7;
    1180 : FFBBFFB8;
    1181 : FFBBFFB8;
    1182 : FFBBFFB8;
    1183 : FFBBFFB8;
    1184 : FFBBFFB8;
    1185 : FFBBFFB8;
    1186 : FFBBFFB8;
    1187 : FFBBFFB8;
    1188 : FFBBFFB8;
    1189 : FFBBFFB8;
    118A : FFBAFFB8;
    118B : FFBAFFB8;
    118C : FFBAFFB8;
    118D : FFBAFFB8;
    118E : FFBAFFB8;
    118F : FFBAFFB8;
    1190 : FFBAFFB8;
    1191 : FFBAFFB9;
    1192 : FFBAFFB9;
    1193 : FFBAFFB9;
    1194 : FFBAFFB9;
    1195 : FFBAFFB9;
    1196 : FFBAFFB9;
    1197 : FFBAFFB9;
    1198 : FFBAFFB9;
    1199 : FFBAFFB9;
    119A : FFB9FFB9;
    119B : FFB9FFB9;
    119C : FFB9FFB9;
    119D : FFB9FFB9;
    119E : FFB9FFB9;
    119F : FFB9FFB9;
    11A0 : FFB9FFB9;
    11A1 : FFB9FFBA;
    11A2 : FFB9FFBA;
    11A3 : FFB9FFBA;
    11A4 : FFB9FFBA;
    11A5 : FFB9FFBA;
    11A6 : FFB9FFBA;
    11A7 : FFB9FFBA;
    11A8 : FFB9FFBA;
    11A9 : FFB9FFBA;
    11AA : FFB9FFBA;
    11AB : FFB8FFBA;
    11AC : FFB8FFBA;
    11AD : FFB8FFBA;
    11AE : FFB8FFBA;
    11AF : FFB8FFBA;
    11B0 : FFB8FFBA;
    11B1 : FFB8FFBB;
    11B2 : FFB8FFBB;
    11B3 : FFB8FFBB;
    11B4 : FFB8FFBB;
    11B5 : FFB8FFBB;
    11B6 : FFB8FFBB;
    11B7 : FFB8FFBB;
    11B8 : FFB8FFBB;
    11B9 : FFB8FFBB;
    11BA : FFB8FFBB;
    11BB : FFB7FFBB;
    11BC : FFB7FFBB;
    11BD : FFB7FFBB;
    11BE : FFB7FFBB;
    11BF : FFB7FFBB;
    11C0 : FFB7FFBB;
    11C1 : FFB7FFBC;
    11C2 : FFB7FFBC;
    11C3 : FFB7FFBC;
    11C4 : FFB7FFBC;
    11C5 : FFB7FFBC;
    11C6 : FFB7FFBC;
    11C7 : FFB7FFBC;
    11C8 : FFB7FFBC;
    11C9 : FFB7FFBC;
    11CA : FFB7FFBC;
    11CB : FFB7FFBC;
    11CC : FFB6FFBC;
    11CD : FFB6FFBC;
    11CE : FFB6FFBC;
    11CF : FFB6FFBC;
    11D0 : FFB6FFBC;
    11D1 : FFB6FFBD;
    11D2 : FFB6FFBD;
    11D3 : FFB6FFBD;
    11D4 : FFB6FFBD;
    11D5 : FFB6FFBD;
    11D6 : FFB6FFBD;
    11D7 : FFB6FFBD;
    11D8 : FFB6FFBD;
    11D9 : FFB6FFBD;
    11DA : FFB6FFBD;
    11DB : FFB6FFBD;
    11DC : FFB6FFBD;
    11DD : FFB5FFBD;
    11DE : FFB5FFBD;
    11DF : FFB5FFBD;
    11E0 : FFB5FFBE;
    11E1 : FFB5FFBE;
    11E2 : FFB5FFBE;
    11E3 : FFB5FFBE;
    11E4 : FFB5FFBE;
    11E5 : FFB5FFBE;
    11E6 : FFB5FFBE;
    11E7 : FFB5FFBE;
    11E8 : FFB5FFBE;
    11E9 : FFB5FFBE;
    11EA : FFB5FFBE;
    11EB : FFB5FFBE;
    11EC : FFB5FFBE;
    11ED : FFB5FFBE;
    11EE : FFB5FFBE;
    11EF : FFB4FFBE;
    11F0 : FFB4FFBF;
    11F1 : FFB4FFBF;
    11F2 : FFB4FFBF;
    11F3 : FFB4FFBF;
    11F4 : FFB4FFBF;
    11F5 : FFB4FFBF;
    11F6 : FFB4FFBF;
    11F7 : FFB4FFBF;
    11F8 : FFB4FFBF;
    11F9 : FFB4FFBF;
    11FA : FFB4FFBF;
    11FB : FFB4FFBF;
    11FC : FFB4FFBF;
    11FD : FFB4FFBF;
    11FE : FFB4FFBF;
    11FF : FFB4FFC0;
    1200 : FFB3FFC0;
    1201 : FFB3FFC0;
    1202 : FFB3FFC0;
    1203 : FFB3FFC0;
    1204 : FFB3FFC0;
    1205 : FFB3FFC0;
    1206 : FFB3FFC0;
    1207 : FFB3FFC0;
    1208 : FFB3FFC0;
    1209 : FFB3FFC0;
    120A : FFB3FFC0;
    120B : FFB3FFC0;
    120C : FFB3FFC0;
    120D : FFB3FFC0;
    120E : FFB3FFC1;
    120F : FFB3FFC1;
    1210 : FFB3FFC1;
    1211 : FFB3FFC1;
    1212 : FFB2FFC1;
    1213 : FFB2FFC1;
    1214 : FFB2FFC1;
    1215 : FFB2FFC1;
    1216 : FFB2FFC1;
    1217 : FFB2FFC1;
    1218 : FFB2FFC1;
    1219 : FFB2FFC1;
    121A : FFB2FFC1;
    121B : FFB2FFC1;
    121C : FFB2FFC2;
    121D : FFB2FFC2;
    121E : FFB2FFC2;
    121F : FFB2FFC2;
    1220 : FFB2FFC2;
    1221 : FFB2FFC2;
    1222 : FFB2FFC2;
    1223 : FFB2FFC2;
    1224 : FFB2FFC2;
    1225 : FFB1FFC2;
    1226 : FFB1FFC2;
    1227 : FFB1FFC2;
    1228 : FFB1FFC2;
    1229 : FFB1FFC2;
    122A : FFB1FFC2;
    122B : FFB1FFC3;
    122C : FFB1FFC3;
    122D : FFB1FFC3;
    122E : FFB1FFC3;
    122F : FFB1FFC3;
    1230 : FFB1FFC3;
    1231 : FFB1FFC3;
    1232 : FFB1FFC3;
    1233 : FFB1FFC3;
    1234 : FFB1FFC3;
    1235 : FFB1FFC3;
    1236 : FFB1FFC3;
    1237 : FFB0FFC3;
    1238 : FFB0FFC3;
    1239 : FFB0FFC3;
    123A : FFB0FFC4;
    123B : FFB0FFC4;
    123C : FFB0FFC4;
    123D : FFB0FFC4;
    123E : FFB0FFC4;
    123F : FFB0FFC4;
    1240 : FFB0FFC4;
    1241 : FFB0FFC4;
    1242 : FFB0FFC4;
    1243 : FFB0FFC4;
    1244 : FFB0FFC4;
    1245 : FFB0FFC4;
    1246 : FFB0FFC4;
    1247 : FFB0FFC4;
    1248 : FFB0FFC5;
    1249 : FFB0FFC5;
    124A : FFAFFFC5;
    124B : FFAFFFC5;
    124C : FFAFFFC5;
    124D : FFAFFFC5;
    124E : FFAFFFC5;
    124F : FFAFFFC5;
    1250 : FFAFFFC5;
    1251 : FFAFFFC5;
    1252 : FFAFFFC5;
    1253 : FFAFFFC5;
    1254 : FFAFFFC5;
    1255 : FFAFFFC5;
    1256 : FFAFFFC6;
    1257 : FFAFFFC6;
    1258 : FFAFFFC6;
    1259 : FFAFFFC6;
    125A : FFAFFFC6;
    125B : FFAFFFC6;
    125C : FFAFFFC6;
    125D : FFAFFFC6;
    125E : FFAEFFC6;
    125F : FFAEFFC6;
    1260 : FFAEFFC6;
    1261 : FFAEFFC6;
    1262 : FFAEFFC6;
    1263 : FFAEFFC6;
    1264 : FFAEFFC7;
    1265 : FFAEFFC7;
    1266 : FFAEFFC7;
    1267 : FFAEFFC7;
    1268 : FFAEFFC7;
    1269 : FFAEFFC7;
    126A : FFAEFFC7;
    126B : FFAEFFC7;
    126C : FFAEFFC7;
    126D : FFAEFFC7;
    126E : FFAEFFC7;
    126F : FFAEFFC7;
    1270 : FFAEFFC7;
    1271 : FFAEFFC7;
    1272 : FFADFFC8;
    1273 : FFADFFC8;
    1274 : FFADFFC8;
    1275 : FFADFFC8;
    1276 : FFADFFC8;
    1277 : FFADFFC8;
    1278 : FFADFFC8;
    1279 : FFADFFC8;
    127A : FFADFFC8;
    127B : FFADFFC8;
    127C : FFADFFC8;
    127D : FFADFFC8;
    127E : FFADFFC8;
    127F : FFADFFC8;
    1280 : FFADFFC9;
    1281 : FFADFFC9;
    1282 : FFADFFC9;
    1283 : FFADFFC9;
    1284 : FFADFFC9;
    1285 : FFADFFC9;
    1286 : FFADFFC9;
    1287 : FFACFFC9;
    1288 : FFACFFC9;
    1289 : FFACFFC9;
    128A : FFACFFC9;
    128B : FFACFFC9;
    128C : FFACFFC9;
    128D : FFACFFC9;
    128E : FFACFFCA;
    128F : FFACFFCA;
    1290 : FFACFFCA;
    1291 : FFACFFCA;
    1292 : FFACFFCA;
    1293 : FFACFFCA;
    1294 : FFACFFCA;
    1295 : FFACFFCA;
    1296 : FFACFFCA;
    1297 : FFACFFCA;
    1298 : FFACFFCA;
    1299 : FFACFFCA;
    129A : FFACFFCA;
    129B : FFACFFCA;
    129C : FFABFFCB;
    129D : FFABFFCB;
    129E : FFABFFCB;
    129F : FFABFFCB;
    12A0 : FFABFFCB;
    12A1 : FFABFFCB;
    12A2 : FFABFFCB;
    12A3 : FFABFFCB;
    12A4 : FFABFFCB;
    12A5 : FFABFFCB;
    12A6 : FFABFFCB;
    12A7 : FFABFFCB;
    12A8 : FFABFFCB;
    12A9 : FFABFFCC;
    12AA : FFABFFCC;
    12AB : FFABFFCC;
    12AC : FFABFFCC;
    12AD : FFABFFCC;
    12AE : FFABFFCC;
    12AF : FFABFFCC;
    12B0 : FFABFFCC;
    12B1 : FFABFFCC;
    12B2 : FFAAFFCC;
    12B3 : FFAAFFCC;
    12B4 : FFAAFFCC;
    12B5 : FFAAFFCC;
    12B6 : FFAAFFCC;
    12B7 : FFAAFFCD;
    12B8 : FFAAFFCD;
    12B9 : FFAAFFCD;
    12BA : FFAAFFCD;
    12BB : FFAAFFCD;
    12BC : FFAAFFCD;
    12BD : FFAAFFCD;
    12BE : FFAAFFCD;
    12BF : FFAAFFCD;
    12C0 : FFAAFFCD;
    12C1 : FFAAFFCD;
    12C2 : FFAAFFCD;
    12C3 : FFAAFFCD;
    12C4 : FFAAFFCE;
    12C5 : FFAAFFCE;
    12C6 : FFAAFFCE;
    12C7 : FFAAFFCE;
    12C8 : FFA9FFCE;
    12C9 : FFA9FFCE;
    12CA : FFA9FFCE;
    12CB : FFA9FFCE;
    12CC : FFA9FFCE;
    12CD : FFA9FFCE;
    12CE : FFA9FFCE;
    12CF : FFA9FFCE;
    12D0 : FFA9FFCE;
    12D1 : FFA9FFCF;
    12D2 : FFA9FFCF;
    12D3 : FFA9FFCF;
    12D4 : FFA9FFCF;
    12D5 : FFA9FFCF;
    12D6 : FFA9FFCF;
    12D7 : FFA9FFCF;
    12D8 : FFA9FFCF;
    12D9 : FFA9FFCF;
    12DA : FFA9FFCF;
    12DB : FFA9FFCF;
    12DC : FFA9FFCF;
    12DD : FFA9FFCF;
    12DE : FFA9FFD0;
    12DF : FFA8FFD0;
    12E0 : FFA8FFD0;
    12E1 : FFA8FFD0;
    12E2 : FFA8FFD0;
    12E3 : FFA8FFD0;
    12E4 : FFA8FFD0;
    12E5 : FFA8FFD0;
    12E6 : FFA8FFD0;
    12E7 : FFA8FFD0;
    12E8 : FFA8FFD0;
    12E9 : FFA8FFD0;
    12EA : FFA8FFD0;
    12EB : FFA8FFD1;
    12EC : FFA8FFD1;
    12ED : FFA8FFD1;
    12EE : FFA8FFD1;
    12EF : FFA8FFD1;
    12F0 : FFA8FFD1;
    12F1 : FFA8FFD1;
    12F2 : FFA8FFD1;
    12F3 : FFA8FFD1;
    12F4 : FFA8FFD1;
    12F5 : FFA8FFD1;
    12F6 : FFA8FFD1;
    12F7 : FFA8FFD1;
    12F8 : FFA7FFD2;
    12F9 : FFA7FFD2;
    12FA : FFA7FFD2;
    12FB : FFA7FFD2;
    12FC : FFA7FFD2;
    12FD : FFA7FFD2;
    12FE : FFA7FFD2;
    12FF : FFA7FFD2;
    1300 : FFA7FFD2;
    1301 : FFA7FFD2;
    1302 : FFA7FFD2;
    1303 : FFA7FFD2;
    1304 : FFA7FFD2;
    1305 : FFA7FFD3;
    1306 : FFA7FFD3;
    1307 : FFA7FFD3;
    1308 : FFA7FFD3;
    1309 : FFA7FFD3;
    130A : FFA7FFD3;
    130B : FFA7FFD3;
    130C : FFA7FFD3;
    130D : FFA7FFD3;
    130E : FFA7FFD3;
    130F : FFA7FFD3;
    1310 : FFA7FFD3;
    1311 : FFA6FFD3;
    1312 : FFA6FFD4;
    1313 : FFA6FFD4;
    1314 : FFA6FFD4;
    1315 : FFA6FFD4;
    1316 : FFA6FFD4;
    1317 : FFA6FFD4;
    1318 : FFA6FFD4;
    1319 : FFA6FFD4;
    131A : FFA6FFD4;
    131B : FFA6FFD4;
    131C : FFA6FFD4;
    131D : FFA6FFD4;
    131E : FFA6FFD4;
    131F : FFA6FFD5;
    1320 : FFA6FFD5;
    1321 : FFA6FFD5;
    1322 : FFA6FFD5;
    1323 : FFA6FFD5;
    1324 : FFA6FFD5;
    1325 : FFA6FFD5;
    1326 : FFA6FFD5;
    1327 : FFA6FFD5;
    1328 : FFA6FFD5;
    1329 : FFA6FFD5;
    132A : FFA6FFD5;
    132B : FFA5FFD5;
    132C : FFA5FFD6;
    132D : FFA5FFD6;
    132E : FFA5FFD6;
    132F : FFA5FFD6;
    1330 : FFA5FFD6;
    1331 : FFA5FFD6;
    1332 : FFA5FFD6;
    1333 : FFA5FFD6;
    1334 : FFA5FFD6;
    1335 : FFA5FFD6;
    1336 : FFA5FFD6;
    1337 : FFA5FFD6;
    1338 : FFA5FFD7;
    1339 : FFA5FFD7;
    133A : FFA5FFD7;
    133B : FFA5FFD7;
    133C : FFA5FFD7;
    133D : FFA5FFD7;
    133E : FFA5FFD7;
    133F : FFA5FFD7;
    1340 : FFA5FFD7;
    1341 : FFA5FFD7;
    1342 : FFA5FFD7;
    1343 : FFA5FFD7;
    1344 : FFA5FFD7;
    1345 : FFA5FFD8;
    1346 : FFA5FFD8;
    1347 : FFA4FFD8;
    1348 : FFA4FFD8;
    1349 : FFA4FFD8;
    134A : FFA4FFD8;
    134B : FFA4FFD8;
    134C : FFA4FFD8;
    134D : FFA4FFD8;
    134E : FFA4FFD8;
    134F : FFA4FFD8;
    1350 : FFA4FFD8;
    1351 : FFA4FFD9;
    1352 : FFA4FFD9;
    1353 : FFA4FFD9;
    1354 : FFA4FFD9;
    1355 : FFA4FFD9;
    1356 : FFA4FFD9;
    1357 : FFA4FFD9;
    1358 : FFA4FFD9;
    1359 : FFA4FFD9;
    135A : FFA4FFD9;
    135B : FFA4FFD9;
    135C : FFA4FFD9;
    135D : FFA4FFD9;
    135E : FFA4FFDA;
    135F : FFA4FFDA;
    1360 : FFA4FFDA;
    1361 : FFA4FFDA;
    1362 : FFA4FFDA;
    1363 : FFA4FFDA;
    1364 : FFA3FFDA;
    1365 : FFA3FFDA;
    1366 : FFA3FFDA;
    1367 : FFA3FFDA;
    1368 : FFA3FFDA;
    1369 : FFA3FFDA;
    136A : FFA3FFDB;
    136B : FFA3FFDB;
    136C : FFA3FFDB;
    136D : FFA3FFDB;
    136E : FFA3FFDB;
    136F : FFA3FFDB;
    1370 : FFA3FFDB;
    1371 : FFA3FFDB;
    1372 : FFA3FFDB;
    1373 : FFA3FFDB;
    1374 : FFA3FFDB;
    1375 : FFA3FFDB;
    1376 : FFA3FFDB;
    1377 : FFA3FFDC;
    1378 : FFA3FFDC;
    1379 : FFA3FFDC;
    137A : FFA3FFDC;
    137B : FFA3FFDC;
    137C : FFA3FFDC;
    137D : FFA3FFDC;
    137E : FFA3FFDC;
    137F : FFA3FFDC;
    1380 : FFA3FFDC;
    1381 : FFA3FFDC;
    1382 : FFA3FFDC;
    1383 : FFA2FFDD;
    1384 : FFA2FFDD;
    1385 : FFA2FFDD;
    1386 : FFA2FFDD;
    1387 : FFA2FFDD;
    1388 : FFA2FFDD;
    1389 : FFA2FFDD;
    138A : FFA2FFDD;
    138B : FFA2FFDD;
    138C : FFA2FFDD;
    138D : FFA2FFDD;
    138E : FFA2FFDD;
    138F : FFA2FFDE;
    1390 : FFA2FFDE;
    1391 : FFA2FFDE;
    1392 : FFA2FFDE;
    1393 : FFA2FFDE;
    1394 : FFA2FFDE;
    1395 : FFA2FFDE;
    1396 : FFA2FFDE;
    1397 : FFA2FFDE;
    1398 : FFA2FFDE;
    1399 : FFA2FFDE;
    139A : FFA2FFDE;
    139B : FFA2FFDF;
    139C : FFA2FFDF;
    139D : FFA2FFDF;
    139E : FFA2FFDF;
    139F : FFA2FFDF;
    13A0 : FFA2FFDF;
    13A1 : FFA2FFDF;
    13A2 : FFA2FFDF;
    13A3 : FFA2FFDF;
    13A4 : FFA2FFDF;
    13A5 : FFA1FFDF;
    13A6 : FFA1FFDF;
    13A7 : FFA1FFDF;
    13A8 : FFA1FFE0;
    13A9 : FFA1FFE0;
    13AA : FFA1FFE0;
    13AB : FFA1FFE0;
    13AC : FFA1FFE0;
    13AD : FFA1FFE0;
    13AE : FFA1FFE0;
    13AF : FFA1FFE0;
    13B0 : FFA1FFE0;
    13B1 : FFA1FFE0;
    13B2 : FFA1FFE0;
    13B3 : FFA1FFE0;
    13B4 : FFA1FFE1;
    13B5 : FFA1FFE1;
    13B6 : FFA1FFE1;
    13B7 : FFA1FFE1;
    13B8 : FFA1FFE1;
    13B9 : FFA1FFE1;
    13BA : FFA1FFE1;
    13BB : FFA1FFE1;
    13BC : FFA1FFE1;
    13BD : FFA1FFE1;
    13BE : FFA1FFE1;
    13BF : FFA1FFE1;
    13C0 : FFA1FFE2;
    13C1 : FFA1FFE2;
    13C2 : FFA1FFE2;
    13C3 : FFA1FFE2;
    13C4 : FFA1FFE2;
    13C5 : FFA1FFE2;
    13C6 : FFA1FFE2;
    13C7 : FFA1FFE2;
    13C8 : FFA1FFE2;
    13C9 : FFA1FFE2;
    13CA : FFA0FFE2;
    13CB : FFA0FFE2;
    13CC : FFA0FFE3;
    13CD : FFA0FFE3;
    13CE : FFA0FFE3;
    13CF : FFA0FFE3;
    13D0 : FFA0FFE3;
    13D1 : FFA0FFE3;
    13D2 : FFA0FFE3;
    13D3 : FFA0FFE3;
    13D4 : FFA0FFE3;
    13D5 : FFA0FFE3;
    13D6 : FFA0FFE3;
    13D7 : FFA0FFE3;
    13D8 : FFA0FFE4;
    13D9 : FFA0FFE4;
    13DA : FFA0FFE4;
    13DB : FFA0FFE4;
    13DC : FFA0FFE4;
    13DD : FFA0FFE4;
    13DE : FFA0FFE4;
    13DF : FFA0FFE4;
    13E0 : FFA0FFE4;
    13E1 : FFA0FFE4;
    13E2 : FFA0FFE4;
    13E3 : FFA0FFE4;
    13E4 : FFA0FFE5;
    13E5 : FFA0FFE5;
    13E6 : FFA0FFE5;
    13E7 : FFA0FFE5;
    13E8 : FFA0FFE5;
    13E9 : FFA0FFE5;
    13EA : FFA0FFE5;
    13EB : FFA0FFE5;
    13EC : FFA0FFE5;
    13ED : FFA0FFE5;
    13EE : FFA0FFE5;
    13EF : FFA0FFE5;
    13F0 : FFA0FFE6;
    13F1 : FFA0FFE6;
    13F2 : FFA0FFE6;
    13F3 : FF9FFFE6;
    13F4 : FF9FFFE6;
    13F5 : FF9FFFE6;
    13F6 : FF9FFFE6;
    13F7 : FF9FFFE6;
    13F8 : FF9FFFE6;
    13F9 : FF9FFFE6;
    13FA : FF9FFFE6;
    13FB : FF9FFFE6;
    13FC : FF9FFFE7;
    13FD : FF9FFFE7;
    13FE : FF9FFFE7;
    13FF : FF9FFFE7;
    1400 : FF9FFFE7;
    1401 : FF9FFFE7;
    1402 : FF9FFFE7;
    1403 : FF9FFFE7;
    1404 : FF9FFFE7;
    1405 : FF9FFFE7;
    1406 : FF9FFFE7;
    1407 : FF9FFFE7;
    1408 : FF9FFFE8;
    1409 : FF9FFFE8;
    140A : FF9FFFE8;
    140B : FF9FFFE8;
    140C : FF9FFFE8;
    140D : FF9FFFE8;
    140E : FF9FFFE8;
    140F : FF9FFFE8;
    1410 : FF9FFFE8;
    1411 : FF9FFFE8;
    1412 : FF9FFFE8;
    1413 : FF9FFFE9;
    1414 : FF9FFFE9;
    1415 : FF9FFFE9;
    1416 : FF9FFFE9;
    1417 : FF9FFFE9;
    1418 : FF9FFFE9;
    1419 : FF9FFFE9;
    141A : FF9FFFE9;
    141B : FF9FFFE9;
    141C : FF9FFFE9;
    141D : FF9FFFE9;
    141E : FF9FFFE9;
    141F : FF9FFFEA;
    1420 : FF9FFFEA;
    1421 : FF9FFFEA;
    1422 : FF9EFFEA;
    1423 : FF9EFFEA;
    1424 : FF9EFFEA;
    1425 : FF9EFFEA;
    1426 : FF9EFFEA;
    1427 : FF9EFFEA;
    1428 : FF9EFFEA;
    1429 : FF9EFFEA;
    142A : FF9EFFEA;
    142B : FF9EFFEB;
    142C : FF9EFFEB;
    142D : FF9EFFEB;
    142E : FF9EFFEB;
    142F : FF9EFFEB;
    1430 : FF9EFFEB;
    1431 : FF9EFFEB;
    1432 : FF9EFFEB;
    1433 : FF9EFFEB;
    1434 : FF9EFFEB;
    1435 : FF9EFFEB;
    1436 : FF9EFFEB;
    1437 : FF9EFFEC;
    1438 : FF9EFFEC;
    1439 : FF9EFFEC;
    143A : FF9EFFEC;
    143B : FF9EFFEC;
    143C : FF9EFFEC;
    143D : FF9EFFEC;
    143E : FF9EFFEC;
    143F : FF9EFFEC;
    1440 : FF9EFFEC;
    1441 : FF9EFFEC;
    1442 : FF9EFFED;
    1443 : FF9EFFED;
    1444 : FF9EFFED;
    1445 : FF9EFFED;
    1446 : FF9EFFED;
    1447 : FF9EFFED;
    1448 : FF9EFFED;
    1449 : FF9EFFED;
    144A : FF9EFFED;
    144B : FF9EFFED;
    144C : FF9EFFED;
    144D : FF9EFFED;
    144E : FF9EFFEE;
    144F : FF9EFFEE;
    1450 : FF9EFFEE;
    1451 : FF9EFFEE;
    1452 : FF9EFFEE;
    1453 : FF9EFFEE;
    1454 : FF9EFFEE;
    1455 : FF9EFFEE;
    1456 : FF9EFFEE;
    1457 : FF9EFFEE;
    1458 : FF9EFFEE;
    1459 : FF9EFFEE;
    145A : FF9EFFEF;
    145B : FF9EFFEF;
    145C : FF9EFFEF;
    145D : FF9DFFEF;
    145E : FF9DFFEF;
    145F : FF9DFFEF;
    1460 : FF9DFFEF;
    1461 : FF9DFFEF;
    1462 : FF9DFFEF;
    1463 : FF9DFFEF;
    1464 : FF9DFFEF;
    1465 : FF9DFFF0;
    1466 : FF9DFFF0;
    1467 : FF9DFFF0;
    1468 : FF9DFFF0;
    1469 : FF9DFFF0;
    146A : FF9DFFF0;
    146B : FF9DFFF0;
    146C : FF9DFFF0;
    146D : FF9DFFF0;
    146E : FF9DFFF0;
    146F : FF9DFFF0;
    1470 : FF9DFFF0;
    1471 : FF9DFFF1;
    1472 : FF9DFFF1;
    1473 : FF9DFFF1;
    1474 : FF9DFFF1;
    1475 : FF9DFFF1;
    1476 : FF9DFFF1;
    1477 : FF9DFFF1;
    1478 : FF9DFFF1;
    1479 : FF9DFFF1;
    147A : FF9DFFF1;
    147B : FF9DFFF1;
    147C : FF9DFFF1;
    147D : FF9DFFF2;
    147E : FF9DFFF2;
    147F : FF9DFFF2;
    1480 : FF9DFFF2;
    1481 : FF9DFFF2;
    1482 : FF9DFFF2;
    1483 : FF9DFFF2;
    1484 : FF9DFFF2;
    1485 : FF9DFFF2;
    1486 : FF9DFFF2;
    1487 : FF9DFFF2;
    1488 : FF9DFFF3;
    1489 : FF9DFFF3;
    148A : FF9DFFF3;
    148B : FF9DFFF3;
    148C : FF9DFFF3;
    148D : FF9DFFF3;
    148E : FF9DFFF3;
    148F : FF9DFFF3;
    1490 : FF9DFFF3;
    1491 : FF9DFFF3;
    1492 : FF9DFFF3;
    1493 : FF9DFFF3;
    1494 : FF9DFFF4;
    1495 : FF9DFFF4;
    1496 : FF9DFFF4;
    1497 : FF9DFFF4;
    1498 : FF9DFFF4;
    1499 : FF9DFFF4;
    149A : FF9DFFF4;
    149B : FF9DFFF4;
    149C : FF9DFFF4;
    149D : FF9DFFF4;
    149E : FF9DFFF4;
    149F : FF9DFFF5;
    14A0 : FF9DFFF5;
    14A1 : FF9DFFF5;
    14A2 : FF9DFFF5;
    14A3 : FF9DFFF5;
    14A4 : FF9DFFF5;
    14A5 : FF9DFFF5;
    14A6 : FF9DFFF5;
    14A7 : FF9DFFF5;
    14A8 : FF9DFFF5;
    14A9 : FF9DFFF5;
    14AA : FF9DFFF5;
    14AB : FF9DFFF6;
    14AC : FF9DFFF6;
    14AD : FF9DFFF6;
    14AE : FF9DFFF6;
    14AF : FF9DFFF6;
    14B0 : FF9DFFF6;
    14B1 : FF9CFFF6;
    14B2 : FF9CFFF6;
    14B3 : FF9CFFF6;
    14B4 : FF9CFFF6;
    14B5 : FF9CFFF6;
    14B6 : FF9CFFF7;
    14B7 : FF9CFFF7;
    14B8 : FF9CFFF7;
    14B9 : FF9CFFF7;
    14BA : FF9CFFF7;
    14BB : FF9CFFF7;
    14BC : FF9CFFF7;
    14BD : FF9CFFF7;
    14BE : FF9CFFF7;
    14BF : FF9CFFF7;
    14C0 : FF9CFFF7;
    14C1 : FF9CFFF7;
    14C2 : FF9CFFF8;
    14C3 : FF9CFFF8;
    14C4 : FF9CFFF8;
    14C5 : FF9CFFF8;
    14C6 : FF9CFFF8;
    14C7 : FF9CFFF8;
    14C8 : FF9CFFF8;
    14C9 : FF9CFFF8;
    14CA : FF9CFFF8;
    14CB : FF9CFFF8;
    14CC : FF9CFFF8;
    14CD : FF9CFFF8;
    14CE : FF9CFFF9;
    14CF : FF9CFFF9;
    14D0 : FF9CFFF9;
    14D1 : FF9CFFF9;
    14D2 : FF9CFFF9;
    14D3 : FF9CFFF9;
    14D4 : FF9CFFF9;
    14D5 : FF9CFFF9;
    14D6 : FF9CFFF9;
    14D7 : FF9CFFF9;
    14D8 : FF9CFFF9;
    14D9 : FF9CFFFA;
    14DA : FF9CFFFA;
    14DB : FF9CFFFA;
    14DC : FF9CFFFA;
    14DD : FF9CFFFA;
    14DE : FF9CFFFA;
    14DF : FF9CFFFA;
    14E0 : FF9CFFFA;
    14E1 : FF9CFFFA;
    14E2 : FF9CFFFA;
    14E3 : FF9CFFFA;
    14E4 : FF9CFFFA;
    14E5 : FF9CFFFB;
    14E6 : FF9CFFFB;
    14E7 : FF9CFFFB;
    14E8 : FF9CFFFB;
    14E9 : FF9CFFFB;
    14EA : FF9CFFFB;
    14EB : FF9CFFFB;
    14EC : FF9CFFFB;
    14ED : FF9CFFFB;
    14EE : FF9CFFFB;
    14EF : FF9CFFFB;
    14F0 : FF9CFFFC;
    14F1 : FF9CFFFC;
    14F2 : FF9CFFFC;
    14F3 : FF9CFFFC;
    14F4 : FF9CFFFC;
    14F5 : FF9CFFFC;
    14F6 : FF9CFFFC;
    14F7 : FF9CFFFC;
    14F8 : FF9CFFFC;
    14F9 : FF9CFFFC;
    14FA : FF9CFFFC;
    14FB : FF9CFFFC;
    14FC : FF9CFFFD;
    14FD : FF9CFFFD;
    14FE : FF9CFFFD;
    14FF : FF9CFFFD;
    1500 : FF9CFFFD;
    1501 : FF9CFFFD;
    1502 : FF9CFFFD;
    1503 : FF9CFFFD;
    1504 : FF9CFFFD;
    1505 : FF9CFFFD;
    1506 : FF9CFFFD;
    1507 : FF9CFFFE;
    1508 : FF9CFFFE;
    1509 : FF9CFFFE;
    150A : FF9CFFFE;
    150B : FF9CFFFE;
    150C : FF9CFFFE;
    150D : FF9CFFFE;
    150E : FF9CFFFE;
    150F : FF9CFFFE;
    1510 : FF9CFFFE;
    1511 : FF9CFFFE;
    1512 : FF9CFFFE;
    1513 : FF9CFFFF;
    1514 : FF9CFFFF;
    1515 : FF9CFFFF;
    1516 : FF9CFFFF;
    1517 : FF9CFFFF;
    1518 : FF9CFFFF;
    1519 : FF9CFFFF;
    151A : FF9CFFFF;
    151B : FF9CFFFF;
    151C : FF9CFFFF;
    151D : FF9CFFFF;
    151E : FF9C0000;
    151F : FF9C0000;
    1520 : FF9C0000;
    1521 : FF9C0000;
    1522 : FF9C0000;
    1523 : FF9C0000;
    1524 : FF9C0000;
    1525 : FF9C0000;
    1526 : FF9C0000;
    1527 : FF9C0000;
    1528 : FF9C0000;
    1529 : FF9C0001;
    152A : FF9C0001;
    152B : FF9C0001;
    152C : FF9C0001;
    152D : FF9C0001;
    152E : FF9C0001;
    152F : FF9C0001;
    1530 : FF9C0001;
    1531 : FF9C0001;
    1532 : FF9C0001;
    1533 : FF9C0001;
    1534 : FF9C0001;
    1535 : FF9C0002;
    1536 : FF9C0002;
    1537 : FF9C0002;
    1538 : FF9C0002;
    1539 : FF9C0002;
    153A : FF9C0002;
    153B : FF9C0002;
    153C : FF9C0002;
    153D : FF9C0002;
    153E : FF9C0002;
    153F : FF9C0002;
    1540 : FF9C0003;
    1541 : FF9C0003;
    1542 : FF9C0003;
    1543 : FF9C0003;
    1544 : FF9C0003;
    1545 : FF9C0003;
    1546 : FF9C0003;
    1547 : FF9C0003;
    1548 : FF9C0003;
    1549 : FF9C0003;
    154A : FF9C0003;
    154B : FF9C0003;
    154C : FF9C0004;
    154D : FF9C0004;
    154E : FF9C0004;
    154F : FF9C0004;
    1550 : FF9C0004;
    1551 : FF9C0004;
    1552 : FF9C0004;
    1553 : FF9C0004;
    1554 : FF9C0004;
    1555 : FF9C0004;
    1556 : FF9C0004;
    1557 : FF9C0005;
    1558 : FF9C0005;
    1559 : FF9C0005;
    155A : FF9C0005;
    155B : FF9C0005;
    155C : FF9C0005;
    155D : FF9C0005;
    155E : FF9C0005;
    155F : FF9C0005;
    1560 : FF9C0005;
    1561 : FF9C0005;
    1562 : FF9C0005;
    1563 : FF9C0006;
    1564 : FF9C0006;
    1565 : FF9C0006;
    1566 : FF9C0006;
    1567 : FF9C0006;
    1568 : FF9C0006;
    1569 : FF9C0006;
    156A : FF9C0006;
    156B : FF9C0006;
    156C : FF9C0006;
    156D : FF9C0006;
    156E : FF9C0007;
    156F : FF9C0007;
    1570 : FF9C0007;
    1571 : FF9C0007;
    1572 : FF9C0007;
    1573 : FF9C0007;
    1574 : FF9C0007;
    1575 : FF9C0007;
    1576 : FF9C0007;
    1577 : FF9C0007;
    1578 : FF9C0007;
    1579 : FF9C0007;
    157A : FF9C0008;
    157B : FF9C0008;
    157C : FF9C0008;
    157D : FF9C0008;
    157E : FF9C0008;
    157F : FF9C0008;
    1580 : FF9C0008;
    1581 : FF9C0008;
    1582 : FF9C0008;
    1583 : FF9C0008;
    1584 : FF9C0008;
    1585 : FF9C0009;
    1586 : FF9C0009;
    1587 : FF9C0009;
    1588 : FF9C0009;
    1589 : FF9C0009;
    158A : FF9C0009;
    158B : FF9C0009;
    158C : FF9C0009;
    158D : FF9C0009;
    158E : FF9C0009;
    158F : FF9C0009;
    1590 : FF9C0009;
    1591 : FF9C000A;
    1592 : FF9C000A;
    1593 : FF9C000A;
    1594 : FF9C000A;
    1595 : FF9C000A;
    1596 : FF9C000A;
    1597 : FF9D000A;
    1598 : FF9D000A;
    1599 : FF9D000A;
    159A : FF9D000A;
    159B : FF9D000A;
    159C : FF9D000A;
    159D : FF9D000B;
    159E : FF9D000B;
    159F : FF9D000B;
    15A0 : FF9D000B;
    15A1 : FF9D000B;
    15A2 : FF9D000B;
    15A3 : FF9D000B;
    15A4 : FF9D000B;
    15A5 : FF9D000B;
    15A6 : FF9D000B;
    15A7 : FF9D000B;
    15A8 : FF9D000C;
    15A9 : FF9D000C;
    15AA : FF9D000C;
    15AB : FF9D000C;
    15AC : FF9D000C;
    15AD : FF9D000C;
    15AE : FF9D000C;
    15AF : FF9D000C;
    15B0 : FF9D000C;
    15B1 : FF9D000C;
    15B2 : FF9D000C;
    15B3 : FF9D000C;
    15B4 : FF9D000D;
    15B5 : FF9D000D;
    15B6 : FF9D000D;
    15B7 : FF9D000D;
    15B8 : FF9D000D;
    15B9 : FF9D000D;
    15BA : FF9D000D;
    15BB : FF9D000D;
    15BC : FF9D000D;
    15BD : FF9D000D;
    15BE : FF9D000D;
    15BF : FF9D000E;
    15C0 : FF9D000E;
    15C1 : FF9D000E;
    15C2 : FF9D000E;
    15C3 : FF9D000E;
    15C4 : FF9D000E;
    15C5 : FF9D000E;
    15C6 : FF9D000E;
    15C7 : FF9D000E;
    15C8 : FF9D000E;
    15C9 : FF9D000E;
    15CA : FF9D000E;
    15CB : FF9D000F;
    15CC : FF9D000F;
    15CD : FF9D000F;
    15CE : FF9D000F;
    15CF : FF9D000F;
    15D0 : FF9D000F;
    15D1 : FF9D000F;
    15D2 : FF9D000F;
    15D3 : FF9D000F;
    15D4 : FF9D000F;
    15D5 : FF9D000F;
    15D6 : FF9D0010;
    15D7 : FF9D0010;
    15D8 : FF9D0010;
    15D9 : FF9D0010;
    15DA : FF9D0010;
    15DB : FF9D0010;
    15DC : FF9D0010;
    15DD : FF9D0010;
    15DE : FF9D0010;
    15DF : FF9D0010;
    15E0 : FF9D0010;
    15E1 : FF9D0010;
    15E2 : FF9D0011;
    15E3 : FF9D0011;
    15E4 : FF9D0011;
    15E5 : FF9D0011;
    15E6 : FF9D0011;
    15E7 : FF9D0011;
    15E8 : FF9D0011;
    15E9 : FF9D0011;
    15EA : FF9D0011;
    15EB : FF9E0011;
    15EC : FF9E0011;
    15ED : FF9E0011;
    15EE : FF9E0012;
    15EF : FF9E0012;
    15F0 : FF9E0012;
    15F1 : FF9E0012;
    15F2 : FF9E0012;
    15F3 : FF9E0012;
    15F4 : FF9E0012;
    15F5 : FF9E0012;
    15F6 : FF9E0012;
    15F7 : FF9E0012;
    15F8 : FF9E0012;
    15F9 : FF9E0013;
    15FA : FF9E0013;
    15FB : FF9E0013;
    15FC : FF9E0013;
    15FD : FF9E0013;
    15FE : FF9E0013;
    15FF : FF9E0013;
    1600 : FF9E0013;
    1601 : FF9E0013;
    1602 : FF9E0013;
    1603 : FF9E0013;
    1604 : FF9E0013;
    1605 : FF9E0014;
    1606 : FF9E0014;
    1607 : FF9E0014;
    1608 : FF9E0014;
    1609 : FF9E0014;
    160A : FF9E0014;
    160B : FF9E0014;
    160C : FF9E0014;
    160D : FF9E0014;
    160E : FF9E0014;
    160F : FF9E0014;
    1610 : FF9E0014;
    1611 : FF9E0015;
    1612 : FF9E0015;
    1613 : FF9E0015;
    1614 : FF9E0015;
    1615 : FF9E0015;
    1616 : FF9E0015;
    1617 : FF9E0015;
    1618 : FF9E0015;
    1619 : FF9E0015;
    161A : FF9E0015;
    161B : FF9E0015;
    161C : FF9E0015;
    161D : FF9E0016;
    161E : FF9E0016;
    161F : FF9E0016;
    1620 : FF9E0016;
    1621 : FF9E0016;
    1622 : FF9E0016;
    1623 : FF9E0016;
    1624 : FF9E0016;
    1625 : FF9F0016;
    1626 : FF9F0016;
    1627 : FF9F0016;
    1628 : FF9F0017;
    1629 : FF9F0017;
    162A : FF9F0017;
    162B : FF9F0017;
    162C : FF9F0017;
    162D : FF9F0017;
    162E : FF9F0017;
    162F : FF9F0017;
    1630 : FF9F0017;
    1631 : FF9F0017;
    1632 : FF9F0017;
    1633 : FF9F0017;
    1634 : FF9F0018;
    1635 : FF9F0018;
    1636 : FF9F0018;
    1637 : FF9F0018;
    1638 : FF9F0018;
    1639 : FF9F0018;
    163A : FF9F0018;
    163B : FF9F0018;
    163C : FF9F0018;
    163D : FF9F0018;
    163E : FF9F0018;
    163F : FF9F0018;
    1640 : FF9F0019;
    1641 : FF9F0019;
    1642 : FF9F0019;
    1643 : FF9F0019;
    1644 : FF9F0019;
    1645 : FF9F0019;
    1646 : FF9F0019;
    1647 : FF9F0019;
    1648 : FF9F0019;
    1649 : FF9F0019;
    164A : FF9F0019;
    164B : FF9F0019;
    164C : FF9F001A;
    164D : FF9F001A;
    164E : FF9F001A;
    164F : FF9F001A;
    1650 : FF9F001A;
    1651 : FF9F001A;
    1652 : FF9F001A;
    1653 : FF9F001A;
    1654 : FFA0001A;
    1655 : FFA0001A;
    1656 : FFA0001A;
    1657 : FFA0001A;
    1658 : FFA0001B;
    1659 : FFA0001B;
    165A : FFA0001B;
    165B : FFA0001B;
    165C : FFA0001B;
    165D : FFA0001B;
    165E : FFA0001B;
    165F : FFA0001B;
    1660 : FFA0001B;
    1661 : FFA0001B;
    1662 : FFA0001B;
    1663 : FFA0001B;
    1664 : FFA0001C;
    1665 : FFA0001C;
    1666 : FFA0001C;
    1667 : FFA0001C;
    1668 : FFA0001C;
    1669 : FFA0001C;
    166A : FFA0001C;
    166B : FFA0001C;
    166C : FFA0001C;
    166D : FFA0001C;
    166E : FFA0001C;
    166F : FFA0001C;
    1670 : FFA0001D;
    1671 : FFA0001D;
    1672 : FFA0001D;
    1673 : FFA0001D;
    1674 : FFA0001D;
    1675 : FFA0001D;
    1676 : FFA0001D;
    1677 : FFA0001D;
    1678 : FFA0001D;
    1679 : FFA0001D;
    167A : FFA0001D;
    167B : FFA0001D;
    167C : FFA0001E;
    167D : FFA0001E;
    167E : FFA1001E;
    167F : FFA1001E;
    1680 : FFA1001E;
    1681 : FFA1001E;
    1682 : FFA1001E;
    1683 : FFA1001E;
    1684 : FFA1001E;
    1685 : FFA1001E;
    1686 : FFA1001E;
    1687 : FFA1001E;
    1688 : FFA1001F;
    1689 : FFA1001F;
    168A : FFA1001F;
    168B : FFA1001F;
    168C : FFA1001F;
    168D : FFA1001F;
    168E : FFA1001F;
    168F : FFA1001F;
    1690 : FFA1001F;
    1691 : FFA1001F;
    1692 : FFA1001F;
    1693 : FFA1001F;
    1694 : FFA10020;
    1695 : FFA10020;
    1696 : FFA10020;
    1697 : FFA10020;
    1698 : FFA10020;
    1699 : FFA10020;
    169A : FFA10020;
    169B : FFA10020;
    169C : FFA10020;
    169D : FFA10020;
    169E : FFA10020;
    169F : FFA10020;
    16A0 : FFA10021;
    16A1 : FFA10021;
    16A2 : FFA20021;
    16A3 : FFA20021;
    16A4 : FFA20021;
    16A5 : FFA20021;
    16A6 : FFA20021;
    16A7 : FFA20021;
    16A8 : FFA20021;
    16A9 : FFA20021;
    16AA : FFA20021;
    16AB : FFA20021;
    16AC : FFA20022;
    16AD : FFA20022;
    16AE : FFA20022;
    16AF : FFA20022;
    16B0 : FFA20022;
    16B1 : FFA20022;
    16B2 : FFA20022;
    16B3 : FFA20022;
    16B4 : FFA20022;
    16B5 : FFA20022;
    16B6 : FFA20022;
    16B7 : FFA20022;
    16B8 : FFA20023;
    16B9 : FFA20023;
    16BA : FFA20023;
    16BB : FFA20023;
    16BC : FFA20023;
    16BD : FFA20023;
    16BE : FFA20023;
    16BF : FFA20023;
    16C0 : FFA20023;
    16C1 : FFA20023;
    16C2 : FFA20023;
    16C3 : FFA20023;
    16C4 : FFA30024;
    16C5 : FFA30024;
    16C6 : FFA30024;
    16C7 : FFA30024;
    16C8 : FFA30024;
    16C9 : FFA30024;
    16CA : FFA30024;
    16CB : FFA30024;
    16CC : FFA30024;
    16CD : FFA30024;
    16CE : FFA30024;
    16CF : FFA30024;
    16D0 : FFA30024;
    16D1 : FFA30025;
    16D2 : FFA30025;
    16D3 : FFA30025;
    16D4 : FFA30025;
    16D5 : FFA30025;
    16D6 : FFA30025;
    16D7 : FFA30025;
    16D8 : FFA30025;
    16D9 : FFA30025;
    16DA : FFA30025;
    16DB : FFA30025;
    16DC : FFA30025;
    16DD : FFA30026;
    16DE : FFA30026;
    16DF : FFA30026;
    16E0 : FFA30026;
    16E1 : FFA30026;
    16E2 : FFA30026;
    16E3 : FFA40026;
    16E4 : FFA40026;
    16E5 : FFA40026;
    16E6 : FFA40026;
    16E7 : FFA40026;
    16E8 : FFA40026;
    16E9 : FFA40026;
    16EA : FFA40027;
    16EB : FFA40027;
    16EC : FFA40027;
    16ED : FFA40027;
    16EE : FFA40027;
    16EF : FFA40027;
    16F0 : FFA40027;
    16F1 : FFA40027;
    16F2 : FFA40027;
    16F3 : FFA40027;
    16F4 : FFA40027;
    16F5 : FFA40027;
    16F6 : FFA40028;
    16F7 : FFA40028;
    16F8 : FFA40028;
    16F9 : FFA40028;
    16FA : FFA40028;
    16FB : FFA40028;
    16FC : FFA40028;
    16FD : FFA40028;
    16FE : FFA40028;
    16FF : FFA40028;
    1700 : FFA40028;
    1701 : FFA50028;
    1702 : FFA50028;
    1703 : FFA50029;
    1704 : FFA50029;
    1705 : FFA50029;
    1706 : FFA50029;
    1707 : FFA50029;
    1708 : FFA50029;
    1709 : FFA50029;
    170A : FFA50029;
    170B : FFA50029;
    170C : FFA50029;
    170D : FFA50029;
    170E : FFA50029;
    170F : FFA5002A;
    1710 : FFA5002A;
    1711 : FFA5002A;
    1712 : FFA5002A;
    1713 : FFA5002A;
    1714 : FFA5002A;
    1715 : FFA5002A;
    1716 : FFA5002A;
    1717 : FFA5002A;
    1718 : FFA5002A;
    1719 : FFA5002A;
    171A : FFA5002A;
    171B : FFA5002A;
    171C : FFA6002B;
    171D : FFA6002B;
    171E : FFA6002B;
    171F : FFA6002B;
    1720 : FFA6002B;
    1721 : FFA6002B;
    1722 : FFA6002B;
    1723 : FFA6002B;
    1724 : FFA6002B;
    1725 : FFA6002B;
    1726 : FFA6002B;
    1727 : FFA6002B;
    1728 : FFA6002B;
    1729 : FFA6002C;
    172A : FFA6002C;
    172B : FFA6002C;
    172C : FFA6002C;
    172D : FFA6002C;
    172E : FFA6002C;
    172F : FFA6002C;
    1730 : FFA6002C;
    1731 : FFA6002C;
    1732 : FFA6002C;
    1733 : FFA6002C;
    1734 : FFA6002C;
    1735 : FFA6002D;
    1736 : FFA6002D;
    1737 : FFA7002D;
    1738 : FFA7002D;
    1739 : FFA7002D;
    173A : FFA7002D;
    173B : FFA7002D;
    173C : FFA7002D;
    173D : FFA7002D;
    173E : FFA7002D;
    173F : FFA7002D;
    1740 : FFA7002D;
    1741 : FFA7002D;
    1742 : FFA7002E;
    1743 : FFA7002E;
    1744 : FFA7002E;
    1745 : FFA7002E;
    1746 : FFA7002E;
    1747 : FFA7002E;
    1748 : FFA7002E;
    1749 : FFA7002E;
    174A : FFA7002E;
    174B : FFA7002E;
    174C : FFA7002E;
    174D : FFA7002E;
    174E : FFA7002E;
    174F : FFA7002F;
    1750 : FFA8002F;
    1751 : FFA8002F;
    1752 : FFA8002F;
    1753 : FFA8002F;
    1754 : FFA8002F;
    1755 : FFA8002F;
    1756 : FFA8002F;
    1757 : FFA8002F;
    1758 : FFA8002F;
    1759 : FFA8002F;
    175A : FFA8002F;
    175B : FFA8002F;
    175C : FFA80030;
    175D : FFA80030;
    175E : FFA80030;
    175F : FFA80030;
    1760 : FFA80030;
    1761 : FFA80030;
    1762 : FFA80030;
    1763 : FFA80030;
    1764 : FFA80030;
    1765 : FFA80030;
    1766 : FFA80030;
    1767 : FFA80030;
    1768 : FFA90030;
    1769 : FFA90031;
    176A : FFA90031;
    176B : FFA90031;
    176C : FFA90031;
    176D : FFA90031;
    176E : FFA90031;
    176F : FFA90031;
    1770 : FFA90031;
    1771 : FFA90031;
    1772 : FFA90031;
    1773 : FFA90031;
    1774 : FFA90031;
    1775 : FFA90031;
    1776 : FFA90032;
    1777 : FFA90032;
    1778 : FFA90032;
    1779 : FFA90032;
    177A : FFA90032;
    177B : FFA90032;
    177C : FFA90032;
    177D : FFA90032;
    177E : FFA90032;
    177F : FFAA0032;
    1780 : FFAA0032;
    1781 : FFAA0032;
    1782 : FFAA0032;
    1783 : FFAA0032;
    1784 : FFAA0033;
    1785 : FFAA0033;
    1786 : FFAA0033;
    1787 : FFAA0033;
    1788 : FFAA0033;
    1789 : FFAA0033;
    178A : FFAA0033;
    178B : FFAA0033;
    178C : FFAA0033;
    178D : FFAA0033;
    178E : FFAA0033;
    178F : FFAA0033;
    1790 : FFAA0033;
    1791 : FFAA0034;
    1792 : FFAA0034;
    1793 : FFAA0034;
    1794 : FFAA0034;
    1795 : FFAA0034;
    1796 : FFAB0034;
    1797 : FFAB0034;
    1798 : FFAB0034;
    1799 : FFAB0034;
    179A : FFAB0034;
    179B : FFAB0034;
    179C : FFAB0034;
    179D : FFAB0034;
    179E : FFAB0035;
    179F : FFAB0035;
    17A0 : FFAB0035;
    17A1 : FFAB0035;
    17A2 : FFAB0035;
    17A3 : FFAB0035;
    17A4 : FFAB0035;
    17A5 : FFAB0035;
    17A6 : FFAB0035;
    17A7 : FFAB0035;
    17A8 : FFAB0035;
    17A9 : FFAB0035;
    17AA : FFAB0035;
    17AB : FFAB0035;
    17AC : FFAC0036;
    17AD : FFAC0036;
    17AE : FFAC0036;
    17AF : FFAC0036;
    17B0 : FFAC0036;
    17B1 : FFAC0036;
    17B2 : FFAC0036;
    17B3 : FFAC0036;
    17B4 : FFAC0036;
    17B5 : FFAC0036;
    17B6 : FFAC0036;
    17B7 : FFAC0036;
    17B8 : FFAC0036;
    17B9 : FFAC0036;
    17BA : FFAC0037;
    17BB : FFAC0037;
    17BC : FFAC0037;
    17BD : FFAC0037;
    17BE : FFAC0037;
    17BF : FFAC0037;
    17C0 : FFAC0037;
    17C1 : FFAD0037;
    17C2 : FFAD0037;
    17C3 : FFAD0037;
    17C4 : FFAD0037;
    17C5 : FFAD0037;
    17C6 : FFAD0037;
    17C7 : FFAD0038;
    17C8 : FFAD0038;
    17C9 : FFAD0038;
    17CA : FFAD0038;
    17CB : FFAD0038;
    17CC : FFAD0038;
    17CD : FFAD0038;
    17CE : FFAD0038;
    17CF : FFAD0038;
    17D0 : FFAD0038;
    17D1 : FFAD0038;
    17D2 : FFAD0038;
    17D3 : FFAD0038;
    17D4 : FFAD0038;
    17D5 : FFAE0039;
    17D6 : FFAE0039;
    17D7 : FFAE0039;
    17D8 : FFAE0039;
    17D9 : FFAE0039;
    17DA : FFAE0039;
    17DB : FFAE0039;
    17DC : FFAE0039;
    17DD : FFAE0039;
    17DE : FFAE0039;
    17DF : FFAE0039;
    17E0 : FFAE0039;
    17E1 : FFAE0039;
    17E2 : FFAE0039;
    17E3 : FFAE003A;
    17E4 : FFAE003A;
    17E5 : FFAE003A;
    17E6 : FFAE003A;
    17E7 : FFAE003A;
    17E8 : FFAE003A;
    17E9 : FFAF003A;
    17EA : FFAF003A;
    17EB : FFAF003A;
    17EC : FFAF003A;
    17ED : FFAF003A;
    17EE : FFAF003A;
    17EF : FFAF003A;
    17F0 : FFAF003A;
    17F1 : FFAF003B;
    17F2 : FFAF003B;
    17F3 : FFAF003B;
    17F4 : FFAF003B;
    17F5 : FFAF003B;
    17F6 : FFAF003B;
    17F7 : FFAF003B;
    17F8 : FFAF003B;
    17F9 : FFAF003B;
    17FA : FFAF003B;
    17FB : FFAF003B;
    17FC : FFAF003B;
    17FD : FFB0003B;
    17FE : FFB0003B;
    17FF : FFB0003B;
    1800 : FFB0003C;
    1801 : FFB0003C;
    1802 : FFB0003C;
    1803 : FFB0003C;
    1804 : FFB0003C;
    1805 : FFB0003C;
    1806 : FFB0003C;
    1807 : FFB0003C;
    1808 : FFB0003C;
    1809 : FFB0003C;
    180A : FFB0003C;
    180B : FFB0003C;
    180C : FFB0003C;
    180D : FFB0003C;
    180E : FFB0003D;
    180F : FFB0003D;
    1810 : FFB1003D;
    1811 : FFB1003D;
    1812 : FFB1003D;
    1813 : FFB1003D;
    1814 : FFB1003D;
    1815 : FFB1003D;
    1816 : FFB1003D;
    1817 : FFB1003D;
    1818 : FFB1003D;
    1819 : FFB1003D;
    181A : FFB1003D;
    181B : FFB1003D;
    181C : FFB1003E;
    181D : FFB1003E;
    181E : FFB1003E;
    181F : FFB1003E;
    1820 : FFB1003E;
    1821 : FFB1003E;
    1822 : FFB1003E;
    1823 : FFB2003E;
    1824 : FFB2003E;
    1825 : FFB2003E;
    1826 : FFB2003E;
    1827 : FFB2003E;
    1828 : FFB2003E;
    1829 : FFB2003E;
    182A : FFB2003E;
    182B : FFB2003F;
    182C : FFB2003F;
    182D : FFB2003F;
    182E : FFB2003F;
    182F : FFB2003F;
    1830 : FFB2003F;
    1831 : FFB2003F;
    1832 : FFB2003F;
    1833 : FFB2003F;
    1834 : FFB2003F;
    1835 : FFB3003F;
    1836 : FFB3003F;
    1837 : FFB3003F;
    1838 : FFB3003F;
    1839 : FFB3003F;
    183A : FFB30040;
    183B : FFB30040;
    183C : FFB30040;
    183D : FFB30040;
    183E : FFB30040;
    183F : FFB30040;
    1840 : FFB30040;
    1841 : FFB30040;
    1842 : FFB30040;
    1843 : FFB30040;
    1844 : FFB30040;
    1845 : FFB30040;
    1846 : FFB30040;
    1847 : FFB40040;
    1848 : FFB40040;
    1849 : FFB40041;
    184A : FFB40041;
    184B : FFB40041;
    184C : FFB40041;
    184D : FFB40041;
    184E : FFB40041;
    184F : FFB40041;
    1850 : FFB40041;
    1851 : FFB40041;
    1852 : FFB40041;
    1853 : FFB40041;
    1854 : FFB40041;
    1855 : FFB40041;
    1856 : FFB40041;
    1857 : FFB40041;
    1858 : FFB40042;
    1859 : FFB50042;
    185A : FFB50042;
    185B : FFB50042;
    185C : FFB50042;
    185D : FFB50042;
    185E : FFB50042;
    185F : FFB50042;
    1860 : FFB50042;
    1861 : FFB50042;
    1862 : FFB50042;
    1863 : FFB50042;
    1864 : FFB50042;
    1865 : FFB50042;
    1866 : FFB50042;
    1867 : FFB50043;
    1868 : FFB50043;
    1869 : FFB50043;
    186A : FFB60043;
    186B : FFB60043;
    186C : FFB60043;
    186D : FFB60043;
    186E : FFB60043;
    186F : FFB60043;
    1870 : FFB60043;
    1871 : FFB60043;
    1872 : FFB60043;
    1873 : FFB60043;
    1874 : FFB60043;
    1875 : FFB60043;
    1876 : FFB60043;
    1877 : FFB60044;
    1878 : FFB60044;
    1879 : FFB60044;
    187A : FFB60044;
    187B : FFB70044;
    187C : FFB70044;
    187D : FFB70044;
    187E : FFB70044;
    187F : FFB70044;
    1880 : FFB70044;
    1881 : FFB70044;
    1882 : FFB70044;
    1883 : FFB70044;
    1884 : FFB70044;
    1885 : FFB70044;
    1886 : FFB70045;
    1887 : FFB70045;
    1888 : FFB70045;
    1889 : FFB70045;
    188A : FFB70045;
    188B : FFB70045;
    188C : FFB80045;
    188D : FFB80045;
    188E : FFB80045;
    188F : FFB80045;
    1890 : FFB80045;
    1891 : FFB80045;
    1892 : FFB80045;
    1893 : FFB80045;
    1894 : FFB80045;
    1895 : FFB80045;
    1896 : FFB80046;
    1897 : FFB80046;
    1898 : FFB80046;
    1899 : FFB80046;
    189A : FFB80046;
    189B : FFB80046;
    189C : FFB80046;
    189D : FFB90046;
    189E : FFB90046;
    189F : FFB90046;
    18A0 : FFB90046;
    18A1 : FFB90046;
    18A2 : FFB90046;
    18A3 : FFB90046;
    18A4 : FFB90046;
    18A5 : FFB90046;
    18A6 : FFB90047;
    18A7 : FFB90047;
    18A8 : FFB90047;
    18A9 : FFB90047;
    18AA : FFB90047;
    18AB : FFB90047;
    18AC : FFB90047;
    18AD : FFBA0047;
    18AE : FFBA0047;
    18AF : FFBA0047;
    18B0 : FFBA0047;
    18B1 : FFBA0047;
    18B2 : FFBA0047;
    18B3 : FFBA0047;
    18B4 : FFBA0047;
    18B5 : FFBA0047;
    18B6 : FFBA0047;
    18B7 : FFBA0048;
    18B8 : FFBA0048;
    18B9 : FFBA0048;
    18BA : FFBA0048;
    18BB : FFBA0048;
    18BC : FFBA0048;
    18BD : FFBB0048;
    18BE : FFBB0048;
    18BF : FFBB0048;
    18C0 : FFBB0048;
    18C1 : FFBB0048;
    18C2 : FFBB0048;
    18C3 : FFBB0048;
    18C4 : FFBB0048;
    18C5 : FFBB0048;
    18C6 : FFBB0048;
    18C7 : FFBB0049;
    18C8 : FFBB0049;
    18C9 : FFBB0049;
    18CA : FFBB0049;
    18CB : FFBB0049;
    18CC : FFBB0049;
    18CD : FFBC0049;
    18CE : FFBC0049;
    18CF : FFBC0049;
    18D0 : FFBC0049;
    18D1 : FFBC0049;
    18D2 : FFBC0049;
    18D3 : FFBC0049;
    18D4 : FFBC0049;
    18D5 : FFBC0049;
    18D6 : FFBC0049;
    18D7 : FFBC0049;
    18D8 : FFBC004A;
    18D9 : FFBC004A;
    18DA : FFBC004A;
    18DB : FFBC004A;
    18DC : FFBC004A;
    18DD : FFBD004A;
    18DE : FFBD004A;
    18DF : FFBD004A;
    18E0 : FFBD004A;
    18E1 : FFBD004A;
    18E2 : FFBD004A;
    18E3 : FFBD004A;
    18E4 : FFBD004A;
    18E5 : FFBD004A;
    18E6 : FFBD004A;
    18E7 : FFBD004A;
    18E8 : FFBD004A;
    18E9 : FFBD004B;
    18EA : FFBD004B;
    18EB : FFBD004B;
    18EC : FFBE004B;
    18ED : FFBE004B;
    18EE : FFBE004B;
    18EF : FFBE004B;
    18F0 : FFBE004B;
    18F1 : FFBE004B;
    18F2 : FFBE004B;
    18F3 : FFBE004B;
    18F4 : FFBE004B;
    18F5 : FFBE004B;
    18F6 : FFBE004B;
    18F7 : FFBE004B;
    18F8 : FFBE004B;
    18F9 : FFBE004B;
    18FA : FFBE004C;
    18FB : FFBF004C;
    18FC : FFBF004C;
    18FD : FFBF004C;
    18FE : FFBF004C;
    18FF : FFBF004C;
    1900 : FFBF004C;
    1901 : FFBF004C;
    1902 : FFBF004C;
    1903 : FFBF004C;
    1904 : FFBF004C;
    1905 : FFBF004C;
    1906 : FFBF004C;
    1907 : FFBF004C;
    1908 : FFBF004C;
    1909 : FFBF004C;
    190A : FFBF004C;
    190B : FFC0004C;
    190C : FFC0004D;
    190D : FFC0004D;
    190E : FFC0004D;
    190F : FFC0004D;
    1910 : FFC0004D;
    1911 : FFC0004D;
    1912 : FFC0004D;
    1913 : FFC0004D;
    1914 : FFC0004D;
    1915 : FFC0004D;
    1916 : FFC0004D;
    1917 : FFC0004D;
    1918 : FFC0004D;
    1919 : FFC1004D;
    191A : FFC1004D;
    191B : FFC1004D;
    191C : FFC1004D;
    191D : FFC1004D;
    191E : FFC1004E;
    191F : FFC1004E;
    1920 : FFC1004E;
    1921 : FFC1004E;
    1922 : FFC1004E;
    1923 : FFC1004E;
    1924 : FFC1004E;
    1925 : FFC1004E;
    1926 : FFC1004E;
    1927 : FFC1004E;
    1928 : FFC2004E;
    1929 : FFC2004E;
    192A : FFC2004E;
    192B : FFC2004E;
    192C : FFC2004E;
    192D : FFC2004E;
    192E : FFC2004E;
    192F : FFC2004E;
    1930 : FFC2004F;
    1931 : FFC2004F;
    1932 : FFC2004F;
    1933 : FFC2004F;
    1934 : FFC2004F;
    1935 : FFC2004F;
    1936 : FFC2004F;
    1937 : FFC3004F;
    1938 : FFC3004F;
    1939 : FFC3004F;
    193A : FFC3004F;
    193B : FFC3004F;
    193C : FFC3004F;
    193D : FFC3004F;
    193E : FFC3004F;
    193F : FFC3004F;
    1940 : FFC3004F;
    1941 : FFC3004F;
    1942 : FFC3004F;
    1943 : FFC30050;
    1944 : FFC30050;
    1945 : FFC40050;
    1946 : FFC40050;
    1947 : FFC40050;
    1948 : FFC40050;
    1949 : FFC40050;
    194A : FFC40050;
    194B : FFC40050;
    194C : FFC40050;
    194D : FFC40050;
    194E : FFC40050;
    194F : FFC40050;
    1950 : FFC40050;
    1951 : FFC40050;
    1952 : FFC40050;
    1953 : FFC40050;
    1954 : FFC50050;
    1955 : FFC50050;
    1956 : FFC50051;
    1957 : FFC50051;
    1958 : FFC50051;
    1959 : FFC50051;
    195A : FFC50051;
    195B : FFC50051;
    195C : FFC50051;
    195D : FFC50051;
    195E : FFC50051;
    195F : FFC50051;
    1960 : FFC50051;
    1961 : FFC50051;
    1962 : FFC60051;
    1963 : FFC60051;
    1964 : FFC60051;
    1965 : FFC60051;
    1966 : FFC60051;
    1967 : FFC60051;
    1968 : FFC60051;
    1969 : FFC60051;
    196A : FFC60052;
    196B : FFC60052;
    196C : FFC60052;
    196D : FFC60052;
    196E : FFC60052;
    196F : FFC60052;
    1970 : FFC70052;
    1971 : FFC70052;
    1972 : FFC70052;
    1973 : FFC70052;
    1974 : FFC70052;
    1975 : FFC70052;
    1976 : FFC70052;
    1977 : FFC70052;
    1978 : FFC70052;
    1979 : FFC70052;
    197A : FFC70052;
    197B : FFC70052;
    197C : FFC70052;
    197D : FFC70052;
    197E : FFC80053;
    197F : FFC80053;
    1980 : FFC80053;
    1981 : FFC80053;
    1982 : FFC80053;
    1983 : FFC80053;
    1984 : FFC80053;
    1985 : FFC80053;
    1986 : FFC80053;
    1987 : FFC80053;
    1988 : FFC80053;
    1989 : FFC80053;
    198A : FFC80053;
    198B : FFC80053;
    198C : FFC90053;
    198D : FFC90053;
    198E : FFC90053;
    198F : FFC90053;
    1990 : FFC90053;
    1991 : FFC90053;
    1992 : FFC90054;
    1993 : FFC90054;
    1994 : FFC90054;
    1995 : FFC90054;
    1996 : FFC90054;
    1997 : FFC90054;
    1998 : FFC90054;
    1999 : FFC90054;
    199A : FFCA0054;
    199B : FFCA0054;
    199C : FFCA0054;
    199D : FFCA0054;
    199E : FFCA0054;
    199F : FFCA0054;
    19A0 : FFCA0054;
    19A1 : FFCA0054;
    19A2 : FFCA0054;
    19A3 : FFCA0054;
    19A4 : FFCA0054;
    19A5 : FFCA0054;
    19A6 : FFCA0054;
    19A7 : FFCB0054;
    19A8 : FFCB0055;
    19A9 : FFCB0055;
    19AA : FFCB0055;
    19AB : FFCB0055;
    19AC : FFCB0055;
    19AD : FFCB0055;
    19AE : FFCB0055;
    19AF : FFCB0055;
    19B0 : FFCB0055;
    19B1 : FFCB0055;
    19B2 : FFCB0055;
    19B3 : FFCB0055;
    19B4 : FFCB0055;
    19B5 : FFCC0055;
    19B6 : FFCC0055;
    19B7 : FFCC0055;
    19B8 : FFCC0055;
    19B9 : FFCC0055;
    19BA : FFCC0055;
    19BB : FFCC0055;
    19BC : FFCC0055;
    19BD : FFCC0056;
    19BE : FFCC0056;
    19BF : FFCC0056;
    19C0 : FFCC0056;
    19C1 : FFCC0056;
    19C2 : FFCD0056;
    19C3 : FFCD0056;
    19C4 : FFCD0056;
    19C5 : FFCD0056;
    19C6 : FFCD0056;
    19C7 : FFCD0056;
    19C8 : FFCD0056;
    19C9 : FFCD0056;
    19CA : FFCD0056;
    19CB : FFCD0056;
    19CC : FFCD0056;
    19CD : FFCD0056;
    19CE : FFCD0056;
    19CF : FFCD0056;
    19D0 : FFCE0056;
    19D1 : FFCE0056;
    19D2 : FFCE0056;
    19D3 : FFCE0056;
    19D4 : FFCE0057;
    19D5 : FFCE0057;
    19D6 : FFCE0057;
    19D7 : FFCE0057;
    19D8 : FFCE0057;
    19D9 : FFCE0057;
    19DA : FFCE0057;
    19DB : FFCE0057;
    19DC : FFCE0057;
    19DD : FFCF0057;
    19DE : FFCF0057;
    19DF : FFCF0057;
    19E0 : FFCF0057;
    19E1 : FFCF0057;
    19E2 : FFCF0057;
    19E3 : FFCF0057;
    19E4 : FFCF0057;
    19E5 : FFCF0057;
    19E6 : FFCF0057;
    19E7 : FFCF0057;
    19E8 : FFCF0057;
    19E9 : FFCF0057;
    19EA : FFD00057;
    19EB : FFD00058;
    19EC : FFD00058;
    19ED : FFD00058;
    19EE : FFD00058;
    19EF : FFD00058;
    19F0 : FFD00058;
    19F1 : FFD00058;
    19F2 : FFD00058;
    19F3 : FFD00058;
    19F4 : FFD00058;
    19F5 : FFD00058;
    19F6 : FFD00058;
    19F7 : FFD10058;
    19F8 : FFD10058;
    19F9 : FFD10058;
    19FA : FFD10058;
    19FB : FFD10058;
    19FC : FFD10058;
    19FD : FFD10058;
    19FE : FFD10058;
    19FF : FFD10058;
    1A00 : FFD10058;
    1A01 : FFD10058;
    1A02 : FFD10058;
    1A03 : FFD10059;
    1A04 : FFD20059;
    1A05 : FFD20059;
    1A06 : FFD20059;
    1A07 : FFD20059;
    1A08 : FFD20059;
    1A09 : FFD20059;
    1A0A : FFD20059;
    1A0B : FFD20059;
    1A0C : FFD20059;
    1A0D : FFD20059;
    1A0E : FFD20059;
    1A0F : FFD20059;
    1A10 : FFD20059;
    1A11 : FFD30059;
    1A12 : FFD30059;
    1A13 : FFD30059;
    1A14 : FFD30059;
    1A15 : FFD30059;
    1A16 : FFD30059;
    1A17 : FFD30059;
    1A18 : FFD30059;
    1A19 : FFD30059;
    1A1A : FFD30059;
    1A1B : FFD30059;
    1A1C : FFD30059;
    1A1D : FFD3005A;
    1A1E : FFD4005A;
    1A1F : FFD4005A;
    1A20 : FFD4005A;
    1A21 : FFD4005A;
    1A22 : FFD4005A;
    1A23 : FFD4005A;
    1A24 : FFD4005A;
    1A25 : FFD4005A;
    1A26 : FFD4005A;
    1A27 : FFD4005A;
    1A28 : FFD4005A;
    1A29 : FFD4005A;
    1A2A : FFD4005A;
    1A2B : FFD5005A;
    1A2C : FFD5005A;
    1A2D : FFD5005A;
    1A2E : FFD5005A;
    1A2F : FFD5005A;
    1A30 : FFD5005A;
    1A31 : FFD5005A;
    1A32 : FFD5005A;
    1A33 : FFD5005A;
    1A34 : FFD5005A;
    1A35 : FFD5005A;
    1A36 : FFD5005A;
    1A37 : FFD6005B;
    1A38 : FFD6005B;
    1A39 : FFD6005B;
    1A3A : FFD6005B;
    1A3B : FFD6005B;
    1A3C : FFD6005B;
    1A3D : FFD6005B;
    1A3E : FFD6005B;
    1A3F : FFD6005B;
    1A40 : FFD6005B;
    1A41 : FFD6005B;
    1A42 : FFD6005B;
    1A43 : FFD6005B;
    1A44 : FFD7005B;
    1A45 : FFD7005B;
    1A46 : FFD7005B;
    1A47 : FFD7005B;
    1A48 : FFD7005B;
    1A49 : FFD7005B;
    1A4A : FFD7005B;
    1A4B : FFD7005B;
    1A4C : FFD7005B;
    1A4D : FFD7005B;
    1A4E : FFD7005B;
    1A4F : FFD7005B;
    1A50 : FFD7005B;
    1A51 : FFD8005B;
    1A52 : FFD8005B;
    1A53 : FFD8005C;
    1A54 : FFD8005C;
    1A55 : FFD8005C;
    1A56 : FFD8005C;
    1A57 : FFD8005C;
    1A58 : FFD8005C;
    1A59 : FFD8005C;
    1A5A : FFD8005C;
    1A5B : FFD8005C;
    1A5C : FFD8005C;
    1A5D : FFD9005C;
    1A5E : FFD9005C;
    1A5F : FFD9005C;
    1A60 : FFD9005C;
    1A61 : FFD9005C;
    1A62 : FFD9005C;
    1A63 : FFD9005C;
    1A64 : FFD9005C;
    1A65 : FFD9005C;
    1A66 : FFD9005C;
    1A67 : FFD9005C;
    1A68 : FFD9005C;
    1A69 : FFD9005C;
    1A6A : FFDA005C;
    1A6B : FFDA005C;
    1A6C : FFDA005C;
    1A6D : FFDA005C;
    1A6E : FFDA005C;
    1A6F : FFDA005C;
    1A70 : FFDA005D;
    1A71 : FFDA005D;
    1A72 : FFDA005D;
    1A73 : FFDA005D;
    1A74 : FFDA005D;
    1A75 : FFDA005D;
    1A76 : FFDB005D;
    1A77 : FFDB005D;
    1A78 : FFDB005D;
    1A79 : FFDB005D;
    1A7A : FFDB005D;
    1A7B : FFDB005D;
    1A7C : FFDB005D;
    1A7D : FFDB005D;
    1A7E : FFDB005D;
    1A7F : FFDB005D;
    1A80 : FFDB005D;
    1A81 : FFDB005D;
    1A82 : FFDC005D;
    1A83 : FFDC005D;
    1A84 : FFDC005D;
    1A85 : FFDC005D;
    1A86 : FFDC005D;
    1A87 : FFDC005D;
    1A88 : FFDC005D;
    1A89 : FFDC005D;
    1A8A : FFDC005D;
    1A8B : FFDC005D;
    1A8C : FFDC005D;
    1A8D : FFDC005D;
    1A8E : FFDC005D;
    1A8F : FFDD005E;
    1A90 : FFDD005E;
    1A91 : FFDD005E;
    1A92 : FFDD005E;
    1A93 : FFDD005E;
    1A94 : FFDD005E;
    1A95 : FFDD005E;
    1A96 : FFDD005E;
    1A97 : FFDD005E;
    1A98 : FFDD005E;
    1A99 : FFDD005E;
    1A9A : FFDD005E;
    1A9B : FFDE005E;
    1A9C : FFDE005E;
    1A9D : FFDE005E;
    1A9E : FFDE005E;
    1A9F : FFDE005E;
    1AA0 : FFDE005E;
    1AA1 : FFDE005E;
    1AA2 : FFDE005E;
    1AA3 : FFDE005E;
    1AA4 : FFDE005E;
    1AA5 : FFDE005E;
    1AA6 : FFDE005E;
    1AA7 : FFDF005E;
    1AA8 : FFDF005E;
    1AA9 : FFDF005E;
    1AAA : FFDF005E;
    1AAB : FFDF005E;
    1AAC : FFDF005E;
    1AAD : FFDF005E;
    1AAE : FFDF005E;
    1AAF : FFDF005E;
    1AB0 : FFDF005E;
    1AB1 : FFDF005F;
    1AB2 : FFDF005F;
    1AB3 : FFE0005F;
    1AB4 : FFE0005F;
    1AB5 : FFE0005F;
    1AB6 : FFE0005F;
    1AB7 : FFE0005F;
    1AB8 : FFE0005F;
    1AB9 : FFE0005F;
    1ABA : FFE0005F;
    1ABB : FFE0005F;
    1ABC : FFE0005F;
    1ABD : FFE0005F;
    1ABE : FFE0005F;
    1ABF : FFE0005F;
    1AC0 : FFE1005F;
    1AC1 : FFE1005F;
    1AC2 : FFE1005F;
    1AC3 : FFE1005F;
    1AC4 : FFE1005F;
    1AC5 : FFE1005F;
    1AC6 : FFE1005F;
    1AC7 : FFE1005F;
    1AC8 : FFE1005F;
    1AC9 : FFE1005F;
    1ACA : FFE1005F;
    1ACB : FFE1005F;
    1ACC : FFE2005F;
    1ACD : FFE2005F;
    1ACE : FFE2005F;
    1ACF : FFE2005F;
    1AD0 : FFE2005F;
    1AD1 : FFE2005F;
    1AD2 : FFE2005F;
    1AD3 : FFE2005F;
    1AD4 : FFE2005F;
    1AD5 : FFE2005F;
    1AD6 : FFE20060;
    1AD7 : FFE20060;
    1AD8 : FFE30060;
    1AD9 : FFE30060;
    1ADA : FFE30060;
    1ADB : FFE30060;
    1ADC : FFE30060;
    1ADD : FFE30060;
    1ADE : FFE30060;
    1ADF : FFE30060;
    1AE0 : FFE30060;
    1AE1 : FFE30060;
    1AE2 : FFE30060;
    1AE3 : FFE30060;
    1AE4 : FFE40060;
    1AE5 : FFE40060;
    1AE6 : FFE40060;
    1AE7 : FFE40060;
    1AE8 : FFE40060;
    1AE9 : FFE40060;
    1AEA : FFE40060;
    1AEB : FFE40060;
    1AEC : FFE40060;
    1AED : FFE40060;
    1AEE : FFE40060;
    1AEF : FFE40060;
    1AF0 : FFE50060;
    1AF1 : FFE50060;
    1AF2 : FFE50060;
    1AF3 : FFE50060;
    1AF4 : FFE50060;
    1AF5 : FFE50060;
    1AF6 : FFE50060;
    1AF7 : FFE50060;
    1AF8 : FFE50060;
    1AF9 : FFE50060;
    1AFA : FFE50060;
    1AFB : FFE50060;
    1AFC : FFE60060;
    1AFD : FFE60060;
    1AFE : FFE60060;
    1AFF : FFE60061;
    1B00 : FFE60061;
    1B01 : FFE60061;
    1B02 : FFE60061;
    1B03 : FFE60061;
    1B04 : FFE60061;
    1B05 : FFE60061;
    1B06 : FFE60061;
    1B07 : FFE70061;
    1B08 : FFE70061;
    1B09 : FFE70061;
    1B0A : FFE70061;
    1B0B : FFE70061;
    1B0C : FFE70061;
    1B0D : FFE70061;
    1B0E : FFE70061;
    1B0F : FFE70061;
    1B10 : FFE70061;
    1B11 : FFE70061;
    1B12 : FFE70061;
    1B13 : FFE80061;
    1B14 : FFE80061;
    1B15 : FFE80061;
    1B16 : FFE80061;
    1B17 : FFE80061;
    1B18 : FFE80061;
    1B19 : FFE80061;
    1B1A : FFE80061;
    1B1B : FFE80061;
    1B1C : FFE80061;
    1B1D : FFE80061;
    1B1E : FFE80061;
    1B1F : FFE90061;
    1B20 : FFE90061;
    1B21 : FFE90061;
    1B22 : FFE90061;
    1B23 : FFE90061;
    1B24 : FFE90061;
    1B25 : FFE90061;
    1B26 : FFE90061;
    1B27 : FFE90061;
    1B28 : FFE90061;
    1B29 : FFE90061;
    1B2A : FFE90061;
    1B2B : FFEA0061;
    1B2C : FFEA0061;
    1B2D : FFEA0061;
    1B2E : FFEA0062;
    1B2F : FFEA0062;
    1B30 : FFEA0062;
    1B31 : FFEA0062;
    1B32 : FFEA0062;
    1B33 : FFEA0062;
    1B34 : FFEA0062;
    1B35 : FFEA0062;
    1B36 : FFEA0062;
    1B37 : FFEB0062;
    1B38 : FFEB0062;
    1B39 : FFEB0062;
    1B3A : FFEB0062;
    1B3B : FFEB0062;
    1B3C : FFEB0062;
    1B3D : FFEB0062;
    1B3E : FFEB0062;
    1B3F : FFEB0062;
    1B40 : FFEB0062;
    1B41 : FFEB0062;
    1B42 : FFEC0062;
    1B43 : FFEC0062;
    1B44 : FFEC0062;
    1B45 : FFEC0062;
    1B46 : FFEC0062;
    1B47 : FFEC0062;
    1B48 : FFEC0062;
    1B49 : FFEC0062;
    1B4A : FFEC0062;
    1B4B : FFEC0062;
    1B4C : FFEC0062;
    1B4D : FFEC0062;
    1B4E : FFED0062;
    1B4F : FFED0062;
    1B50 : FFED0062;
    1B51 : FFED0062;
    1B52 : FFED0062;
    1B53 : FFED0062;
    1B54 : FFED0062;
    1B55 : FFED0062;
    1B56 : FFED0062;
    1B57 : FFED0062;
    1B58 : FFED0062;
    1B59 : FFED0062;
    1B5A : FFEE0062;
    1B5B : FFEE0062;
    1B5C : FFEE0062;
    1B5D : FFEE0062;
    1B5E : FFEE0062;
    1B5F : FFEE0062;
    1B60 : FFEE0062;
    1B61 : FFEE0062;
    1B62 : FFEE0062;
    1B63 : FFEE0062;
    1B64 : FFEE0062;
    1B65 : FFEE0062;
    1B66 : FFEF0062;
    1B67 : FFEF0062;
    1B68 : FFEF0063;
    1B69 : FFEF0063;
    1B6A : FFEF0063;
    1B6B : FFEF0063;
    1B6C : FFEF0063;
    1B6D : FFEF0063;
    1B6E : FFEF0063;
    1B6F : FFEF0063;
    1B70 : FFEF0063;
    1B71 : FFF00063;
    1B72 : FFF00063;
    1B73 : FFF00063;
    1B74 : FFF00063;
    1B75 : FFF00063;
    1B76 : FFF00063;
    1B77 : FFF00063;
    1B78 : FFF00063;
    1B79 : FFF00063;
    1B7A : FFF00063;
    1B7B : FFF00063;
    1B7C : FFF00063;
    1B7D : FFF10063;
    1B7E : FFF10063;
    1B7F : FFF10063;
    1B80 : FFF10063;
    1B81 : FFF10063;
    1B82 : FFF10063;
    1B83 : FFF10063;
    1B84 : FFF10063;
    1B85 : FFF10063;
    1B86 : FFF10063;
    1B87 : FFF10063;
    1B88 : FFF20063;
    1B89 : FFF20063;
    1B8A : FFF20063;
    1B8B : FFF20063;
    1B8C : FFF20063;
    1B8D : FFF20063;
    1B8E : FFF20063;
    1B8F : FFF20063;
    1B90 : FFF20063;
    1B91 : FFF20063;
    1B92 : FFF20063;
    1B93 : FFF20063;
    1B94 : FFF30063;
    1B95 : FFF30063;
    1B96 : FFF30063;
    1B97 : FFF30063;
    1B98 : FFF30063;
    1B99 : FFF30063;
    1B9A : FFF30063;
    1B9B : FFF30063;
    1B9C : FFF30063;
    1B9D : FFF30063;
    1B9E : FFF30063;
    1B9F : FFF30063;
    1BA0 : FFF40063;
    1BA1 : FFF40063;
    1BA2 : FFF40063;
    1BA3 : FFF40063;
    1BA4 : FFF40063;
    1BA5 : FFF40063;
    1BA6 : FFF40063;
    1BA7 : FFF40063;
    1BA8 : FFF40063;
    1BA9 : FFF40063;
    1BAA : FFF40063;
    1BAB : FFF50063;
    1BAC : FFF50063;
    1BAD : FFF50063;
    1BAE : FFF50063;
    1BAF : FFF50063;
    1BB0 : FFF50063;
    1BB1 : FFF50063;
    1BB2 : FFF50063;
    1BB3 : FFF50063;
    1BB4 : FFF50063;
    1BB5 : FFF50063;
    1BB6 : FFF50063;
    1BB7 : FFF60063;
    1BB8 : FFF60063;
    1BB9 : FFF60063;
    1BBA : FFF60063;
    1BBB : FFF60063;
    1BBC : FFF60063;
    1BBD : FFF60064;
    1BBE : FFF60064;
    1BBF : FFF60064;
    1BC0 : FFF60064;
    1BC1 : FFF60064;
    1BC2 : FFF70064;
    1BC3 : FFF70064;
    1BC4 : FFF70064;
    1BC5 : FFF70064;
    1BC6 : FFF70064;
    1BC7 : FFF70064;
    1BC8 : FFF70064;
    1BC9 : FFF70064;
    1BCA : FFF70064;
    1BCB : FFF70064;
    1BCC : FFF70064;
    1BCD : FFF70064;
    1BCE : FFF80064;
    1BCF : FFF80064;
    1BD0 : FFF80064;
    1BD1 : FFF80064;
    1BD2 : FFF80064;
    1BD3 : FFF80064;
    1BD4 : FFF80064;
    1BD5 : FFF80064;
    1BD6 : FFF80064;
    1BD7 : FFF80064;
    1BD8 : FFF80064;
    1BD9 : FFF90064;
    1BDA : FFF90064;
    1BDB : FFF90064;
    1BDC : FFF90064;
    1BDD : FFF90064;
    1BDE : FFF90064;
    1BDF : FFF90064;
    1BE0 : FFF90064;
    1BE1 : FFF90064;
    1BE2 : FFF90064;
    1BE3 : FFF90064;
    1BE4 : FFF90064;
    1BE5 : FFFA0064;
    1BE6 : FFFA0064;
    1BE7 : FFFA0064;
    1BE8 : FFFA0064;
    1BE9 : FFFA0064;
    1BEA : FFFA0064;
    1BEB : FFFA0064;
    1BEC : FFFA0064;
    1BED : FFFA0064;
    1BEE : FFFA0064;
    1BEF : FFFA0064;
    1BF0 : FFFB0064;
    1BF1 : FFFB0064;
    1BF2 : FFFB0064;
    1BF3 : FFFB0064;
    1BF4 : FFFB0064;
    1BF5 : FFFB0064;
    1BF6 : FFFB0064;
    1BF7 : FFFB0064;
    1BF8 : FFFB0064;
    1BF9 : FFFB0064;
    1BFA : FFFB0064;
    1BFB : FFFB0064;
    1BFC : FFFC0064;
    1BFD : FFFC0064;
    1BFE : FFFC0064;
    1BFF : FFFC0064;
    1C00 : FFFC0064;
    1C01 : FFFC0064;
    1C02 : FFFC0064;
    1C03 : FFFC0064;
    1C04 : FFFC0064;
    1C05 : FFFC0064;
    1C06 : FFFC0064;
    1C07 : FFFD0064;
    1C08 : FFFD0064;
    1C09 : FFFD0064;
    1C0A : FFFD0064;
    1C0B : FFFD0064;
    1C0C : FFFD0064;
    1C0D : FFFD0064;
    1C0E : FFFD0064;
    1C0F : FFFD0064;
    1C10 : FFFD0064;
    1C11 : FFFD0064;
    1C12 : FFFD0064;
    1C13 : FFFE0064;
    1C14 : FFFE0064;
    1C15 : FFFE0064;
    1C16 : FFFE0064;
    1C17 : FFFE0064;
    1C18 : FFFE0064;
    1C19 : FFFE0064;
    1C1A : FFFE0064;
    1C1B : FFFE0064;
    1C1C : FFFE0064;
    1C1D : FFFE0064;
    1C1E : FFFF0064;
    1C1F : FFFF0064;
    1C20 : FFFF0064;
    1C21 : FFFF0064;
    1C22 : FFFF0064;
    1C23 : FFFF0064;
    1C24 : FFFF0064;
    1C25 : FFFF0064;
    1C26 : FFFF0064;
    1C27 : FFFF0064;
    1C28 : FFFF0064;
    1C29 : FFFF0064;
    1C2A : 00000064;
    1C2B : 00000064;
    1C2C : 00000064;
    1C2D : 00000064;
    1C2E : 00000064;
END;
