-- begin_signature
-- sin
-- end_signature
WIDTH=16;
DEPTH=7216;

ADDRESS_RADIX=UNS;
DATA_RADIX=BIN;

CONTENT BEGIN
	7215 :	XXXXXXXXXXXXXXXX;
	7214 :	1111111111100011;
	7213 :	1111111111000111;
	7212 :	1111111110101010;
	7211 :	1111111110001110;
	7210 :	1111111101110001;
	7209 :	1111111101010101;
	7208 :	1111111100111000;
	7207 :	1111111100011100;
	7206 :	1111111011111111;
	7205 :	1111111011100011;
	7204 :	1111111011000110;
	7203 :	1111111010101010;
	7202 :	1111111010001101;
	7201 :	1111111001110001;
	7200 :	1111111001010100;
	7199 :	1111111000110111;
	7198 :	1111111000011011;
	7197 :	1111110111111110;
	7196 :	1111110111100010;
	7195 :	1111110111000101;
	7194 :	1111110110101001;
	7193 :	1111110110001100;
	7192 :	1111110101110000;
	7191 :	1111110101010011;
	7190 :	1111110100110111;
	7189 :	1111110100011010;
	7188 :	1111110011111110;
	7187 :	1111110011100001;
	7186 :	1111110011000101;
	7185 :	1111110010101000;
	7184 :	1111110010001100;
	7183 :	1111110001101111;
	7182 :	1111110001010010;
	7181 :	1111110000110110;
	7180 :	1111110000011001;
	7179 :	1111101111111101;
	7178 :	1111101111100000;
	7177 :	1111101111000100;
	7176 :	1111101110100111;
	7175 :	1111101110001011;
	7174 :	1111101101101110;
	7173 :	1111101101010010;
	7172 :	1111101100110101;
	7171 :	1111101100011001;
	7170 :	1111101011111100;
	7169 :	1111101011100000;
	7168 :	1111101011000011;
	7167 :	1111101010100111;
	7166 :	1111101010001010;
	7165 :	1111101001101110;
	7164 :	1111101001010001;
	7163 :	1111101000110101;
	7162 :	1111101000011000;
	7161 :	1111100111111100;
	7160 :	1111100111011111;
	7159 :	1111100111000011;
	7158 :	1111100110100110;
	7157 :	1111100110001010;
	7156 :	1111100101101101;
	7155 :	1111100101010001;
	7154 :	1111100100110100;
	7153 :	1111100100011000;
	7152 :	1111100011111011;
	7151 :	1111100011011111;
	7150 :	1111100011000010;
	7149 :	1111100010100110;
	7148 :	1111100010001001;
	7147 :	1111100001101101;
	7146 :	1111100001010000;
	7145 :	1111100000110100;
	7144 :	1111100000010111;
	7143 :	1111011111111011;
	7142 :	1111011111011110;
	7141 :	1111011111000010;
	7140 :	1111011110100101;
	7139 :	1111011110001001;
	7138 :	1111011101101100;
	7137 :	1111011101010000;
	7136 :	1111011100110100;
	7135 :	1111011100010111;
	7134 :	1111011011111011;
	7133 :	1111011011011110;
	7132 :	1111011011000010;
	7131 :	1111011010100101;
	7130 :	1111011010001001;
	7129 :	1111011001101100;
	7128 :	1111011001010000;
	7127 :	1111011000110011;
	7126 :	1111011000010111;
	7125 :	1111010111111010;
	7124 :	1111010111011110;
	7123 :	1111010111000010;
	7122 :	1111010110100101;
	7121 :	1111010110001001;
	7120 :	1111010101101100;
	7119 :	1111010101010000;
	7118 :	1111010100110011;
	7117 :	1111010100010111;
	7116 :	1111010011111011;
	7115 :	1111010011011110;
	7114 :	1111010011000010;
	7113 :	1111010010100101;
	7112 :	1111010010001001;
	7111 :	1111010001101100;
	7110 :	1111010001010000;
	7109 :	1111010000110100;
	7108 :	1111010000010111;
	7107 :	1111001111111011;
	7106 :	1111001111011110;
	7105 :	1111001111000010;
	7104 :	1111001110100110;
	7103 :	1111001110001001;
	7102 :	1111001101101101;
	7101 :	1111001101010000;
	7100 :	1111001100110100;
	7099 :	1111001100011000;
	7098 :	1111001011111011;
	7097 :	1111001011011111;
	7096 :	1111001011000010;
	7095 :	1111001010100110;
	7094 :	1111001010001010;
	7093 :	1111001001101101;
	7092 :	1111001001010001;
	7091 :	1111001000110101;
	7090 :	1111001000011000;
	7089 :	1111000111111100;
	7088 :	1111000111011111;
	7087 :	1111000111000011;
	7086 :	1111000110100111;
	7085 :	1111000110001010;
	7084 :	1111000101101110;
	7083 :	1111000101010010;
	7082 :	1111000100110101;
	7081 :	1111000100011001;
	7080 :	1111000011111101;
	7079 :	1111000011100000;
	7078 :	1111000011000100;
	7077 :	1111000010101000;
	7076 :	1111000010001011;
	7075 :	1111000001101111;
	7074 :	1111000001010011;
	7073 :	1111000000110110;
	7072 :	1111000000011010;
	7071 :	1110111111111110;
	7070 :	1110111111100001;
	7069 :	1110111111000101;
	7068 :	1110111110101001;
	7067 :	1110111110001100;
	7066 :	1110111101110000;
	7065 :	1110111101010100;
	7064 :	1110111100111000;
	7063 :	1110111100011011;
	7062 :	1110111011111111;
	7061 :	1110111011100011;
	7060 :	1110111011000110;
	7059 :	1110111010101010;
	7058 :	1110111010001110;
	7057 :	1110111001110010;
	7056 :	1110111001010101;
	7055 :	1110111000111001;
	7054 :	1110111000011101;
	7053 :	1110111000000001;
	7052 :	1110110111100100;
	7051 :	1110110111001000;
	7050 :	1110110110101100;
	7049 :	1110110110010000;
	7048 :	1110110101110011;
	7047 :	1110110101010111;
	7046 :	1110110100111011;
	7045 :	1110110100011111;
	7044 :	1110110100000011;
	7043 :	1110110011100110;
	7042 :	1110110011001010;
	7041 :	1110110010101110;
	7040 :	1110110010010010;
	7039 :	1110110001110101;
	7038 :	1110110001011001;
	7037 :	1110110000111101;
	7036 :	1110110000100001;
	7035 :	1110110000000101;
	7034 :	1110101111101000;
	7033 :	1110101111001100;
	7032 :	1110101110110000;
	7031 :	1110101110010100;
	7030 :	1110101101111000;
	7029 :	1110101101011100;
	7028 :	1110101100111111;
	7027 :	1110101100100011;
	7026 :	1110101100000111;
	7025 :	1110101011101011;
	7024 :	1110101011001111;
	7023 :	1110101010110011;
	7022 :	1110101010010111;
	7021 :	1110101001111010;
	7020 :	1110101001011110;
	7019 :	1110101001000010;
	7018 :	1110101000100110;
	7017 :	1110101000001010;
	7016 :	1110100111101110;
	7015 :	1110100111010010;
	7014 :	1110100110110110;
	7013 :	1110100110011010;
	7012 :	1110100101111101;
	7011 :	1110100101100001;
	7010 :	1110100101000101;
	7009 :	1110100100101001;
	7008 :	1110100100001101;
	7007 :	1110100011110001;
	7006 :	1110100011010101;
	7005 :	1110100010111001;
	7004 :	1110100010011101;
	7003 :	1110100010000001;
	7002 :	1110100001100101;
	7001 :	1110100001001001;
	7000 :	1110100000101101;
	6999 :	1110100000010001;
	6998 :	1110011111110101;
	6997 :	1110011111011001;
	6996 :	1110011110111101;
	6995 :	1110011110100001;
	6994 :	1110011110000101;
	6993 :	1110011101101001;
	6992 :	1110011101001101;
	6991 :	1110011100110001;
	6990 :	1110011100010101;
	6989 :	1110011011111001;
	6988 :	1110011011011101;
	6987 :	1110011011000001;
	6986 :	1110011010100101;
	6985 :	1110011010001001;
	6984 :	1110011001101101;
	6983 :	1110011001010001;
	6982 :	1110011000110101;
	6981 :	1110011000011001;
	6980 :	1110010111111101;
	6979 :	1110010111100001;
	6978 :	1110010111000101;
	6977 :	1110010110101001;
	6976 :	1110010110001101;
	6975 :	1110010101110001;
	6974 :	1110010101010101;
	6973 :	1110010100111001;
	6972 :	1110010100011110;
	6971 :	1110010100000010;
	6970 :	1110010011100110;
	6969 :	1110010011001010;
	6968 :	1110010010101110;
	6967 :	1110010010010010;
	6966 :	1110010001110110;
	6965 :	1110010001011010;
	6964 :	1110010000111111;
	6963 :	1110010000100011;
	6962 :	1110010000000111;
	6961 :	1110001111101011;
	6960 :	1110001111001111;
	6959 :	1110001110110011;
	6958 :	1110001110011000;
	6957 :	1110001101111100;
	6956 :	1110001101100000;
	6955 :	1110001101000100;
	6954 :	1110001100101000;
	6953 :	1110001100001100;
	6952 :	1110001011110001;
	6951 :	1110001011010101;
	6950 :	1110001010111001;
	6949 :	1110001010011101;
	6948 :	1110001010000010;
	6947 :	1110001001100110;
	6946 :	1110001001001010;
	6945 :	1110001000101110;
	6944 :	1110001000010011;
	6943 :	1110000111110111;
	6942 :	1110000111011011;
	6941 :	1110000110111111;
	6940 :	1110000110100100;
	6939 :	1110000110001000;
	6938 :	1110000101101100;
	6937 :	1110000101010000;
	6936 :	1110000100110101;
	6935 :	1110000100011001;
	6934 :	1110000011111101;
	6933 :	1110000011100010;
	6932 :	1110000011000110;
	6931 :	1110000010101010;
	6930 :	1110000010001111;
	6929 :	1110000001110011;
	6928 :	1110000001010111;
	6927 :	1110000000111100;
	6926 :	1110000000100000;
	6925 :	1110000000000100;
	6924 :	1101111111101001;
	6923 :	1101111111001101;
	6922 :	1101111110110010;
	6921 :	1101111110010110;
	6920 :	1101111101111010;
	6919 :	1101111101011111;
	6918 :	1101111101000011;
	6917 :	1101111100101000;
	6916 :	1101111100001100;
	6915 :	1101111011110001;
	6914 :	1101111011010101;
	6913 :	1101111010111001;
	6912 :	1101111010011110;
	6911 :	1101111010000010;
	6910 :	1101111001100111;
	6909 :	1101111001001011;
	6908 :	1101111000110000;
	6907 :	1101111000010100;
	6906 :	1101110111111001;
	6905 :	1101110111011101;
	6904 :	1101110111000010;
	6903 :	1101110110100110;
	6902 :	1101110110001011;
	6901 :	1101110101101111;
	6900 :	1101110101010100;
	6899 :	1101110100111000;
	6898 :	1101110100011101;
	6897 :	1101110100000001;
	6896 :	1101110011100110;
	6895 :	1101110011001010;
	6894 :	1101110010101111;
	6893 :	1101110010010100;
	6892 :	1101110001111000;
	6891 :	1101110001011101;
	6890 :	1101110001000001;
	6889 :	1101110000100110;
	6888 :	1101110000001011;
	6887 :	1101101111101111;
	6886 :	1101101111010100;
	6885 :	1101101110111000;
	6884 :	1101101110011101;
	6883 :	1101101110000010;
	6882 :	1101101101100110;
	6881 :	1101101101001011;
	6880 :	1101101100110000;
	6879 :	1101101100010100;
	6878 :	1101101011111001;
	6877 :	1101101011011110;
	6876 :	1101101011000010;
	6875 :	1101101010100111;
	6874 :	1101101010001100;
	6873 :	1101101001110001;
	6872 :	1101101001010101;
	6871 :	1101101000111010;
	6870 :	1101101000011111;
	6869 :	1101101000000100;
	6868 :	1101100111101000;
	6867 :	1101100111001101;
	6866 :	1101100110110010;
	6865 :	1101100110010111;
	6864 :	1101100101111011;
	6863 :	1101100101100000;
	6862 :	1101100101000101;
	6861 :	1101100100101010;
	6860 :	1101100100001111;
	6859 :	1101100011110011;
	6858 :	1101100011011000;
	6857 :	1101100010111101;
	6856 :	1101100010100010;
	6855 :	1101100010000111;
	6854 :	1101100001101100;
	6853 :	1101100001010001;
	6852 :	1101100000110101;
	6851 :	1101100000011010;
	6850 :	1101011111111111;
	6849 :	1101011111100100;
	6848 :	1101011111001001;
	6847 :	1101011110101110;
	6846 :	1101011110010011;
	6845 :	1101011101111000;
	6844 :	1101011101011101;
	6843 :	1101011101000010;
	6842 :	1101011100100111;
	6841 :	1101011100001100;
	6840 :	1101011011110001;
	6839 :	1101011011010101;
	6838 :	1101011010111010;
	6837 :	1101011010011111;
	6836 :	1101011010000100;
	6835 :	1101011001101001;
	6834 :	1101011001001110;
	6833 :	1101011000110100;
	6832 :	1101011000011001;
	6831 :	1101010111111110;
	6830 :	1101010111100011;
	6829 :	1101010111001000;
	6828 :	1101010110101101;
	6827 :	1101010110010010;
	6826 :	1101010101110111;
	6825 :	1101010101011100;
	6824 :	1101010101000001;
	6823 :	1101010100100110;
	6822 :	1101010100001011;
	6821 :	1101010011110000;
	6820 :	1101010011010110;
	6819 :	1101010010111011;
	6818 :	1101010010100000;
	6817 :	1101010010000101;
	6816 :	1101010001101010;
	6815 :	1101010001001111;
	6814 :	1101010000110101;
	6813 :	1101010000011010;
	6812 :	1101001111111111;
	6811 :	1101001111100100;
	6810 :	1101001111001001;
	6809 :	1101001110101111;
	6808 :	1101001110010100;
	6807 :	1101001101111001;
	6806 :	1101001101011110;
	6805 :	1101001101000100;
	6804 :	1101001100101001;
	6803 :	1101001100001110;
	6802 :	1101001011110011;
	6801 :	1101001011011001;
	6800 :	1101001010111110;
	6799 :	1101001010100011;
	6798 :	1101001010001001;
	6797 :	1101001001101110;
	6796 :	1101001001010011;
	6795 :	1101001000111001;
	6794 :	1101001000011110;
	6793 :	1101001000000011;
	6792 :	1101000111101001;
	6791 :	1101000111001110;
	6790 :	1101000110110100;
	6789 :	1101000110011001;
	6788 :	1101000101111110;
	6787 :	1101000101100100;
	6786 :	1101000101001001;
	6785 :	1101000100101111;
	6784 :	1101000100010100;
	6783 :	1101000011111010;
	6782 :	1101000011011111;
	6781 :	1101000011000100;
	6780 :	1101000010101010;
	6779 :	1101000010001111;
	6778 :	1101000001110101;
	6777 :	1101000001011010;
	6776 :	1101000001000000;
	6775 :	1101000000100110;
	6774 :	1101000000001011;
	6773 :	1100111111110001;
	6772 :	1100111111010110;
	6771 :	1100111110111100;
	6770 :	1100111110100001;
	6769 :	1100111110000111;
	6768 :	1100111101101100;
	6767 :	1100111101010010;
	6766 :	1100111100111000;
	6765 :	1100111100011101;
	6764 :	1100111100000011;
	6763 :	1100111011101001;
	6762 :	1100111011001110;
	6761 :	1100111010110100;
	6760 :	1100111010011010;
	6759 :	1100111001111111;
	6758 :	1100111001100101;
	6757 :	1100111001001011;
	6756 :	1100111000110000;
	6755 :	1100111000010110;
	6754 :	1100110111111100;
	6753 :	1100110111100010;
	6752 :	1100110111000111;
	6751 :	1100110110101101;
	6750 :	1100110110010011;
	6749 :	1100110101111001;
	6748 :	1100110101011110;
	6747 :	1100110101000100;
	6746 :	1100110100101010;
	6745 :	1100110100010000;
	6744 :	1100110011110110;
	6743 :	1100110011011011;
	6742 :	1100110011000001;
	6741 :	1100110010100111;
	6740 :	1100110010001101;
	6739 :	1100110001110011;
	6738 :	1100110001011001;
	6737 :	1100110000111111;
	6736 :	1100110000100101;
	6735 :	1100110000001011;
	6734 :	1100101111110000;
	6733 :	1100101111010110;
	6732 :	1100101110111100;
	6731 :	1100101110100010;
	6730 :	1100101110001000;
	6729 :	1100101101101110;
	6728 :	1100101101010100;
	6727 :	1100101100111010;
	6726 :	1100101100100000;
	6725 :	1100101100000110;
	6724 :	1100101011101100;
	6723 :	1100101011010010;
	6722 :	1100101010111000;
	6721 :	1100101010011110;
	6720 :	1100101010000101;
	6719 :	1100101001101011;
	6718 :	1100101001010001;
	6717 :	1100101000110111;
	6716 :	1100101000011101;
	6715 :	1100101000000011;
	6714 :	1100100111101001;
	6713 :	1100100111001111;
	6712 :	1100100110110101;
	6711 :	1100100110011100;
	6710 :	1100100110000010;
	6709 :	1100100101101000;
	6708 :	1100100101001110;
	6707 :	1100100100110100;
	6706 :	1100100100011011;
	6705 :	1100100100000001;
	6704 :	1100100011100111;
	6703 :	1100100011001101;
	6702 :	1100100010110100;
	6701 :	1100100010011010;
	6700 :	1100100010000000;
	6699 :	1100100001100110;
	6698 :	1100100001001101;
	6697 :	1100100000110011;
	6696 :	1100100000011001;
	6695 :	1100100000000000;
	6694 :	1100011111100110;
	6693 :	1100011111001100;
	6692 :	1100011110110011;
	6691 :	1100011110011001;
	6690 :	1100011110000000;
	6689 :	1100011101100110;
	6688 :	1100011101001100;
	6687 :	1100011100110011;
	6686 :	1100011100011001;
	6685 :	1100011100000000;
	6684 :	1100011011100110;
	6683 :	1100011011001101;
	6682 :	1100011010110011;
	6681 :	1100011010011010;
	6680 :	1100011010000000;
	6679 :	1100011001100111;
	6678 :	1100011001001101;
	6677 :	1100011000110100;
	6676 :	1100011000011010;
	6675 :	1100011000000001;
	6674 :	1100010111100111;
	6673 :	1100010111001110;
	6672 :	1100010110110100;
	6671 :	1100010110011011;
	6670 :	1100010110000010;
	6669 :	1100010101101000;
	6668 :	1100010101001111;
	6667 :	1100010100110110;
	6666 :	1100010100011100;
	6665 :	1100010100000011;
	6664 :	1100010011101010;
	6663 :	1100010011010000;
	6662 :	1100010010110111;
	6661 :	1100010010011110;
	6660 :	1100010010000100;
	6659 :	1100010001101011;
	6658 :	1100010001010010;
	6657 :	1100010000111001;
	6656 :	1100010000011111;
	6655 :	1100010000000110;
	6654 :	1100001111101101;
	6653 :	1100001111010100;
	6652 :	1100001110111011;
	6651 :	1100001110100001;
	6650 :	1100001110001000;
	6649 :	1100001101101111;
	6648 :	1100001101010110;
	6647 :	1100001100111101;
	6646 :	1100001100100100;
	6645 :	1100001100001011;
	6644 :	1100001011110010;
	6643 :	1100001011011001;
	6642 :	1100001011000000;
	6641 :	1100001010100110;
	6640 :	1100001010001101;
	6639 :	1100001001110100;
	6638 :	1100001001011011;
	6637 :	1100001001000010;
	6636 :	1100001000101001;
	6635 :	1100001000010000;
	6634 :	1100000111110111;
	6633 :	1100000111011110;
	6632 :	1100000111000110;
	6631 :	1100000110101101;
	6630 :	1100000110010100;
	6629 :	1100000101111011;
	6628 :	1100000101100010;
	6627 :	1100000101001001;
	6626 :	1100000100110000;
	6625 :	1100000100010111;
	6624 :	1100000011111110;
	6623 :	1100000011100110;
	6622 :	1100000011001101;
	6621 :	1100000010110100;
	6620 :	1100000010011011;
	6619 :	1100000010000010;
	6618 :	1100000001101010;
	6617 :	1100000001010001;
	6616 :	1100000000111000;
	6615 :	1100000000011111;
	6614 :	1100000000000111;
	6613 :	1011111111101110;
	6612 :	1011111111010101;
	6611 :	1011111110111101;
	6610 :	1011111110100100;
	6609 :	1011111110001011;
	6608 :	1011111101110011;
	6607 :	1011111101011010;
	6606 :	1011111101000001;
	6605 :	1011111100101001;
	6604 :	1011111100010000;
	6603 :	1011111011111000;
	6602 :	1011111011011111;
	6601 :	1011111011000110;
	6600 :	1011111010101110;
	6599 :	1011111010010101;
	6598 :	1011111001111101;
	6597 :	1011111001100100;
	6596 :	1011111001001100;
	6595 :	1011111000110011;
	6594 :	1011111000011011;
	6593 :	1011111000000010;
	6592 :	1011110111101010;
	6591 :	1011110111010010;
	6590 :	1011110110111001;
	6589 :	1011110110100001;
	6588 :	1011110110001000;
	6587 :	1011110101110000;
	6586 :	1011110101011000;
	6585 :	1011110100111111;
	6584 :	1011110100100111;
	6583 :	1011110100001111;
	6582 :	1011110011110110;
	6581 :	1011110011011110;
	6580 :	1011110011000110;
	6579 :	1011110010101101;
	6578 :	1011110010010101;
	6577 :	1011110001111101;
	6576 :	1011110001100101;
	6575 :	1011110001001100;
	6574 :	1011110000110100;
	6573 :	1011110000011100;
	6572 :	1011110000000100;
	6571 :	1011101111101100;
	6570 :	1011101111010011;
	6569 :	1011101110111011;
	6568 :	1011101110100011;
	6567 :	1011101110001011;
	6566 :	1011101101110011;
	6565 :	1011101101011011;
	6564 :	1011101101000011;
	6563 :	1011101100101011;
	6562 :	1011101100010011;
	6561 :	1011101011111011;
	6560 :	1011101011100011;
	6559 :	1011101011001011;
	6558 :	1011101010110011;
	6557 :	1011101010011011;
	6556 :	1011101010000011;
	6555 :	1011101001101011;
	6554 :	1011101001010011;
	6553 :	1011101000111011;
	6552 :	1011101000100011;
	6551 :	1011101000001011;
	6550 :	1011100111110011;
	6549 :	1011100111011011;
	6548 :	1011100111000011;
	6547 :	1011100110101100;
	6546 :	1011100110010100;
	6545 :	1011100101111100;
	6544 :	1011100101100100;
	6543 :	1011100101001100;
	6542 :	1011100100110101;
	6541 :	1011100100011101;
	6540 :	1011100100000101;
	6539 :	1011100011101101;
	6538 :	1011100011010110;
	6537 :	1011100010111110;
	6536 :	1011100010100110;
	6535 :	1011100010001110;
	6534 :	1011100001110111;
	6533 :	1011100001011111;
	6532 :	1011100001000111;
	6531 :	1011100000110000;
	6530 :	1011100000011000;
	6529 :	1011100000000001;
	6528 :	1011011111101001;
	6527 :	1011011111010001;
	6526 :	1011011110111010;
	6525 :	1011011110100010;
	6524 :	1011011110001011;
	6523 :	1011011101110011;
	6522 :	1011011101011100;
	6521 :	1011011101000100;
	6520 :	1011011100101101;
	6519 :	1011011100010101;
	6518 :	1011011011111110;
	6517 :	1011011011100111;
	6516 :	1011011011001111;
	6515 :	1011011010111000;
	6514 :	1011011010100000;
	6513 :	1011011010001001;
	6512 :	1011011001110010;
	6511 :	1011011001011010;
	6510 :	1011011001000011;
	6509 :	1011011000101100;
	6508 :	1011011000010100;
	6507 :	1011010111111101;
	6506 :	1011010111100110;
	6505 :	1011010111001110;
	6504 :	1011010110110111;
	6503 :	1011010110100000;
	6502 :	1011010110001001;
	6501 :	1011010101110010;
	6500 :	1011010101011010;
	6499 :	1011010101000011;
	6498 :	1011010100101100;
	6497 :	1011010100010101;
	6496 :	1011010011111110;
	6495 :	1011010011100111;
	6494 :	1011010011010000;
	6493 :	1011010010111000;
	6492 :	1011010010100001;
	6491 :	1011010010001010;
	6490 :	1011010001110011;
	6489 :	1011010001011100;
	6488 :	1011010001000101;
	6487 :	1011010000101110;
	6486 :	1011010000010111;
	6485 :	1011010000000000;
	6484 :	1011001111101001;
	6483 :	1011001111010010;
	6482 :	1011001110111100;
	6481 :	1011001110100101;
	6480 :	1011001110001110;
	6479 :	1011001101110111;
	6478 :	1011001101100000;
	6477 :	1011001101001001;
	6476 :	1011001100110010;
	6475 :	1011001100011011;
	6474 :	1011001100000101;
	6473 :	1011001011101110;
	6472 :	1011001011010111;
	6471 :	1011001011000000;
	6470 :	1011001010101010;
	6469 :	1011001010010011;
	6468 :	1011001001111100;
	6467 :	1011001001100101;
	6466 :	1011001001001111;
	6465 :	1011001000111000;
	6464 :	1011001000100001;
	6463 :	1011001000001011;
	6462 :	1011000111110100;
	6461 :	1011000111011110;
	6460 :	1011000111000111;
	6459 :	1011000110110000;
	6458 :	1011000110011010;
	6457 :	1011000110000011;
	6456 :	1011000101101101;
	6455 :	1011000101010110;
	6454 :	1011000101000000;
	6453 :	1011000100101001;
	6452 :	1011000100010011;
	6451 :	1011000011111100;
	6450 :	1011000011100110;
	6449 :	1011000011001111;
	6448 :	1011000010111001;
	6447 :	1011000010100011;
	6446 :	1011000010001100;
	6445 :	1011000001110110;
	6444 :	1011000001100000;
	6443 :	1011000001001001;
	6442 :	1011000000110011;
	6441 :	1011000000011101;
	6440 :	1011000000000110;
	6439 :	1010111111110000;
	6438 :	1010111111011010;
	6437 :	1010111111000100;
	6436 :	1010111110101101;
	6435 :	1010111110010111;
	6434 :	1010111110000001;
	6433 :	1010111101101011;
	6432 :	1010111101010101;
	6431 :	1010111100111110;
	6430 :	1010111100101000;
	6429 :	1010111100010010;
	6428 :	1010111011111100;
	6427 :	1010111011100110;
	6426 :	1010111011010000;
	6425 :	1010111010111010;
	6424 :	1010111010100100;
	6423 :	1010111010001110;
	6422 :	1010111001111000;
	6421 :	1010111001100010;
	6420 :	1010111001001100;
	6419 :	1010111000110110;
	6418 :	1010111000100000;
	6417 :	1010111000001010;
	6416 :	1010110111110100;
	6415 :	1010110111011110;
	6414 :	1010110111001000;
	6413 :	1010110110110010;
	6412 :	1010110110011101;
	6411 :	1010110110000111;
	6410 :	1010110101110001;
	6409 :	1010110101011011;
	6408 :	1010110101000101;
	6407 :	1010110100110000;
	6406 :	1010110100011010;
	6405 :	1010110100000100;
	6404 :	1010110011101110;
	6403 :	1010110011011001;
	6402 :	1010110011000011;
	6401 :	1010110010101101;
	6400 :	1010110010011000;
	6399 :	1010110010000010;
	6398 :	1010110001101100;
	6397 :	1010110001010111;
	6396 :	1010110001000001;
	6395 :	1010110000101100;
	6394 :	1010110000010110;
	6393 :	1010110000000001;
	6392 :	1010101111101011;
	6391 :	1010101111010110;
	6390 :	1010101111000000;
	6389 :	1010101110101011;
	6388 :	1010101110010101;
	6387 :	1010101110000000;
	6386 :	1010101101101010;
	6385 :	1010101101010101;
	6384 :	1010101101000000;
	6383 :	1010101100101010;
	6382 :	1010101100010101;
	6381 :	1010101011111111;
	6380 :	1010101011101010;
	6379 :	1010101011010101;
	6378 :	1010101011000000;
	6377 :	1010101010101010;
	6376 :	1010101010010101;
	6375 :	1010101010000000;
	6374 :	1010101001101011;
	6373 :	1010101001010101;
	6372 :	1010101001000000;
	6371 :	1010101000101011;
	6370 :	1010101000010110;
	6369 :	1010101000000001;
	6368 :	1010100111101011;
	6367 :	1010100111010110;
	6366 :	1010100111000001;
	6365 :	1010100110101100;
	6364 :	1010100110010111;
	6363 :	1010100110000010;
	6362 :	1010100101101101;
	6361 :	1010100101011000;
	6360 :	1010100101000011;
	6359 :	1010100100101110;
	6358 :	1010100100011001;
	6357 :	1010100100000100;
	6356 :	1010100011101111;
	6355 :	1010100011011010;
	6354 :	1010100011000101;
	6353 :	1010100010110001;
	6352 :	1010100010011100;
	6351 :	1010100010000111;
	6350 :	1010100001110010;
	6349 :	1010100001011101;
	6348 :	1010100001001000;
	6347 :	1010100000110100;
	6346 :	1010100000011111;
	6345 :	1010100000001010;
	6344 :	1010011111110110;
	6343 :	1010011111100001;
	6342 :	1010011111001100;
	6341 :	1010011110110111;
	6340 :	1010011110100011;
	6339 :	1010011110001110;
	6338 :	1010011101111010;
	6337 :	1010011101100101;
	6336 :	1010011101010000;
	6335 :	1010011100111100;
	6334 :	1010011100100111;
	6333 :	1010011100010011;
	6332 :	1010011011111110;
	6331 :	1010011011101010;
	6330 :	1010011011010101;
	6329 :	1010011011000001;
	6328 :	1010011010101100;
	6327 :	1010011010011000;
	6326 :	1010011010000011;
	6325 :	1010011001101111;
	6324 :	1010011001011011;
	6323 :	1010011001000110;
	6322 :	1010011000110010;
	6321 :	1010011000011110;
	6320 :	1010011000001001;
	6319 :	1010010111110101;
	6318 :	1010010111100001;
	6317 :	1010010111001101;
	6316 :	1010010110111000;
	6315 :	1010010110100100;
	6314 :	1010010110010000;
	6313 :	1010010101111100;
	6312 :	1010010101101000;
	6311 :	1010010101010011;
	6310 :	1010010100111111;
	6309 :	1010010100101011;
	6308 :	1010010100010111;
	6307 :	1010010100000011;
	6306 :	1010010011101111;
	6305 :	1010010011011011;
	6304 :	1010010011000111;
	6303 :	1010010010110011;
	6302 :	1010010010011111;
	6301 :	1010010010001011;
	6300 :	1010010001110111;
	6299 :	1010010001100011;
	6298 :	1010010001001111;
	6297 :	1010010000111011;
	6296 :	1010010000100111;
	6295 :	1010010000010011;
	6294 :	1010010000000000;
	6293 :	1010001111101100;
	6292 :	1010001111011000;
	6291 :	1010001111000100;
	6290 :	1010001110110000;
	6289 :	1010001110011101;
	6288 :	1010001110001001;
	6287 :	1010001101110101;
	6286 :	1010001101100001;
	6285 :	1010001101001110;
	6284 :	1010001100111010;
	6283 :	1010001100100110;
	6282 :	1010001100010011;
	6281 :	1010001011111111;
	6280 :	1010001011101100;
	6279 :	1010001011011000;
	6278 :	1010001011000100;
	6277 :	1010001010110001;
	6276 :	1010001010011101;
	6275 :	1010001010001010;
	6274 :	1010001001110110;
	6273 :	1010001001100011;
	6272 :	1010001001001111;
	6271 :	1010001000111100;
	6270 :	1010001000101001;
	6269 :	1010001000010101;
	6268 :	1010001000000010;
	6267 :	1010000111101110;
	6266 :	1010000111011011;
	6265 :	1010000111001000;
	6264 :	1010000110110101;
	6263 :	1010000110100001;
	6262 :	1010000110001110;
	6261 :	1010000101111011;
	6260 :	1010000101100111;
	6259 :	1010000101010100;
	6258 :	1010000101000001;
	6257 :	1010000100101110;
	6256 :	1010000100011011;
	6255 :	1010000100001000;
	6254 :	1010000011110100;
	6253 :	1010000011100001;
	6252 :	1010000011001110;
	6251 :	1010000010111011;
	6250 :	1010000010101000;
	6249 :	1010000010010101;
	6248 :	1010000010000010;
	6247 :	1010000001101111;
	6246 :	1010000001011100;
	6245 :	1010000001001001;
	6244 :	1010000000110110;
	6243 :	1010000000100011;
	6242 :	1010000000010000;
	6241 :	1001111111111110;
	6240 :	1001111111101011;
	6239 :	1001111111011000;
	6238 :	1001111111000101;
	6237 :	1001111110110010;
	6236 :	1001111110011111;
	6235 :	1001111110001101;
	6234 :	1001111101111010;
	6233 :	1001111101100111;
	6232 :	1001111101010100;
	6231 :	1001111101000010;
	6230 :	1001111100101111;
	6229 :	1001111100011100;
	6228 :	1001111100001010;
	6227 :	1001111011110111;
	6226 :	1001111011100101;
	6225 :	1001111011010010;
	6224 :	1001111010111111;
	6223 :	1001111010101101;
	6222 :	1001111010011010;
	6221 :	1001111010001000;
	6220 :	1001111001110101;
	6219 :	1001111001100011;
	6218 :	1001111001010001;
	6217 :	1001111000111110;
	6216 :	1001111000101100;
	6215 :	1001111000011001;
	6214 :	1001111000000111;
	6213 :	1001110111110101;
	6212 :	1001110111100010;
	6211 :	1001110111010000;
	6210 :	1001110110111110;
	6209 :	1001110110101011;
	6208 :	1001110110011001;
	6207 :	1001110110000111;
	6206 :	1001110101110101;
	6205 :	1001110101100010;
	6204 :	1001110101010000;
	6203 :	1001110100111110;
	6202 :	1001110100101100;
	6201 :	1001110100011010;
	6200 :	1001110100001000;
	6199 :	1001110011110110;
	6198 :	1001110011100100;
	6197 :	1001110011010001;
	6196 :	1001110010111111;
	6195 :	1001110010101101;
	6194 :	1001110010011011;
	6193 :	1001110010001010;
	6192 :	1001110001111000;
	6191 :	1001110001100110;
	6190 :	1001110001010100;
	6189 :	1001110001000010;
	6188 :	1001110000110000;
	6187 :	1001110000011110;
	6186 :	1001110000001100;
	6185 :	1001101111111010;
	6184 :	1001101111101001;
	6183 :	1001101111010111;
	6182 :	1001101111000101;
	6181 :	1001101110110011;
	6180 :	1001101110100010;
	6179 :	1001101110010000;
	6178 :	1001101101111110;
	6177 :	1001101101101101;
	6176 :	1001101101011011;
	6175 :	1001101101001001;
	6174 :	1001101100111000;
	6173 :	1001101100100110;
	6172 :	1001101100010101;
	6171 :	1001101100000011;
	6170 :	1001101011110010;
	6169 :	1001101011100000;
	6168 :	1001101011001111;
	6167 :	1001101010111101;
	6166 :	1001101010101100;
	6165 :	1001101010011010;
	6164 :	1001101010001001;
	6163 :	1001101001110111;
	6162 :	1001101001100110;
	6161 :	1001101001010101;
	6160 :	1001101001000011;
	6159 :	1001101000110010;
	6158 :	1001101000100001;
	6157 :	1001101000010000;
	6156 :	1001100111111110;
	6155 :	1001100111101101;
	6154 :	1001100111011100;
	6153 :	1001100111001011;
	6152 :	1001100110111010;
	6151 :	1001100110101000;
	6150 :	1001100110010111;
	6149 :	1001100110000110;
	6148 :	1001100101110101;
	6147 :	1001100101100100;
	6146 :	1001100101010011;
	6145 :	1001100101000010;
	6144 :	1001100100110001;
	6143 :	1001100100100000;
	6142 :	1001100100001111;
	6141 :	1001100011111110;
	6140 :	1001100011101101;
	6139 :	1001100011011100;
	6138 :	1001100011001011;
	6137 :	1001100010111010;
	6136 :	1001100010101010;
	6135 :	1001100010011001;
	6134 :	1001100010001000;
	6133 :	1001100001110111;
	6132 :	1001100001100110;
	6131 :	1001100001010110;
	6130 :	1001100001000101;
	6129 :	1001100000110100;
	6128 :	1001100000100011;
	6127 :	1001100000010011;
	6126 :	1001100000000010;
	6125 :	1001011111110010;
	6124 :	1001011111100001;
	6123 :	1001011111010000;
	6122 :	1001011111000000;
	6121 :	1001011110101111;
	6120 :	1001011110011111;
	6119 :	1001011110001110;
	6118 :	1001011101111110;
	6117 :	1001011101101101;
	6116 :	1001011101011101;
	6115 :	1001011101001100;
	6114 :	1001011100111100;
	6113 :	1001011100101100;
	6112 :	1001011100011011;
	6111 :	1001011100001011;
	6110 :	1001011011111011;
	6109 :	1001011011101010;
	6108 :	1001011011011010;
	6107 :	1001011011001010;
	6106 :	1001011010111010;
	6105 :	1001011010101001;
	6104 :	1001011010011001;
	6103 :	1001011010001001;
	6102 :	1001011001111001;
	6101 :	1001011001101001;
	6100 :	1001011001011000;
	6099 :	1001011001001000;
	6098 :	1001011000111000;
	6097 :	1001011000101000;
	6096 :	1001011000011000;
	6095 :	1001011000001000;
	6094 :	1001010111111000;
	6093 :	1001010111101000;
	6092 :	1001010111011000;
	6091 :	1001010111001000;
	6090 :	1001010110111000;
	6089 :	1001010110101001;
	6088 :	1001010110011001;
	6087 :	1001010110001001;
	6086 :	1001010101111001;
	6085 :	1001010101101001;
	6084 :	1001010101011001;
	6083 :	1001010101001010;
	6082 :	1001010100111010;
	6081 :	1001010100101010;
	6080 :	1001010100011010;
	6079 :	1001010100001011;
	6078 :	1001010011111011;
	6077 :	1001010011101011;
	6076 :	1001010011011100;
	6075 :	1001010011001100;
	6074 :	1001010010111101;
	6073 :	1001010010101101;
	6072 :	1001010010011110;
	6071 :	1001010010001110;
	6070 :	1001010001111111;
	6069 :	1001010001101111;
	6068 :	1001010001100000;
	6067 :	1001010001010000;
	6066 :	1001010001000001;
	6065 :	1001010000110001;
	6064 :	1001010000100010;
	6063 :	1001010000010011;
	6062 :	1001010000000011;
	6061 :	1001001111110100;
	6060 :	1001001111100101;
	6059 :	1001001111010101;
	6058 :	1001001111000110;
	6057 :	1001001110110111;
	6056 :	1001001110101000;
	6055 :	1001001110011001;
	6054 :	1001001110001001;
	6053 :	1001001101111010;
	6052 :	1001001101101011;
	6051 :	1001001101011100;
	6050 :	1001001101001101;
	6049 :	1001001100111110;
	6048 :	1001001100101111;
	6047 :	1001001100100000;
	6046 :	1001001100010001;
	6045 :	1001001100000010;
	6044 :	1001001011110011;
	6043 :	1001001011100100;
	6042 :	1001001011010101;
	6041 :	1001001011000110;
	6040 :	1001001010110111;
	6039 :	1001001010101001;
	6038 :	1001001010011010;
	6037 :	1001001010001011;
	6036 :	1001001001111100;
	6035 :	1001001001101101;
	6034 :	1001001001011111;
	6033 :	1001001001010000;
	6032 :	1001001001000001;
	6031 :	1001001000110011;
	6030 :	1001001000100100;
	6029 :	1001001000010101;
	6028 :	1001001000000111;
	6027 :	1001000111111000;
	6026 :	1001000111101010;
	6025 :	1001000111011011;
	6024 :	1001000111001100;
	6023 :	1001000110111110;
	6022 :	1001000110101111;
	6021 :	1001000110100001;
	6020 :	1001000110010011;
	6019 :	1001000110000100;
	6018 :	1001000101110110;
	6017 :	1001000101100111;
	6016 :	1001000101011001;
	6015 :	1001000101001011;
	6014 :	1001000100111100;
	6013 :	1001000100101110;
	6012 :	1001000100100000;
	6011 :	1001000100010010;
	6010 :	1001000100000011;
	6009 :	1001000011110101;
	6008 :	1001000011100111;
	6007 :	1001000011011001;
	6006 :	1001000011001011;
	6005 :	1001000010111101;
	6004 :	1001000010101110;
	6003 :	1001000010100000;
	6002 :	1001000010010010;
	6001 :	1001000010000100;
	6000 :	1001000001110110;
	5999 :	1001000001101000;
	5998 :	1001000001011010;
	5997 :	1001000001001100;
	5996 :	1001000000111110;
	5995 :	1001000000110001;
	5994 :	1001000000100011;
	5993 :	1001000000010101;
	5992 :	1001000000000111;
	5991 :	1000111111111001;
	5990 :	1000111111101011;
	5989 :	1000111111011110;
	5988 :	1000111111010000;
	5987 :	1000111111000010;
	5986 :	1000111110110100;
	5985 :	1000111110100111;
	5984 :	1000111110011001;
	5983 :	1000111110001011;
	5982 :	1000111101111110;
	5981 :	1000111101110000;
	5980 :	1000111101100011;
	5979 :	1000111101010101;
	5978 :	1000111101001000;
	5977 :	1000111100111010;
	5976 :	1000111100101101;
	5975 :	1000111100011111;
	5974 :	1000111100010010;
	5973 :	1000111100000100;
	5972 :	1000111011110111;
	5971 :	1000111011101001;
	5970 :	1000111011011100;
	5969 :	1000111011001111;
	5968 :	1000111011000010;
	5967 :	1000111010110100;
	5966 :	1000111010100111;
	5965 :	1000111010011010;
	5964 :	1000111010001100;
	5963 :	1000111001111111;
	5962 :	1000111001110010;
	5961 :	1000111001100101;
	5960 :	1000111001011000;
	5959 :	1000111001001011;
	5958 :	1000111000111110;
	5957 :	1000111000110001;
	5956 :	1000111000100011;
	5955 :	1000111000010110;
	5954 :	1000111000001001;
	5953 :	1000110111111100;
	5952 :	1000110111110000;
	5951 :	1000110111100011;
	5950 :	1000110111010110;
	5949 :	1000110111001001;
	5948 :	1000110110111100;
	5947 :	1000110110101111;
	5946 :	1000110110100010;
	5945 :	1000110110010101;
	5944 :	1000110110001001;
	5943 :	1000110101111100;
	5942 :	1000110101101111;
	5941 :	1000110101100010;
	5940 :	1000110101010110;
	5939 :	1000110101001001;
	5938 :	1000110100111100;
	5937 :	1000110100110000;
	5936 :	1000110100100011;
	5935 :	1000110100010111;
	5934 :	1000110100001010;
	5933 :	1000110011111110;
	5932 :	1000110011110001;
	5931 :	1000110011100101;
	5930 :	1000110011011000;
	5929 :	1000110011001100;
	5928 :	1000110010111111;
	5927 :	1000110010110011;
	5926 :	1000110010100110;
	5925 :	1000110010011010;
	5924 :	1000110010001110;
	5923 :	1000110010000001;
	5922 :	1000110001110101;
	5921 :	1000110001101001;
	5920 :	1000110001011101;
	5919 :	1000110001010000;
	5918 :	1000110001000100;
	5917 :	1000110000111000;
	5916 :	1000110000101100;
	5915 :	1000110000100000;
	5914 :	1000110000010100;
	5913 :	1000110000001000;
	5912 :	1000101111111011;
	5911 :	1000101111101111;
	5910 :	1000101111100011;
	5909 :	1000101111010111;
	5908 :	1000101111001011;
	5907 :	1000101111000000;
	5906 :	1000101110110100;
	5905 :	1000101110101000;
	5904 :	1000101110011100;
	5903 :	1000101110010000;
	5902 :	1000101110000100;
	5901 :	1000101101111000;
	5900 :	1000101101101100;
	5899 :	1000101101100001;
	5898 :	1000101101010101;
	5897 :	1000101101001001;
	5896 :	1000101100111110;
	5895 :	1000101100110010;
	5894 :	1000101100100110;
	5893 :	1000101100011011;
	5892 :	1000101100001111;
	5891 :	1000101100000011;
	5890 :	1000101011111000;
	5889 :	1000101011101100;
	5888 :	1000101011100001;
	5887 :	1000101011010101;
	5886 :	1000101011001010;
	5885 :	1000101010111110;
	5884 :	1000101010110011;
	5883 :	1000101010100111;
	5882 :	1000101010011100;
	5881 :	1000101010010001;
	5880 :	1000101010000101;
	5879 :	1000101001111010;
	5878 :	1000101001101111;
	5877 :	1000101001100100;
	5876 :	1000101001011000;
	5875 :	1000101001001101;
	5874 :	1000101001000010;
	5873 :	1000101000110111;
	5872 :	1000101000101011;
	5871 :	1000101000100000;
	5870 :	1000101000010101;
	5869 :	1000101000001010;
	5868 :	1000100111111111;
	5867 :	1000100111110100;
	5866 :	1000100111101001;
	5865 :	1000100111011110;
	5864 :	1000100111010011;
	5863 :	1000100111001000;
	5862 :	1000100110111101;
	5861 :	1000100110110010;
	5860 :	1000100110100111;
	5859 :	1000100110011101;
	5858 :	1000100110010010;
	5857 :	1000100110000111;
	5856 :	1000100101111100;
	5855 :	1000100101110001;
	5854 :	1000100101100111;
	5853 :	1000100101011100;
	5852 :	1000100101010001;
	5851 :	1000100101000111;
	5850 :	1000100100111100;
	5849 :	1000100100110001;
	5848 :	1000100100100111;
	5847 :	1000100100011100;
	5846 :	1000100100010001;
	5845 :	1000100100000111;
	5844 :	1000100011111100;
	5843 :	1000100011110010;
	5842 :	1000100011100111;
	5841 :	1000100011011101;
	5840 :	1000100011010011;
	5839 :	1000100011001000;
	5838 :	1000100010111110;
	5837 :	1000100010110011;
	5836 :	1000100010101001;
	5835 :	1000100010011111;
	5834 :	1000100010010101;
	5833 :	1000100010001010;
	5832 :	1000100010000000;
	5831 :	1000100001110110;
	5830 :	1000100001101100;
	5829 :	1000100001100010;
	5828 :	1000100001010111;
	5827 :	1000100001001101;
	5826 :	1000100001000011;
	5825 :	1000100000111001;
	5824 :	1000100000101111;
	5823 :	1000100000100101;
	5822 :	1000100000011011;
	5821 :	1000100000010001;
	5820 :	1000100000000111;
	5819 :	1000011111111101;
	5818 :	1000011111110011;
	5817 :	1000011111101001;
	5816 :	1000011111011111;
	5815 :	1000011111010110;
	5814 :	1000011111001100;
	5813 :	1000011111000010;
	5812 :	1000011110111000;
	5811 :	1000011110101111;
	5810 :	1000011110100101;
	5809 :	1000011110011011;
	5808 :	1000011110010001;
	5807 :	1000011110001000;
	5806 :	1000011101111110;
	5805 :	1000011101110101;
	5804 :	1000011101101011;
	5803 :	1000011101100001;
	5802 :	1000011101011000;
	5801 :	1000011101001110;
	5800 :	1000011101000101;
	5799 :	1000011100111011;
	5798 :	1000011100110010;
	5797 :	1000011100101001;
	5796 :	1000011100011111;
	5795 :	1000011100010110;
	5794 :	1000011100001100;
	5793 :	1000011100000011;
	5792 :	1000011011111010;
	5791 :	1000011011110001;
	5790 :	1000011011100111;
	5789 :	1000011011011110;
	5788 :	1000011011010101;
	5787 :	1000011011001100;
	5786 :	1000011011000010;
	5785 :	1000011010111001;
	5784 :	1000011010110000;
	5783 :	1000011010100111;
	5782 :	1000011010011110;
	5781 :	1000011010010101;
	5780 :	1000011010001100;
	5779 :	1000011010000011;
	5778 :	1000011001111010;
	5777 :	1000011001110001;
	5776 :	1000011001101000;
	5775 :	1000011001011111;
	5774 :	1000011001010110;
	5773 :	1000011001001110;
	5772 :	1000011001000101;
	5771 :	1000011000111100;
	5770 :	1000011000110011;
	5769 :	1000011000101010;
	5768 :	1000011000100010;
	5767 :	1000011000011001;
	5766 :	1000011000010000;
	5765 :	1000011000001000;
	5764 :	1000010111111111;
	5763 :	1000010111110110;
	5762 :	1000010111101110;
	5761 :	1000010111100101;
	5760 :	1000010111011101;
	5759 :	1000010111010100;
	5758 :	1000010111001100;
	5757 :	1000010111000011;
	5756 :	1000010110111011;
	5755 :	1000010110110010;
	5754 :	1000010110101010;
	5753 :	1000010110100001;
	5752 :	1000010110011001;
	5751 :	1000010110010001;
	5750 :	1000010110001000;
	5749 :	1000010110000000;
	5748 :	1000010101111000;
	5747 :	1000010101110000;
	5746 :	1000010101100111;
	5745 :	1000010101011111;
	5744 :	1000010101010111;
	5743 :	1000010101001111;
	5742 :	1000010101000111;
	5741 :	1000010100111111;
	5740 :	1000010100110111;
	5739 :	1000010100101111;
	5738 :	1000010100100111;
	5737 :	1000010100011111;
	5736 :	1000010100010111;
	5735 :	1000010100001111;
	5734 :	1000010100000111;
	5733 :	1000010011111111;
	5732 :	1000010011110111;
	5731 :	1000010011101111;
	5730 :	1000010011100111;
	5729 :	1000010011011111;
	5728 :	1000010011011000;
	5727 :	1000010011010000;
	5726 :	1000010011001000;
	5725 :	1000010011000001;
	5724 :	1000010010111001;
	5723 :	1000010010110001;
	5722 :	1000010010101010;
	5721 :	1000010010100010;
	5720 :	1000010010011010;
	5719 :	1000010010010011;
	5718 :	1000010010001011;
	5717 :	1000010010000100;
	5716 :	1000010001111100;
	5715 :	1000010001110101;
	5714 :	1000010001101101;
	5713 :	1000010001100110;
	5712 :	1000010001011110;
	5711 :	1000010001010111;
	5710 :	1000010001010000;
	5709 :	1000010001001000;
	5708 :	1000010001000001;
	5707 :	1000010000111010;
	5706 :	1000010000110011;
	5705 :	1000010000101011;
	5704 :	1000010000100100;
	5703 :	1000010000011101;
	5702 :	1000010000010110;
	5701 :	1000010000001111;
	5700 :	1000010000001000;
	5699 :	1000010000000000;
	5698 :	1000001111111001;
	5697 :	1000001111110010;
	5696 :	1000001111101011;
	5695 :	1000001111100100;
	5694 :	1000001111011101;
	5693 :	1000001111010110;
	5692 :	1000001111001111;
	5691 :	1000001111001001;
	5690 :	1000001111000010;
	5689 :	1000001110111011;
	5688 :	1000001110110100;
	5687 :	1000001110101101;
	5686 :	1000001110100110;
	5685 :	1000001110100000;
	5684 :	1000001110011001;
	5683 :	1000001110010010;
	5682 :	1000001110001100;
	5681 :	1000001110000101;
	5680 :	1000001101111110;
	5679 :	1000001101111000;
	5678 :	1000001101110001;
	5677 :	1000001101101011;
	5676 :	1000001101100100;
	5675 :	1000001101011110;
	5674 :	1000001101010111;
	5673 :	1000001101010001;
	5672 :	1000001101001010;
	5671 :	1000001101000100;
	5670 :	1000001100111101;
	5669 :	1000001100110111;
	5668 :	1000001100110001;
	5667 :	1000001100101010;
	5666 :	1000001100100100;
	5665 :	1000001100011110;
	5664 :	1000001100011000;
	5663 :	1000001100010001;
	5662 :	1000001100001011;
	5661 :	1000001100000101;
	5660 :	1000001011111111;
	5659 :	1000001011111001;
	5658 :	1000001011110011;
	5657 :	1000001011101101;
	5656 :	1000001011100110;
	5655 :	1000001011100000;
	5654 :	1000001011011010;
	5653 :	1000001011010100;
	5652 :	1000001011001111;
	5651 :	1000001011001001;
	5650 :	1000001011000011;
	5649 :	1000001010111101;
	5648 :	1000001010110111;
	5647 :	1000001010110001;
	5646 :	1000001010101011;
	5645 :	1000001010100110;
	5644 :	1000001010100000;
	5643 :	1000001010011010;
	5642 :	1000001010010100;
	5641 :	1000001010001111;
	5640 :	1000001010001001;
	5639 :	1000001010000011;
	5638 :	1000001001111110;
	5637 :	1000001001111000;
	5636 :	1000001001110011;
	5635 :	1000001001101101;
	5634 :	1000001001101000;
	5633 :	1000001001100010;
	5632 :	1000001001011101;
	5631 :	1000001001010111;
	5630 :	1000001001010010;
	5629 :	1000001001001100;
	5628 :	1000001001000111;
	5627 :	1000001001000010;
	5626 :	1000001000111100;
	5625 :	1000001000110111;
	5624 :	1000001000110010;
	5623 :	1000001000101101;
	5622 :	1000001000100111;
	5621 :	1000001000100010;
	5620 :	1000001000011101;
	5619 :	1000001000011000;
	5618 :	1000001000010011;
	5617 :	1000001000001110;
	5616 :	1000001000001001;
	5615 :	1000001000000011;
	5614 :	1000000111111110;
	5613 :	1000000111111001;
	5612 :	1000000111110100;
	5611 :	1000000111110000;
	5610 :	1000000111101011;
	5609 :	1000000111100110;
	5608 :	1000000111100001;
	5607 :	1000000111011100;
	5606 :	1000000111010111;
	5605 :	1000000111010010;
	5604 :	1000000111001110;
	5603 :	1000000111001001;
	5602 :	1000000111000100;
	5601 :	1000000110111111;
	5600 :	1000000110111011;
	5599 :	1000000110110110;
	5598 :	1000000110110001;
	5597 :	1000000110101101;
	5596 :	1000000110101000;
	5595 :	1000000110100100;
	5594 :	1000000110011111;
	5593 :	1000000110011011;
	5592 :	1000000110010110;
	5591 :	1000000110010010;
	5590 :	1000000110001101;
	5589 :	1000000110001001;
	5588 :	1000000110000100;
	5587 :	1000000110000000;
	5586 :	1000000101111100;
	5585 :	1000000101110111;
	5584 :	1000000101110011;
	5583 :	1000000101101111;
	5582 :	1000000101101011;
	5581 :	1000000101100110;
	5580 :	1000000101100010;
	5579 :	1000000101011110;
	5578 :	1000000101011010;
	5577 :	1000000101010110;
	5576 :	1000000101010010;
	5575 :	1000000101001110;
	5574 :	1000000101001010;
	5573 :	1000000101000110;
	5572 :	1000000101000010;
	5571 :	1000000100111110;
	5570 :	1000000100111010;
	5569 :	1000000100110110;
	5568 :	1000000100110010;
	5567 :	1000000100101110;
	5566 :	1000000100101010;
	5565 :	1000000100100110;
	5564 :	1000000100100010;
	5563 :	1000000100011111;
	5562 :	1000000100011011;
	5561 :	1000000100010111;
	5560 :	1000000100010100;
	5559 :	1000000100010000;
	5558 :	1000000100001100;
	5557 :	1000000100001001;
	5556 :	1000000100000101;
	5555 :	1000000100000001;
	5554 :	1000000011111110;
	5553 :	1000000011111010;
	5552 :	1000000011110111;
	5551 :	1000000011110011;
	5550 :	1000000011110000;
	5549 :	1000000011101100;
	5548 :	1000000011101001;
	5547 :	1000000011100110;
	5546 :	1000000011100010;
	5545 :	1000000011011111;
	5544 :	1000000011011100;
	5543 :	1000000011011000;
	5542 :	1000000011010101;
	5541 :	1000000011010010;
	5540 :	1000000011001111;
	5539 :	1000000011001100;
	5538 :	1000000011001000;
	5537 :	1000000011000101;
	5536 :	1000000011000010;
	5535 :	1000000010111111;
	5534 :	1000000010111100;
	5533 :	1000000010111001;
	5532 :	1000000010110110;
	5531 :	1000000010110011;
	5530 :	1000000010110000;
	5529 :	1000000010101101;
	5528 :	1000000010101010;
	5527 :	1000000010100111;
	5526 :	1000000010100100;
	5525 :	1000000010100010;
	5524 :	1000000010011111;
	5523 :	1000000010011100;
	5522 :	1000000010011001;
	5521 :	1000000010010111;
	5520 :	1000000010010100;
	5519 :	1000000010010001;
	5518 :	1000000010001110;
	5517 :	1000000010001100;
	5516 :	1000000010001001;
	5515 :	1000000010000111;
	5514 :	1000000010000100;
	5513 :	1000000010000010;
	5512 :	1000000001111111;
	5511 :	1000000001111101;
	5510 :	1000000001111010;
	5509 :	1000000001111000;
	5508 :	1000000001110101;
	5507 :	1000000001110011;
	5506 :	1000000001110000;
	5505 :	1000000001101110;
	5504 :	1000000001101100;
	5503 :	1000000001101010;
	5502 :	1000000001100111;
	5501 :	1000000001100101;
	5500 :	1000000001100011;
	5499 :	1000000001100001;
	5498 :	1000000001011110;
	5497 :	1000000001011100;
	5496 :	1000000001011010;
	5495 :	1000000001011000;
	5494 :	1000000001010110;
	5493 :	1000000001010100;
	5492 :	1000000001010010;
	5491 :	1000000001010000;
	5490 :	1000000001001110;
	5489 :	1000000001001100;
	5488 :	1000000001001010;
	5487 :	1000000001001000;
	5486 :	1000000001000110;
	5485 :	1000000001000101;
	5484 :	1000000001000011;
	5483 :	1000000001000001;
	5482 :	1000000000111111;
	5481 :	1000000000111101;
	5480 :	1000000000111100;
	5479 :	1000000000111010;
	5478 :	1000000000111000;
	5477 :	1000000000110111;
	5476 :	1000000000110101;
	5475 :	1000000000110011;
	5474 :	1000000000110010;
	5473 :	1000000000110000;
	5472 :	1000000000101111;
	5471 :	1000000000101101;
	5470 :	1000000000101100;
	5469 :	1000000000101010;
	5468 :	1000000000101001;
	5467 :	1000000000101000;
	5466 :	1000000000100110;
	5465 :	1000000000100101;
	5464 :	1000000000100100;
	5463 :	1000000000100010;
	5462 :	1000000000100001;
	5461 :	1000000000100000;
	5460 :	1000000000011111;
	5459 :	1000000000011101;
	5458 :	1000000000011100;
	5457 :	1000000000011011;
	5456 :	1000000000011010;
	5455 :	1000000000011001;
	5454 :	1000000000011000;
	5453 :	1000000000010111;
	5452 :	1000000000010110;
	5451 :	1000000000010101;
	5450 :	1000000000010100;
	5449 :	1000000000010011;
	5448 :	1000000000010010;
	5447 :	1000000000010001;
	5446 :	1000000000010000;
	5445 :	1000000000001111;
	5444 :	1000000000001110;
	5443 :	1000000000001110;
	5442 :	1000000000001101;
	5441 :	1000000000001100;
	5440 :	1000000000001011;
	5439 :	1000000000001011;
	5438 :	1000000000001010;
	5437 :	1000000000001001;
	5436 :	1000000000001001;
	5435 :	1000000000001000;
	5434 :	1000000000000111;
	5433 :	1000000000000111;
	5432 :	1000000000000110;
	5431 :	1000000000000110;
	5430 :	1000000000000101;
	5429 :	1000000000000101;
	5428 :	1000000000000100;
	5427 :	1000000000000100;
	5426 :	1000000000000100;
	5425 :	1000000000000011;
	5424 :	1000000000000011;
	5423 :	1000000000000011;
	5422 :	1000000000000010;
	5421 :	1000000000000010;
	5420 :	1000000000000010;
	5419 :	1000000000000010;
	5418 :	1000000000000010;
	5417 :	1000000000000001;
	5416 :	1000000000000001;
	5415 :	1000000000000001;
	5414 :	1000000000000001;
	5413 :	1000000000000001;
	5412 :	1000000000000001;
	5411 :	1000000000000001;
	5410 :	1000000000000001;
	5409 :	1000000000000001;
	5408 :	1000000000000001;
	5407 :	1000000000000001;
	5406 :	1000000000000001;
	5405 :	1000000000000001;
	5404 :	1000000000000010;
	5403 :	1000000000000010;
	5402 :	1000000000000010;
	5401 :	1000000000000010;
	5400 :	1000000000000011;
	5399 :	1000000000000011;
	5398 :	1000000000000011;
	5397 :	1000000000000100;
	5396 :	1000000000000100;
	5395 :	1000000000000100;
	5394 :	1000000000000101;
	5393 :	1000000000000101;
	5392 :	1000000000000110;
	5391 :	1000000000000110;
	5390 :	1000000000000111;
	5389 :	1000000000000111;
	5388 :	1000000000001000;
	5387 :	1000000000001000;
	5386 :	1000000000001001;
	5385 :	1000000000001010;
	5384 :	1000000000001010;
	5383 :	1000000000001011;
	5382 :	1000000000001100;
	5381 :	1000000000001100;
	5380 :	1000000000001101;
	5379 :	1000000000001110;
	5378 :	1000000000001111;
	5377 :	1000000000010000;
	5376 :	1000000000010000;
	5375 :	1000000000010001;
	5374 :	1000000000010010;
	5373 :	1000000000010011;
	5372 :	1000000000010100;
	5371 :	1000000000010101;
	5370 :	1000000000010110;
	5369 :	1000000000010111;
	5368 :	1000000000011000;
	5367 :	1000000000011001;
	5366 :	1000000000011010;
	5365 :	1000000000011100;
	5364 :	1000000000011101;
	5363 :	1000000000011110;
	5362 :	1000000000011111;
	5361 :	1000000000100000;
	5360 :	1000000000100010;
	5359 :	1000000000100011;
	5358 :	1000000000100100;
	5357 :	1000000000100110;
	5356 :	1000000000100111;
	5355 :	1000000000101000;
	5354 :	1000000000101010;
	5353 :	1000000000101011;
	5352 :	1000000000101101;
	5351 :	1000000000101110;
	5350 :	1000000000110000;
	5349 :	1000000000110001;
	5348 :	1000000000110011;
	5347 :	1000000000110100;
	5346 :	1000000000110110;
	5345 :	1000000000111000;
	5344 :	1000000000111001;
	5343 :	1000000000111011;
	5342 :	1000000000111101;
	5341 :	1000000000111110;
	5340 :	1000000001000000;
	5339 :	1000000001000010;
	5338 :	1000000001000100;
	5337 :	1000000001000101;
	5336 :	1000000001000111;
	5335 :	1000000001001001;
	5334 :	1000000001001011;
	5333 :	1000000001001101;
	5332 :	1000000001001111;
	5331 :	1000000001010001;
	5330 :	1000000001010011;
	5329 :	1000000001010101;
	5328 :	1000000001010111;
	5327 :	1000000001011001;
	5326 :	1000000001011011;
	5325 :	1000000001011101;
	5324 :	1000000001100000;
	5323 :	1000000001100010;
	5322 :	1000000001100100;
	5321 :	1000000001100110;
	5320 :	1000000001101000;
	5319 :	1000000001101011;
	5318 :	1000000001101101;
	5317 :	1000000001101111;
	5316 :	1000000001110010;
	5315 :	1000000001110100;
	5314 :	1000000001110110;
	5313 :	1000000001111001;
	5312 :	1000000001111011;
	5311 :	1000000001111110;
	5310 :	1000000010000000;
	5309 :	1000000010000011;
	5308 :	1000000010000101;
	5307 :	1000000010001000;
	5306 :	1000000010001011;
	5305 :	1000000010001101;
	5304 :	1000000010010000;
	5303 :	1000000010010010;
	5302 :	1000000010010101;
	5301 :	1000000010011000;
	5300 :	1000000010011011;
	5299 :	1000000010011101;
	5298 :	1000000010100000;
	5297 :	1000000010100011;
	5296 :	1000000010100110;
	5295 :	1000000010101001;
	5294 :	1000000010101100;
	5293 :	1000000010101111;
	5292 :	1000000010110010;
	5291 :	1000000010110101;
	5290 :	1000000010110111;
	5289 :	1000000010111011;
	5288 :	1000000010111110;
	5287 :	1000000011000001;
	5286 :	1000000011000100;
	5285 :	1000000011000111;
	5284 :	1000000011001010;
	5283 :	1000000011001101;
	5282 :	1000000011010000;
	5281 :	1000000011010100;
	5280 :	1000000011010111;
	5279 :	1000000011011010;
	5278 :	1000000011011101;
	5277 :	1000000011100001;
	5276 :	1000000011100100;
	5275 :	1000000011100111;
	5274 :	1000000011101011;
	5273 :	1000000011101110;
	5272 :	1000000011110010;
	5271 :	1000000011110101;
	5270 :	1000000011111001;
	5269 :	1000000011111100;
	5268 :	1000000100000000;
	5267 :	1000000100000011;
	5266 :	1000000100000111;
	5265 :	1000000100001010;
	5264 :	1000000100001110;
	5263 :	1000000100010010;
	5262 :	1000000100010101;
	5261 :	1000000100011001;
	5260 :	1000000100011101;
	5259 :	1000000100100001;
	5258 :	1000000100100100;
	5257 :	1000000100101000;
	5256 :	1000000100101100;
	5255 :	1000000100110000;
	5254 :	1000000100110100;
	5253 :	1000000100111000;
	5252 :	1000000100111100;
	5251 :	1000000101000000;
	5250 :	1000000101000100;
	5249 :	1000000101001000;
	5248 :	1000000101001100;
	5247 :	1000000101010000;
	5246 :	1000000101010100;
	5245 :	1000000101011000;
	5244 :	1000000101011100;
	5243 :	1000000101100000;
	5242 :	1000000101100100;
	5241 :	1000000101101000;
	5240 :	1000000101101101;
	5239 :	1000000101110001;
	5238 :	1000000101110101;
	5237 :	1000000101111010;
	5236 :	1000000101111110;
	5235 :	1000000110000010;
	5234 :	1000000110000111;
	5233 :	1000000110001011;
	5232 :	1000000110001111;
	5231 :	1000000110010100;
	5230 :	1000000110011000;
	5229 :	1000000110011101;
	5228 :	1000000110100001;
	5227 :	1000000110100110;
	5226 :	1000000110101010;
	5225 :	1000000110101111;
	5224 :	1000000110110100;
	5223 :	1000000110111000;
	5222 :	1000000110111101;
	5221 :	1000000111000010;
	5220 :	1000000111000110;
	5219 :	1000000111001011;
	5218 :	1000000111010000;
	5217 :	1000000111010101;
	5216 :	1000000111011010;
	5215 :	1000000111011110;
	5214 :	1000000111100011;
	5213 :	1000000111101000;
	5212 :	1000000111101101;
	5211 :	1000000111110010;
	5210 :	1000000111110111;
	5209 :	1000000111111100;
	5208 :	1000001000000001;
	5207 :	1000001000000110;
	5206 :	1000001000001011;
	5205 :	1000001000010000;
	5204 :	1000001000010101;
	5203 :	1000001000011010;
	5202 :	1000001000100000;
	5201 :	1000001000100101;
	5200 :	1000001000101010;
	5199 :	1000001000101111;
	5198 :	1000001000110100;
	5197 :	1000001000111010;
	5196 :	1000001000111111;
	5195 :	1000001001000100;
	5194 :	1000001001001010;
	5193 :	1000001001001111;
	5192 :	1000001001010100;
	5191 :	1000001001011010;
	5190 :	1000001001011111;
	5189 :	1000001001100101;
	5188 :	1000001001101010;
	5187 :	1000001001110000;
	5186 :	1000001001110101;
	5185 :	1000001001111011;
	5184 :	1000001010000001;
	5183 :	1000001010000110;
	5182 :	1000001010001100;
	5181 :	1000001010010010;
	5180 :	1000001010010111;
	5179 :	1000001010011101;
	5178 :	1000001010100011;
	5177 :	1000001010101000;
	5176 :	1000001010101110;
	5175 :	1000001010110100;
	5174 :	1000001010111010;
	5173 :	1000001011000000;
	5172 :	1000001011000110;
	5171 :	1000001011001100;
	5170 :	1000001011010001;
	5169 :	1000001011010111;
	5168 :	1000001011011101;
	5167 :	1000001011100011;
	5166 :	1000001011101001;
	5165 :	1000001011110000;
	5164 :	1000001011110110;
	5163 :	1000001011111100;
	5162 :	1000001100000010;
	5161 :	1000001100001000;
	5160 :	1000001100001110;
	5159 :	1000001100010100;
	5158 :	1000001100011011;
	5157 :	1000001100100001;
	5156 :	1000001100100111;
	5155 :	1000001100101101;
	5154 :	1000001100110100;
	5153 :	1000001100111010;
	5152 :	1000001101000001;
	5151 :	1000001101000111;
	5150 :	1000001101001101;
	5149 :	1000001101010100;
	5148 :	1000001101011010;
	5147 :	1000001101100001;
	5146 :	1000001101100111;
	5145 :	1000001101101110;
	5144 :	1000001101110100;
	5143 :	1000001101111011;
	5142 :	1000001110000010;
	5141 :	1000001110001000;
	5140 :	1000001110001111;
	5139 :	1000001110010110;
	5138 :	1000001110011100;
	5137 :	1000001110100011;
	5136 :	1000001110101010;
	5135 :	1000001110110001;
	5134 :	1000001110110111;
	5133 :	1000001110111110;
	5132 :	1000001111000101;
	5131 :	1000001111001100;
	5130 :	1000001111010011;
	5129 :	1000001111011010;
	5128 :	1000001111100001;
	5127 :	1000001111101000;
	5126 :	1000001111101111;
	5125 :	1000001111110110;
	5124 :	1000001111111101;
	5123 :	1000010000000100;
	5122 :	1000010000001011;
	5121 :	1000010000010010;
	5120 :	1000010000011001;
	5119 :	1000010000100000;
	5118 :	1000010000101000;
	5117 :	1000010000101111;
	5116 :	1000010000110110;
	5115 :	1000010000111101;
	5114 :	1000010001000101;
	5113 :	1000010001001100;
	5112 :	1000010001010011;
	5111 :	1000010001011011;
	5110 :	1000010001100010;
	5109 :	1000010001101010;
	5108 :	1000010001110001;
	5107 :	1000010001111000;
	5106 :	1000010010000000;
	5105 :	1000010010000111;
	5104 :	1000010010001111;
	5103 :	1000010010010111;
	5102 :	1000010010011110;
	5101 :	1000010010100110;
	5100 :	1000010010101101;
	5099 :	1000010010110101;
	5098 :	1000010010111101;
	5097 :	1000010011000100;
	5096 :	1000010011001100;
	5095 :	1000010011010100;
	5094 :	1000010011011100;
	5093 :	1000010011100011;
	5092 :	1000010011101011;
	5091 :	1000010011110011;
	5090 :	1000010011111011;
	5089 :	1000010100000011;
	5088 :	1000010100001011;
	5087 :	1000010100010011;
	5086 :	1000010100011011;
	5085 :	1000010100100011;
	5084 :	1000010100101011;
	5083 :	1000010100110011;
	5082 :	1000010100111011;
	5081 :	1000010101000011;
	5080 :	1000010101001011;
	5079 :	1000010101010011;
	5078 :	1000010101011011;
	5077 :	1000010101100011;
	5076 :	1000010101101100;
	5075 :	1000010101110100;
	5074 :	1000010101111100;
	5073 :	1000010110000100;
	5072 :	1000010110001101;
	5071 :	1000010110010101;
	5070 :	1000010110011101;
	5069 :	1000010110100110;
	5068 :	1000010110101110;
	5067 :	1000010110110110;
	5066 :	1000010110111111;
	5065 :	1000010111000111;
	5064 :	1000010111010000;
	5063 :	1000010111011000;
	5062 :	1000010111100001;
	5061 :	1000010111101001;
	5060 :	1000010111110010;
	5059 :	1000010111111011;
	5058 :	1000011000000011;
	5057 :	1000011000001100;
	5056 :	1000011000010101;
	5055 :	1000011000011101;
	5054 :	1000011000100110;
	5053 :	1000011000101111;
	5052 :	1000011000111000;
	5051 :	1000011001000000;
	5050 :	1000011001001001;
	5049 :	1000011001010010;
	5048 :	1000011001011011;
	5047 :	1000011001100100;
	5046 :	1000011001101101;
	5045 :	1000011001110110;
	5044 :	1000011001111111;
	5043 :	1000011010001000;
	5042 :	1000011010010001;
	5041 :	1000011010011010;
	5040 :	1000011010100011;
	5039 :	1000011010101100;
	5038 :	1000011010110101;
	5037 :	1000011010111110;
	5036 :	1000011011000111;
	5035 :	1000011011010000;
	5034 :	1000011011011001;
	5033 :	1000011011100011;
	5032 :	1000011011101100;
	5031 :	1000011011110101;
	5030 :	1000011011111110;
	5029 :	1000011100001000;
	5028 :	1000011100010001;
	5027 :	1000011100011010;
	5026 :	1000011100100100;
	5025 :	1000011100101101;
	5024 :	1000011100110111;
	5023 :	1000011101000000;
	5022 :	1000011101001010;
	5021 :	1000011101010011;
	5020 :	1000011101011101;
	5019 :	1000011101100110;
	5018 :	1000011101110000;
	5017 :	1000011101111001;
	5016 :	1000011110000011;
	5015 :	1000011110001101;
	5014 :	1000011110010110;
	5013 :	1000011110100000;
	5012 :	1000011110101010;
	5011 :	1000011110110011;
	5010 :	1000011110111101;
	5009 :	1000011111000111;
	5008 :	1000011111010001;
	5007 :	1000011111011011;
	5006 :	1000011111100100;
	5005 :	1000011111101110;
	5004 :	1000011111111000;
	5003 :	1000100000000010;
	5002 :	1000100000001100;
	5001 :	1000100000010110;
	5000 :	1000100000100000;
	4999 :	1000100000101010;
	4998 :	1000100000110100;
	4997 :	1000100000111110;
	4996 :	1000100001001000;
	4995 :	1000100001010010;
	4994 :	1000100001011100;
	4993 :	1000100001100111;
	4992 :	1000100001110001;
	4991 :	1000100001111011;
	4990 :	1000100010000101;
	4989 :	1000100010001111;
	4988 :	1000100010011010;
	4987 :	1000100010100100;
	4986 :	1000100010101110;
	4985 :	1000100010111001;
	4984 :	1000100011000011;
	4983 :	1000100011001101;
	4982 :	1000100011011000;
	4981 :	1000100011100010;
	4980 :	1000100011101101;
	4979 :	1000100011110111;
	4978 :	1000100100000010;
	4977 :	1000100100001100;
	4976 :	1000100100010111;
	4975 :	1000100100100001;
	4974 :	1000100100101100;
	4973 :	1000100100110111;
	4972 :	1000100101000001;
	4971 :	1000100101001100;
	4970 :	1000100101010111;
	4969 :	1000100101100001;
	4968 :	1000100101101100;
	4967 :	1000100101110111;
	4966 :	1000100110000010;
	4965 :	1000100110001100;
	4964 :	1000100110010111;
	4963 :	1000100110100010;
	4962 :	1000100110101101;
	4961 :	1000100110111000;
	4960 :	1000100111000011;
	4959 :	1000100111001110;
	4958 :	1000100111011001;
	4957 :	1000100111100100;
	4956 :	1000100111101111;
	4955 :	1000100111111010;
	4954 :	1000101000000101;
	4953 :	1000101000010000;
	4952 :	1000101000011011;
	4951 :	1000101000100110;
	4950 :	1000101000110001;
	4949 :	1000101000111100;
	4948 :	1000101001000111;
	4947 :	1000101001010011;
	4946 :	1000101001011110;
	4945 :	1000101001101001;
	4944 :	1000101001110100;
	4943 :	1000101010000000;
	4942 :	1000101010001011;
	4941 :	1000101010010110;
	4940 :	1000101010100010;
	4939 :	1000101010101101;
	4938 :	1000101010111001;
	4937 :	1000101011000100;
	4936 :	1000101011001111;
	4935 :	1000101011011011;
	4934 :	1000101011100110;
	4933 :	1000101011110010;
	4932 :	1000101011111110;
	4931 :	1000101100001001;
	4930 :	1000101100010101;
	4929 :	1000101100100000;
	4928 :	1000101100101100;
	4927 :	1000101100111000;
	4926 :	1000101101000011;
	4925 :	1000101101001111;
	4924 :	1000101101011011;
	4923 :	1000101101100111;
	4922 :	1000101101110010;
	4921 :	1000101101111110;
	4920 :	1000101110001010;
	4919 :	1000101110010110;
	4918 :	1000101110100010;
	4917 :	1000101110101110;
	4916 :	1000101110111010;
	4915 :	1000101111000101;
	4914 :	1000101111010001;
	4913 :	1000101111011101;
	4912 :	1000101111101001;
	4911 :	1000101111110101;
	4910 :	1000110000000010;
	4909 :	1000110000001110;
	4908 :	1000110000011010;
	4907 :	1000110000100110;
	4906 :	1000110000110010;
	4905 :	1000110000111110;
	4904 :	1000110001001010;
	4903 :	1000110001010111;
	4902 :	1000110001100011;
	4901 :	1000110001101111;
	4900 :	1000110001111011;
	4899 :	1000110010001000;
	4898 :	1000110010010100;
	4897 :	1000110010100000;
	4896 :	1000110010101101;
	4895 :	1000110010111001;
	4894 :	1000110011000101;
	4893 :	1000110011010010;
	4892 :	1000110011011110;
	4891 :	1000110011101011;
	4890 :	1000110011110111;
	4889 :	1000110100000100;
	4888 :	1000110100010000;
	4887 :	1000110100011101;
	4886 :	1000110100101010;
	4885 :	1000110100110110;
	4884 :	1000110101000011;
	4883 :	1000110101001111;
	4882 :	1000110101011100;
	4881 :	1000110101101001;
	4880 :	1000110101110110;
	4879 :	1000110110000010;
	4878 :	1000110110001111;
	4877 :	1000110110011100;
	4876 :	1000110110101001;
	4875 :	1000110110110101;
	4874 :	1000110111000010;
	4873 :	1000110111001111;
	4872 :	1000110111011100;
	4871 :	1000110111101001;
	4870 :	1000110111110110;
	4869 :	1000111000000011;
	4868 :	1000111000010000;
	4867 :	1000111000011101;
	4866 :	1000111000101010;
	4865 :	1000111000110111;
	4864 :	1000111001000100;
	4863 :	1000111001010001;
	4862 :	1000111001011110;
	4861 :	1000111001101100;
	4860 :	1000111001111001;
	4859 :	1000111010000110;
	4858 :	1000111010010011;
	4857 :	1000111010100000;
	4856 :	1000111010101110;
	4855 :	1000111010111011;
	4854 :	1000111011001000;
	4853 :	1000111011010101;
	4852 :	1000111011100011;
	4851 :	1000111011110000;
	4850 :	1000111011111110;
	4849 :	1000111100001011;
	4848 :	1000111100011000;
	4847 :	1000111100100110;
	4846 :	1000111100110011;
	4845 :	1000111101000001;
	4844 :	1000111101001110;
	4843 :	1000111101011100;
	4842 :	1000111101101001;
	4841 :	1000111101110111;
	4840 :	1000111110000101;
	4839 :	1000111110010010;
	4838 :	1000111110100000;
	4837 :	1000111110101110;
	4836 :	1000111110111011;
	4835 :	1000111111001001;
	4834 :	1000111111010111;
	4833 :	1000111111100101;
	4832 :	1000111111110010;
	4831 :	1001000000000000;
	4830 :	1001000000001110;
	4829 :	1001000000011100;
	4828 :	1001000000101010;
	4827 :	1001000000111000;
	4826 :	1001000001000101;
	4825 :	1001000001010011;
	4824 :	1001000001100001;
	4823 :	1001000001101111;
	4822 :	1001000001111101;
	4821 :	1001000010001011;
	4820 :	1001000010011001;
	4819 :	1001000010100111;
	4818 :	1001000010110101;
	4817 :	1001000011000100;
	4816 :	1001000011010010;
	4815 :	1001000011100000;
	4814 :	1001000011101110;
	4813 :	1001000011111100;
	4812 :	1001000100001010;
	4811 :	1001000100011001;
	4810 :	1001000100100111;
	4809 :	1001000100110101;
	4808 :	1001000101000100;
	4807 :	1001000101010010;
	4806 :	1001000101100000;
	4805 :	1001000101101111;
	4804 :	1001000101111101;
	4803 :	1001000110001011;
	4802 :	1001000110011010;
	4801 :	1001000110101000;
	4800 :	1001000110110111;
	4799 :	1001000111000101;
	4798 :	1001000111010100;
	4797 :	1001000111100010;
	4796 :	1001000111110001;
	4795 :	1001000111111111;
	4794 :	1001001000001110;
	4793 :	1001001000011101;
	4792 :	1001001000101011;
	4791 :	1001001000111010;
	4790 :	1001001001001001;
	4789 :	1001001001010111;
	4788 :	1001001001100110;
	4787 :	1001001001110101;
	4786 :	1001001010000100;
	4785 :	1001001010010010;
	4784 :	1001001010100001;
	4783 :	1001001010110000;
	4782 :	1001001010111111;
	4781 :	1001001011001110;
	4780 :	1001001011011101;
	4779 :	1001001011101100;
	4778 :	1001001011111010;
	4777 :	1001001100001001;
	4776 :	1001001100011000;
	4775 :	1001001100100111;
	4774 :	1001001100110110;
	4773 :	1001001101000101;
	4772 :	1001001101010101;
	4771 :	1001001101100100;
	4770 :	1001001101110011;
	4769 :	1001001110000010;
	4768 :	1001001110010001;
	4767 :	1001001110100000;
	4766 :	1001001110101111;
	4765 :	1001001110111111;
	4764 :	1001001111001110;
	4763 :	1001001111011101;
	4762 :	1001001111101100;
	4761 :	1001001111111100;
	4760 :	1001010000001011;
	4759 :	1001010000011010;
	4758 :	1001010000101010;
	4757 :	1001010000111001;
	4756 :	1001010001001000;
	4755 :	1001010001011000;
	4754 :	1001010001100111;
	4753 :	1001010001110111;
	4752 :	1001010010000110;
	4751 :	1001010010010110;
	4750 :	1001010010100101;
	4749 :	1001010010110101;
	4748 :	1001010011000100;
	4747 :	1001010011010100;
	4746 :	1001010011100100;
	4745 :	1001010011110011;
	4744 :	1001010100000011;
	4743 :	1001010100010011;
	4742 :	1001010100100010;
	4741 :	1001010100110010;
	4740 :	1001010101000010;
	4739 :	1001010101010010;
	4738 :	1001010101100001;
	4737 :	1001010101110001;
	4736 :	1001010110000001;
	4735 :	1001010110010001;
	4734 :	1001010110100001;
	4733 :	1001010110110000;
	4732 :	1001010111000000;
	4731 :	1001010111010000;
	4730 :	1001010111100000;
	4729 :	1001010111110000;
	4728 :	1001011000000000;
	4727 :	1001011000010000;
	4726 :	1001011000100000;
	4725 :	1001011000110000;
	4724 :	1001011001000000;
	4723 :	1001011001010000;
	4722 :	1001011001100001;
	4721 :	1001011001110001;
	4720 :	1001011010000001;
	4719 :	1001011010010001;
	4718 :	1001011010100001;
	4717 :	1001011010110001;
	4716 :	1001011011000010;
	4715 :	1001011011010010;
	4714 :	1001011011100010;
	4713 :	1001011011110010;
	4712 :	1001011100000011;
	4711 :	1001011100010011;
	4710 :	1001011100100011;
	4709 :	1001011100110100;
	4708 :	1001011101000100;
	4707 :	1001011101010101;
	4706 :	1001011101100101;
	4705 :	1001011101110110;
	4704 :	1001011110000110;
	4703 :	1001011110010110;
	4702 :	1001011110100111;
	4701 :	1001011110111000;
	4700 :	1001011111001000;
	4699 :	1001011111011001;
	4698 :	1001011111101001;
	4697 :	1001011111111010;
	4696 :	1001100000001011;
	4695 :	1001100000011011;
	4694 :	1001100000101100;
	4693 :	1001100000111101;
	4692 :	1001100001001101;
	4691 :	1001100001011110;
	4690 :	1001100001101111;
	4689 :	1001100010000000;
	4688 :	1001100010010000;
	4687 :	1001100010100001;
	4686 :	1001100010110010;
	4685 :	1001100011000011;
	4684 :	1001100011010100;
	4683 :	1001100011100101;
	4682 :	1001100011110110;
	4681 :	1001100100000110;
	4680 :	1001100100010111;
	4679 :	1001100100101000;
	4678 :	1001100100111001;
	4677 :	1001100101001010;
	4676 :	1001100101011011;
	4675 :	1001100101101101;
	4674 :	1001100101111110;
	4673 :	1001100110001111;
	4672 :	1001100110100000;
	4671 :	1001100110110001;
	4670 :	1001100111000010;
	4669 :	1001100111010011;
	4668 :	1001100111100100;
	4667 :	1001100111110110;
	4666 :	1001101000000111;
	4665 :	1001101000011000;
	4664 :	1001101000101001;
	4663 :	1001101000111011;
	4662 :	1001101001001100;
	4661 :	1001101001011101;
	4660 :	1001101001101111;
	4659 :	1001101010000000;
	4658 :	1001101010010010;
	4657 :	1001101010100011;
	4656 :	1001101010110100;
	4655 :	1001101011000110;
	4654 :	1001101011010111;
	4653 :	1001101011101001;
	4652 :	1001101011111010;
	4651 :	1001101100001100;
	4650 :	1001101100011101;
	4649 :	1001101100101111;
	4648 :	1001101101000001;
	4647 :	1001101101010010;
	4646 :	1001101101100100;
	4645 :	1001101101110101;
	4644 :	1001101110000111;
	4643 :	1001101110011001;
	4642 :	1001101110101011;
	4641 :	1001101110111100;
	4640 :	1001101111001110;
	4639 :	1001101111100000;
	4638 :	1001101111110010;
	4637 :	1001110000000011;
	4636 :	1001110000010101;
	4635 :	1001110000100111;
	4634 :	1001110000111001;
	4633 :	1001110001001011;
	4632 :	1001110001011101;
	4631 :	1001110001101111;
	4630 :	1001110010000001;
	4629 :	1001110010010010;
	4628 :	1001110010100100;
	4627 :	1001110010110110;
	4626 :	1001110011001000;
	4625 :	1001110011011011;
	4624 :	1001110011101101;
	4623 :	1001110011111111;
	4622 :	1001110100010001;
	4621 :	1001110100100011;
	4620 :	1001110100110101;
	4619 :	1001110101000111;
	4618 :	1001110101011001;
	4617 :	1001110101101100;
	4616 :	1001110101111110;
	4615 :	1001110110010000;
	4614 :	1001110110100010;
	4613 :	1001110110110100;
	4612 :	1001110111000111;
	4611 :	1001110111011001;
	4610 :	1001110111101011;
	4609 :	1001110111111110;
	4608 :	1001111000010000;
	4607 :	1001111000100010;
	4606 :	1001111000110101;
	4605 :	1001111001000111;
	4604 :	1001111001011010;
	4603 :	1001111001101100;
	4602 :	1001111001111111;
	4601 :	1001111010010001;
	4600 :	1001111010100100;
	4599 :	1001111010110110;
	4598 :	1001111011001001;
	4597 :	1001111011011011;
	4596 :	1001111011101110;
	4595 :	1001111100000001;
	4594 :	1001111100010011;
	4593 :	1001111100100110;
	4592 :	1001111100111000;
	4591 :	1001111101001011;
	4590 :	1001111101011110;
	4589 :	1001111101110001;
	4588 :	1001111110000011;
	4587 :	1001111110010110;
	4586 :	1001111110101001;
	4585 :	1001111110111100;
	4584 :	1001111111001110;
	4583 :	1001111111100001;
	4582 :	1001111111110100;
	4581 :	1010000000000111;
	4580 :	1010000000011010;
	4579 :	1010000000101101;
	4578 :	1010000001000000;
	4577 :	1010000001010011;
	4576 :	1010000001100110;
	4575 :	1010000001111001;
	4574 :	1010000010001100;
	4573 :	1010000010011111;
	4572 :	1010000010110010;
	4571 :	1010000011000101;
	4570 :	1010000011011000;
	4569 :	1010000011101011;
	4568 :	1010000011111110;
	4567 :	1010000100010001;
	4566 :	1010000100100100;
	4565 :	1010000100110111;
	4564 :	1010000101001011;
	4563 :	1010000101011110;
	4562 :	1010000101110001;
	4561 :	1010000110000100;
	4560 :	1010000110011000;
	4559 :	1010000110101011;
	4558 :	1010000110111110;
	4557 :	1010000111010001;
	4556 :	1010000111100101;
	4555 :	1010000111111000;
	4554 :	1010001000001100;
	4553 :	1010001000011111;
	4552 :	1010001000110010;
	4551 :	1010001001000110;
	4550 :	1010001001011001;
	4549 :	1010001001101101;
	4548 :	1010001010000000;
	4547 :	1010001010010100;
	4546 :	1010001010100111;
	4545 :	1010001010111011;
	4544 :	1010001011001110;
	4543 :	1010001011100010;
	4542 :	1010001011110101;
	4541 :	1010001100001001;
	4540 :	1010001100011101;
	4539 :	1010001100110000;
	4538 :	1010001101000100;
	4537 :	1010001101011000;
	4536 :	1010001101101011;
	4535 :	1010001101111111;
	4534 :	1010001110010011;
	4533 :	1010001110100110;
	4532 :	1010001110111010;
	4531 :	1010001111001110;
	4530 :	1010001111100010;
	4529 :	1010001111110110;
	4528 :	1010010000001001;
	4527 :	1010010000011101;
	4526 :	1010010000110001;
	4525 :	1010010001000101;
	4524 :	1010010001011001;
	4523 :	1010010001101101;
	4522 :	1010010010000001;
	4521 :	1010010010010101;
	4520 :	1010010010101001;
	4519 :	1010010010111101;
	4518 :	1010010011010001;
	4517 :	1010010011100101;
	4516 :	1010010011111001;
	4515 :	1010010100001101;
	4514 :	1010010100100001;
	4513 :	1010010100110101;
	4512 :	1010010101001001;
	4511 :	1010010101011101;
	4510 :	1010010101110010;
	4509 :	1010010110000110;
	4508 :	1010010110011010;
	4507 :	1010010110101110;
	4506 :	1010010111000010;
	4505 :	1010010111010111;
	4504 :	1010010111101011;
	4503 :	1010010111111111;
	4502 :	1010011000010100;
	4501 :	1010011000101000;
	4500 :	1010011000111100;
	4499 :	1010011001010001;
	4498 :	1010011001100101;
	4497 :	1010011001111001;
	4496 :	1010011010001110;
	4495 :	1010011010100010;
	4494 :	1010011010110111;
	4493 :	1010011011001011;
	4492 :	1010011011011111;
	4491 :	1010011011110100;
	4490 :	1010011100001000;
	4489 :	1010011100011101;
	4488 :	1010011100110010;
	4487 :	1010011101000110;
	4486 :	1010011101011011;
	4485 :	1010011101101111;
	4484 :	1010011110000100;
	4483 :	1010011110011000;
	4482 :	1010011110101101;
	4481 :	1010011111000010;
	4480 :	1010011111010110;
	4479 :	1010011111101011;
	4478 :	1010100000000000;
	4477 :	1010100000010101;
	4476 :	1010100000101001;
	4475 :	1010100000111110;
	4474 :	1010100001010011;
	4473 :	1010100001101000;
	4472 :	1010100001111101;
	4471 :	1010100010010001;
	4470 :	1010100010100110;
	4469 :	1010100010111011;
	4468 :	1010100011010000;
	4467 :	1010100011100101;
	4466 :	1010100011111010;
	4465 :	1010100100001111;
	4464 :	1010100100100100;
	4463 :	1010100100111001;
	4462 :	1010100101001110;
	4461 :	1010100101100011;
	4460 :	1010100101111000;
	4459 :	1010100110001101;
	4458 :	1010100110100010;
	4457 :	1010100110110111;
	4456 :	1010100111001100;
	4455 :	1010100111100001;
	4454 :	1010100111110110;
	4453 :	1010101000001011;
	4452 :	1010101000100000;
	4451 :	1010101000110110;
	4450 :	1010101001001011;
	4449 :	1010101001100000;
	4448 :	1010101001110101;
	4447 :	1010101010001010;
	4446 :	1010101010100000;
	4445 :	1010101010110101;
	4444 :	1010101011001010;
	4443 :	1010101011011111;
	4442 :	1010101011110101;
	4441 :	1010101100001010;
	4440 :	1010101100011111;
	4439 :	1010101100110101;
	4438 :	1010101101001010;
	4437 :	1010101101100000;
	4436 :	1010101101110101;
	4435 :	1010101110001010;
	4434 :	1010101110100000;
	4433 :	1010101110110101;
	4432 :	1010101111001011;
	4431 :	1010101111100000;
	4430 :	1010101111110110;
	4429 :	1010110000001011;
	4428 :	1010110000100001;
	4427 :	1010110000110111;
	4426 :	1010110001001100;
	4425 :	1010110001100010;
	4424 :	1010110001110111;
	4423 :	1010110010001101;
	4422 :	1010110010100011;
	4421 :	1010110010111000;
	4420 :	1010110011001110;
	4419 :	1010110011100100;
	4418 :	1010110011111001;
	4417 :	1010110100001111;
	4416 :	1010110100100101;
	4415 :	1010110100111011;
	4414 :	1010110101010000;
	4413 :	1010110101100110;
	4412 :	1010110101111100;
	4411 :	1010110110010010;
	4410 :	1010110110101000;
	4409 :	1010110110111101;
	4408 :	1010110111010011;
	4407 :	1010110111101001;
	4406 :	1010110111111111;
	4405 :	1010111000010101;
	4404 :	1010111000101011;
	4403 :	1010111001000001;
	4402 :	1010111001010111;
	4401 :	1010111001101101;
	4400 :	1010111010000011;
	4399 :	1010111010011001;
	4398 :	1010111010101111;
	4397 :	1010111011000101;
	4396 :	1010111011011011;
	4395 :	1010111011110001;
	4394 :	1010111100000111;
	4393 :	1010111100011101;
	4392 :	1010111100110011;
	4391 :	1010111101001010;
	4390 :	1010111101100000;
	4389 :	1010111101110110;
	4388 :	1010111110001100;
	4387 :	1010111110100010;
	4386 :	1010111110111000;
	4385 :	1010111111001111;
	4384 :	1010111111100101;
	4383 :	1010111111111011;
	4382 :	1011000000010001;
	4381 :	1011000000101000;
	4380 :	1011000000111110;
	4379 :	1011000001010100;
	4378 :	1011000001101011;
	4377 :	1011000010000001;
	4376 :	1011000010010111;
	4375 :	1011000010101110;
	4374 :	1011000011000100;
	4373 :	1011000011011011;
	4372 :	1011000011110001;
	4371 :	1011000100001000;
	4370 :	1011000100011110;
	4369 :	1011000100110100;
	4368 :	1011000101001011;
	4367 :	1011000101100001;
	4366 :	1011000101111000;
	4365 :	1011000110001111;
	4364 :	1011000110100101;
	4363 :	1011000110111100;
	4362 :	1011000111010010;
	4361 :	1011000111101001;
	4360 :	1011000111111111;
	4359 :	1011001000010110;
	4358 :	1011001000101101;
	4357 :	1011001001000011;
	4356 :	1011001001011010;
	4355 :	1011001001110001;
	4354 :	1011001010001000;
	4353 :	1011001010011110;
	4352 :	1011001010110101;
	4351 :	1011001011001100;
	4350 :	1011001011100010;
	4349 :	1011001011111001;
	4348 :	1011001100010000;
	4347 :	1011001100100111;
	4346 :	1011001100111110;
	4345 :	1011001101010101;
	4344 :	1011001101101011;
	4343 :	1011001110000010;
	4342 :	1011001110011001;
	4341 :	1011001110110000;
	4340 :	1011001111000111;
	4339 :	1011001111011110;
	4338 :	1011001111110101;
	4337 :	1011010000001100;
	4336 :	1011010000100011;
	4335 :	1011010000111010;
	4334 :	1011010001010001;
	4333 :	1011010001101000;
	4332 :	1011010001111111;
	4331 :	1011010010010110;
	4330 :	1011010010101101;
	4329 :	1011010011000100;
	4328 :	1011010011011011;
	4327 :	1011010011110010;
	4326 :	1011010100001001;
	4325 :	1011010100100000;
	4324 :	1011010100111000;
	4323 :	1011010101001111;
	4322 :	1011010101100110;
	4321 :	1011010101111101;
	4320 :	1011010110010100;
	4319 :	1011010110101100;
	4318 :	1011010111000011;
	4317 :	1011010111011010;
	4316 :	1011010111110001;
	4315 :	1011011000001001;
	4314 :	1011011000100000;
	4313 :	1011011000110111;
	4312 :	1011011001001111;
	4311 :	1011011001100110;
	4310 :	1011011001111101;
	4309 :	1011011010010101;
	4308 :	1011011010101100;
	4307 :	1011011011000011;
	4306 :	1011011011011011;
	4305 :	1011011011110010;
	4304 :	1011011100001010;
	4303 :	1011011100100001;
	4302 :	1011011100111001;
	4301 :	1011011101010000;
	4300 :	1011011101101000;
	4299 :	1011011101111111;
	4298 :	1011011110010111;
	4297 :	1011011110101110;
	4296 :	1011011111000110;
	4295 :	1011011111011101;
	4294 :	1011011111110101;
	4293 :	1011100000001100;
	4292 :	1011100000100100;
	4291 :	1011100000111100;
	4290 :	1011100001010011;
	4289 :	1011100001101011;
	4288 :	1011100010000011;
	4287 :	1011100010011010;
	4286 :	1011100010110010;
	4285 :	1011100011001010;
	4284 :	1011100011100001;
	4283 :	1011100011111001;
	4282 :	1011100100010001;
	4281 :	1011100100101001;
	4280 :	1011100101000000;
	4279 :	1011100101011000;
	4278 :	1011100101110000;
	4277 :	1011100110001000;
	4276 :	1011100110100000;
	4275 :	1011100110110111;
	4274 :	1011100111001111;
	4273 :	1011100111100111;
	4272 :	1011100111111111;
	4271 :	1011101000010111;
	4270 :	1011101000101111;
	4269 :	1011101001000111;
	4268 :	1011101001011111;
	4267 :	1011101001110111;
	4266 :	1011101010001111;
	4265 :	1011101010100111;
	4264 :	1011101010111111;
	4263 :	1011101011010111;
	4262 :	1011101011101111;
	4261 :	1011101100000111;
	4260 :	1011101100011111;
	4259 :	1011101100110111;
	4258 :	1011101101001111;
	4257 :	1011101101100111;
	4256 :	1011101101111111;
	4255 :	1011101110010111;
	4254 :	1011101110101111;
	4253 :	1011101111000111;
	4252 :	1011101111100000;
	4251 :	1011101111111000;
	4250 :	1011110000010000;
	4249 :	1011110000101000;
	4248 :	1011110001000000;
	4247 :	1011110001011001;
	4246 :	1011110001110001;
	4245 :	1011110010001001;
	4244 :	1011110010100001;
	4243 :	1011110010111010;
	4242 :	1011110011010010;
	4241 :	1011110011101010;
	4240 :	1011110100000010;
	4239 :	1011110100011011;
	4238 :	1011110100110011;
	4237 :	1011110101001011;
	4236 :	1011110101100100;
	4235 :	1011110101111100;
	4234 :	1011110110010101;
	4233 :	1011110110101101;
	4232 :	1011110111000101;
	4231 :	1011110111011110;
	4230 :	1011110111110110;
	4229 :	1011111000001111;
	4228 :	1011111000100111;
	4227 :	1011111001000000;
	4226 :	1011111001011000;
	4225 :	1011111001110001;
	4224 :	1011111010001001;
	4223 :	1011111010100010;
	4222 :	1011111010111010;
	4221 :	1011111011010011;
	4220 :	1011111011101011;
	4219 :	1011111100000100;
	4218 :	1011111100011100;
	4217 :	1011111100110101;
	4216 :	1011111101001110;
	4215 :	1011111101100110;
	4214 :	1011111101111111;
	4213 :	1011111110011000;
	4212 :	1011111110110000;
	4211 :	1011111111001001;
	4210 :	1011111111100010;
	4209 :	1011111111111010;
	4208 :	1100000000010011;
	4207 :	1100000000101100;
	4206 :	1100000001000101;
	4205 :	1100000001011101;
	4204 :	1100000001110110;
	4203 :	1100000010001111;
	4202 :	1100000010101000;
	4201 :	1100000011000000;
	4200 :	1100000011011001;
	4199 :	1100000011110010;
	4198 :	1100000100001011;
	4197 :	1100000100100100;
	4196 :	1100000100111101;
	4195 :	1100000101010101;
	4194 :	1100000101101110;
	4193 :	1100000110000111;
	4192 :	1100000110100000;
	4191 :	1100000110111001;
	4190 :	1100000111010010;
	4189 :	1100000111101011;
	4188 :	1100001000000100;
	4187 :	1100001000011101;
	4186 :	1100001000110110;
	4185 :	1100001001001111;
	4184 :	1100001001101000;
	4183 :	1100001010000001;
	4182 :	1100001010011010;
	4181 :	1100001010110011;
	4180 :	1100001011001100;
	4179 :	1100001011100101;
	4178 :	1100001011111110;
	4177 :	1100001100010111;
	4176 :	1100001100110000;
	4175 :	1100001101001001;
	4174 :	1100001101100011;
	4173 :	1100001101111100;
	4172 :	1100001110010101;
	4171 :	1100001110101110;
	4170 :	1100001111000111;
	4169 :	1100001111100000;
	4168 :	1100001111111010;
	4167 :	1100010000010011;
	4166 :	1100010000101100;
	4165 :	1100010001000101;
	4164 :	1100010001011111;
	4163 :	1100010001111000;
	4162 :	1100010010010001;
	4161 :	1100010010101010;
	4160 :	1100010011000100;
	4159 :	1100010011011101;
	4158 :	1100010011110110;
	4157 :	1100010100010000;
	4156 :	1100010100101001;
	4155 :	1100010101000010;
	4154 :	1100010101011100;
	4153 :	1100010101110101;
	4152 :	1100010110001110;
	4151 :	1100010110101000;
	4150 :	1100010111000001;
	4149 :	1100010111011011;
	4148 :	1100010111110100;
	4147 :	1100011000001101;
	4146 :	1100011000100111;
	4145 :	1100011001000000;
	4144 :	1100011001011010;
	4143 :	1100011001110011;
	4142 :	1100011010001101;
	4141 :	1100011010100110;
	4140 :	1100011011000000;
	4139 :	1100011011011001;
	4138 :	1100011011110011;
	4137 :	1100011100001100;
	4136 :	1100011100100110;
	4135 :	1100011101000000;
	4134 :	1100011101011001;
	4133 :	1100011101110011;
	4132 :	1100011110001100;
	4131 :	1100011110100110;
	4130 :	1100011111000000;
	4129 :	1100011111011001;
	4128 :	1100011111110011;
	4127 :	1100100000001101;
	4126 :	1100100000100110;
	4125 :	1100100001000000;
	4124 :	1100100001011010;
	4123 :	1100100001110011;
	4122 :	1100100010001101;
	4121 :	1100100010100111;
	4120 :	1100100011000000;
	4119 :	1100100011011010;
	4118 :	1100100011110100;
	4117 :	1100100100001110;
	4116 :	1100100100100111;
	4115 :	1100100101000001;
	4114 :	1100100101011011;
	4113 :	1100100101110101;
	4112 :	1100100110001111;
	4111 :	1100100110101001;
	4110 :	1100100111000010;
	4109 :	1100100111011100;
	4108 :	1100100111110110;
	4107 :	1100101000010000;
	4106 :	1100101000101010;
	4105 :	1100101001000100;
	4104 :	1100101001011110;
	4103 :	1100101001111000;
	4102 :	1100101010010001;
	4101 :	1100101010101011;
	4100 :	1100101011000101;
	4099 :	1100101011011111;
	4098 :	1100101011111001;
	4097 :	1100101100010011;
	4096 :	1100101100101101;
	4095 :	1100101101000111;
	4094 :	1100101101100001;
	4093 :	1100101101111011;
	4092 :	1100101110010101;
	4091 :	1100101110101111;
	4090 :	1100101111001001;
	4089 :	1100101111100011;
	4088 :	1100101111111101;
	4087 :	1100110000011000;
	4086 :	1100110000110010;
	4085 :	1100110001001100;
	4084 :	1100110001100110;
	4083 :	1100110010000000;
	4082 :	1100110010011010;
	4081 :	1100110010110100;
	4080 :	1100110011001110;
	4079 :	1100110011101001;
	4078 :	1100110100000011;
	4077 :	1100110100011101;
	4076 :	1100110100110111;
	4075 :	1100110101010001;
	4074 :	1100110101101100;
	4073 :	1100110110000110;
	4072 :	1100110110100000;
	4071 :	1100110110111010;
	4070 :	1100110111010100;
	4069 :	1100110111101111;
	4068 :	1100111000001001;
	4067 :	1100111000100011;
	4066 :	1100111000111110;
	4065 :	1100111001011000;
	4064 :	1100111001110010;
	4063 :	1100111010001100;
	4062 :	1100111010100111;
	4061 :	1100111011000001;
	4060 :	1100111011011011;
	4059 :	1100111011110110;
	4058 :	1100111100010000;
	4057 :	1100111100101011;
	4056 :	1100111101000101;
	4055 :	1100111101011111;
	4054 :	1100111101111010;
	4053 :	1100111110010100;
	4052 :	1100111110101111;
	4051 :	1100111111001001;
	4050 :	1100111111100011;
	4049 :	1100111111111110;
	4048 :	1101000000011000;
	4047 :	1101000000110011;
	4046 :	1101000001001101;
	4045 :	1101000001101000;
	4044 :	1101000010000010;
	4043 :	1101000010011101;
	4042 :	1101000010110111;
	4041 :	1101000011010010;
	4040 :	1101000011101100;
	4039 :	1101000100000111;
	4038 :	1101000100100001;
	4037 :	1101000100111100;
	4036 :	1101000101010110;
	4035 :	1101000101110001;
	4034 :	1101000110001100;
	4033 :	1101000110100110;
	4032 :	1101000111000001;
	4031 :	1101000111011011;
	4030 :	1101000111110110;
	4029 :	1101001000010001;
	4028 :	1101001000101011;
	4027 :	1101001001000110;
	4026 :	1101001001100001;
	4025 :	1101001001111011;
	4024 :	1101001010010110;
	4023 :	1101001010110001;
	4022 :	1101001011001011;
	4021 :	1101001011100110;
	4020 :	1101001100000001;
	4019 :	1101001100011011;
	4018 :	1101001100110110;
	4017 :	1101001101010001;
	4016 :	1101001101101100;
	4015 :	1101001110000110;
	4014 :	1101001110100001;
	4013 :	1101001110111100;
	4012 :	1101001111010111;
	4011 :	1101001111110010;
	4010 :	1101010000001100;
	4009 :	1101010000100111;
	4008 :	1101010001000010;
	4007 :	1101010001011101;
	4006 :	1101010001111000;
	4005 :	1101010010010010;
	4004 :	1101010010101101;
	4003 :	1101010011001000;
	4002 :	1101010011100011;
	4001 :	1101010011111110;
	4000 :	1101010100011001;
	3999 :	1101010100110100;
	3998 :	1101010101001111;
	3997 :	1101010101101001;
	3996 :	1101010110000100;
	3995 :	1101010110011111;
	3994 :	1101010110111010;
	3993 :	1101010111010101;
	3992 :	1101010111110000;
	3991 :	1101011000001011;
	3990 :	1101011000100110;
	3989 :	1101011001000001;
	3988 :	1101011001011100;
	3987 :	1101011001110111;
	3986 :	1101011010010010;
	3985 :	1101011010101101;
	3984 :	1101011011001000;
	3983 :	1101011011100011;
	3982 :	1101011011111110;
	3981 :	1101011100011001;
	3980 :	1101011100110100;
	3979 :	1101011101001111;
	3978 :	1101011101101010;
	3977 :	1101011110000101;
	3976 :	1101011110100000;
	3975 :	1101011110111011;
	3974 :	1101011111010111;
	3973 :	1101011111110010;
	3972 :	1101100000001101;
	3971 :	1101100000101000;
	3970 :	1101100001000011;
	3969 :	1101100001011110;
	3968 :	1101100001111001;
	3967 :	1101100010010100;
	3966 :	1101100010110000;
	3965 :	1101100011001011;
	3964 :	1101100011100110;
	3963 :	1101100100000001;
	3962 :	1101100100011100;
	3961 :	1101100100110111;
	3960 :	1101100101010011;
	3959 :	1101100101101110;
	3958 :	1101100110001001;
	3957 :	1101100110100100;
	3956 :	1101100110111111;
	3955 :	1101100111011011;
	3954 :	1101100111110110;
	3953 :	1101101000010001;
	3952 :	1101101000101100;
	3951 :	1101101001001000;
	3950 :	1101101001100011;
	3949 :	1101101001111110;
	3948 :	1101101010011010;
	3947 :	1101101010110101;
	3946 :	1101101011010000;
	3945 :	1101101011101011;
	3944 :	1101101100000111;
	3943 :	1101101100100010;
	3942 :	1101101100111101;
	3941 :	1101101101011001;
	3940 :	1101101101110100;
	3939 :	1101101110001111;
	3938 :	1101101110101011;
	3937 :	1101101111000110;
	3936 :	1101101111100010;
	3935 :	1101101111111101;
	3934 :	1101110000011000;
	3933 :	1101110000110100;
	3932 :	1101110001001111;
	3931 :	1101110001101011;
	3930 :	1101110010000110;
	3929 :	1101110010100001;
	3928 :	1101110010111101;
	3927 :	1101110011011000;
	3926 :	1101110011110100;
	3925 :	1101110100001111;
	3924 :	1101110100101011;
	3923 :	1101110101000110;
	3922 :	1101110101100001;
	3921 :	1101110101111101;
	3920 :	1101110110011000;
	3919 :	1101110110110100;
	3918 :	1101110111001111;
	3917 :	1101110111101011;
	3916 :	1101111000000110;
	3915 :	1101111000100010;
	3914 :	1101111000111101;
	3913 :	1101111001011001;
	3912 :	1101111001110101;
	3911 :	1101111010010000;
	3910 :	1101111010101100;
	3909 :	1101111011000111;
	3908 :	1101111011100011;
	3907 :	1101111011111110;
	3906 :	1101111100011010;
	3905 :	1101111100110101;
	3904 :	1101111101010001;
	3903 :	1101111101101101;
	3902 :	1101111110001000;
	3901 :	1101111110100100;
	3900 :	1101111110111111;
	3899 :	1101111111011011;
	3898 :	1101111111110111;
	3897 :	1110000000010010;
	3896 :	1110000000101110;
	3895 :	1110000001001010;
	3894 :	1110000001100101;
	3893 :	1110000010000001;
	3892 :	1110000010011101;
	3891 :	1110000010111000;
	3890 :	1110000011010100;
	3889 :	1110000011110000;
	3888 :	1110000100001011;
	3887 :	1110000100100111;
	3886 :	1110000101000011;
	3885 :	1110000101011110;
	3884 :	1110000101111010;
	3883 :	1110000110010110;
	3882 :	1110000110110001;
	3881 :	1110000111001101;
	3880 :	1110000111101001;
	3879 :	1110001000000101;
	3878 :	1110001000100000;
	3877 :	1110001000111100;
	3876 :	1110001001011000;
	3875 :	1110001001110100;
	3874 :	1110001010001111;
	3873 :	1110001010101011;
	3872 :	1110001011000111;
	3871 :	1110001011100011;
	3870 :	1110001011111111;
	3869 :	1110001100011010;
	3868 :	1110001100110110;
	3867 :	1110001101010010;
	3866 :	1110001101101110;
	3865 :	1110001110001010;
	3864 :	1110001110100101;
	3863 :	1110001111000001;
	3862 :	1110001111011101;
	3861 :	1110001111111001;
	3860 :	1110010000010101;
	3859 :	1110010000110001;
	3858 :	1110010001001101;
	3857 :	1110010001101000;
	3856 :	1110010010000100;
	3855 :	1110010010100000;
	3854 :	1110010010111100;
	3853 :	1110010011011000;
	3852 :	1110010011110100;
	3851 :	1110010100010000;
	3850 :	1110010100101100;
	3849 :	1110010101000111;
	3848 :	1110010101100011;
	3847 :	1110010101111111;
	3846 :	1110010110011011;
	3845 :	1110010110110111;
	3844 :	1110010111010011;
	3843 :	1110010111101111;
	3842 :	1110011000001011;
	3841 :	1110011000100111;
	3840 :	1110011001000011;
	3839 :	1110011001011111;
	3838 :	1110011001111011;
	3837 :	1110011010010111;
	3836 :	1110011010110011;
	3835 :	1110011011001111;
	3834 :	1110011011101011;
	3833 :	1110011100000111;
	3832 :	1110011100100011;
	3831 :	1110011100111111;
	3830 :	1110011101011011;
	3829 :	1110011101110111;
	3828 :	1110011110010011;
	3827 :	1110011110101111;
	3826 :	1110011111001011;
	3825 :	1110011111100111;
	3824 :	1110100000000011;
	3823 :	1110100000011111;
	3822 :	1110100000111011;
	3821 :	1110100001010111;
	3820 :	1110100001110011;
	3819 :	1110100010001111;
	3818 :	1110100010101011;
	3817 :	1110100011000111;
	3816 :	1110100011100011;
	3815 :	1110100011111111;
	3814 :	1110100100011011;
	3813 :	1110100100110111;
	3812 :	1110100101010011;
	3811 :	1110100101101111;
	3810 :	1110100110001100;
	3809 :	1110100110101000;
	3808 :	1110100111000100;
	3807 :	1110100111100000;
	3806 :	1110100111111100;
	3805 :	1110101000011000;
	3804 :	1110101000110100;
	3803 :	1110101001010000;
	3802 :	1110101001101100;
	3801 :	1110101010001001;
	3800 :	1110101010100101;
	3799 :	1110101011000001;
	3798 :	1110101011011101;
	3797 :	1110101011111001;
	3796 :	1110101100010101;
	3795 :	1110101100110001;
	3794 :	1110101101001110;
	3793 :	1110101101101010;
	3792 :	1110101110000110;
	3791 :	1110101110100010;
	3790 :	1110101110111110;
	3789 :	1110101111011010;
	3788 :	1110101111110111;
	3787 :	1110110000010011;
	3786 :	1110110000101111;
	3785 :	1110110001001011;
	3784 :	1110110001100111;
	3783 :	1110110010000100;
	3782 :	1110110010100000;
	3781 :	1110110010111100;
	3780 :	1110110011011000;
	3779 :	1110110011110100;
	3778 :	1110110100010001;
	3777 :	1110110100101101;
	3776 :	1110110101001001;
	3775 :	1110110101100101;
	3774 :	1110110110000010;
	3773 :	1110110110011110;
	3772 :	1110110110111010;
	3771 :	1110110111010110;
	3770 :	1110110111110010;
	3769 :	1110111000001111;
	3768 :	1110111000101011;
	3767 :	1110111001000111;
	3766 :	1110111001100100;
	3765 :	1110111010000000;
	3764 :	1110111010011100;
	3763 :	1110111010111000;
	3762 :	1110111011010101;
	3761 :	1110111011110001;
	3760 :	1110111100001101;
	3759 :	1110111100101001;
	3758 :	1110111101000110;
	3757 :	1110111101100010;
	3756 :	1110111101111110;
	3755 :	1110111110011011;
	3754 :	1110111110110111;
	3753 :	1110111111010011;
	3752 :	1110111111110000;
	3751 :	1111000000001100;
	3750 :	1111000000101000;
	3749 :	1111000001000100;
	3748 :	1111000001100001;
	3747 :	1111000001111101;
	3746 :	1111000010011001;
	3745 :	1111000010110110;
	3744 :	1111000011010010;
	3743 :	1111000011101110;
	3742 :	1111000100001011;
	3741 :	1111000100100111;
	3740 :	1111000101000011;
	3739 :	1111000101100000;
	3738 :	1111000101111100;
	3737 :	1111000110011001;
	3736 :	1111000110110101;
	3735 :	1111000111010001;
	3734 :	1111000111101110;
	3733 :	1111001000001010;
	3732 :	1111001000100110;
	3731 :	1111001001000011;
	3730 :	1111001001011111;
	3729 :	1111001001111011;
	3728 :	1111001010011000;
	3727 :	1111001010110100;
	3726 :	1111001011010001;
	3725 :	1111001011101101;
	3724 :	1111001100001001;
	3723 :	1111001100100110;
	3722 :	1111001101000010;
	3721 :	1111001101011111;
	3720 :	1111001101111011;
	3719 :	1111001110010111;
	3718 :	1111001110110100;
	3717 :	1111001111010000;
	3716 :	1111001111101101;
	3715 :	1111010000001001;
	3714 :	1111010000100101;
	3713 :	1111010001000010;
	3712 :	1111010001011110;
	3711 :	1111010001111011;
	3710 :	1111010010010111;
	3709 :	1111010010110011;
	3708 :	1111010011010000;
	3707 :	1111010011101100;
	3706 :	1111010100001001;
	3705 :	1111010100100101;
	3704 :	1111010101000010;
	3703 :	1111010101011110;
	3702 :	1111010101111010;
	3701 :	1111010110010111;
	3700 :	1111010110110011;
	3699 :	1111010111010000;
	3698 :	1111010111101100;
	3697 :	1111011000001001;
	3696 :	1111011000100101;
	3695 :	1111011001000010;
	3694 :	1111011001011110;
	3693 :	1111011001111010;
	3692 :	1111011010010111;
	3691 :	1111011010110011;
	3690 :	1111011011010000;
	3689 :	1111011011101100;
	3688 :	1111011100001001;
	3687 :	1111011100100101;
	3686 :	1111011101000010;
	3685 :	1111011101011110;
	3684 :	1111011101111011;
	3683 :	1111011110010111;
	3682 :	1111011110110100;
	3681 :	1111011111010000;
	3680 :	1111011111101101;
	3679 :	1111100000001001;
	3678 :	1111100000100110;
	3677 :	1111100001000010;
	3676 :	1111100001011111;
	3675 :	1111100001111011;
	3674 :	1111100010010111;
	3673 :	1111100010110100;
	3672 :	1111100011010000;
	3671 :	1111100011101101;
	3670 :	1111100100001001;
	3669 :	1111100100100110;
	3668 :	1111100101000010;
	3667 :	1111100101011111;
	3666 :	1111100101111011;
	3665 :	1111100110011000;
	3664 :	1111100110110100;
	3663 :	1111100111010001;
	3662 :	1111100111101101;
	3661 :	1111101000001010;
	3660 :	1111101000100110;
	3659 :	1111101001000011;
	3658 :	1111101001011111;
	3657 :	1111101001111100;
	3656 :	1111101010011000;
	3655 :	1111101010110101;
	3654 :	1111101011010001;
	3653 :	1111101011101110;
	3652 :	1111101100001011;
	3651 :	1111101100100111;
	3650 :	1111101101000100;
	3649 :	1111101101100000;
	3648 :	1111101101111101;
	3647 :	1111101110011001;
	3646 :	1111101110110110;
	3645 :	1111101111010010;
	3644 :	1111101111101111;
	3643 :	1111110000001011;
	3642 :	1111110000101000;
	3641 :	1111110001000100;
	3640 :	1111110001100001;
	3639 :	1111110001111101;
	3638 :	1111110010011010;
	3637 :	1111110010110110;
	3636 :	1111110011010011;
	3635 :	1111110011101111;
	3634 :	1111110100001100;
	3633 :	1111110100101000;
	3632 :	1111110101000101;
	3631 :	1111110101100001;
	3630 :	1111110101111110;
	3629 :	1111110110011011;
	3628 :	1111110110110111;
	3627 :	1111110111010100;
	3626 :	1111110111110000;
	3625 :	1111111000001101;
	3624 :	1111111000101001;
	3623 :	1111111001000110;
	3622 :	1111111001100010;
	3621 :	1111111001111111;
	3620 :	1111111010011011;
	3619 :	1111111010111000;
	3618 :	1111111011010100;
	3617 :	1111111011110001;
	3616 :	1111111100001101;
	3615 :	1111111100101010;
	3614 :	1111111101000111;
	3613 :	1111111101100011;
	3612 :	1111111110000000;
	3611 :	1111111110011100;
	3610 :	1111111110111001;
	3609 :	1111111111010101;
	3608 :	1111111111110010;
	3607 :	0000000000001110;
	3606 :	0000000000101011;
	3605 :	0000000001000111;
	3604 :	0000000001100100;
	3603 :	0000000010000000;
	3602 :	0000000010011101;
	3601 :	0000000010111001;
	3600 :	0000000011010110;
	3599 :	0000000011110011;
	3598 :	0000000100001111;
	3597 :	0000000100101100;
	3596 :	0000000101001000;
	3595 :	0000000101100101;
	3594 :	0000000110000001;
	3593 :	0000000110011110;
	3592 :	0000000110111010;
	3591 :	0000000111010111;
	3590 :	0000000111110011;
	3589 :	0000001000010000;
	3588 :	0000001000101100;
	3587 :	0000001001001001;
	3586 :	0000001001100101;
	3585 :	0000001010000010;
	3584 :	0000001010011111;
	3583 :	0000001010111011;
	3582 :	0000001011011000;
	3581 :	0000001011110100;
	3580 :	0000001100010001;
	3579 :	0000001100101101;
	3578 :	0000001101001010;
	3577 :	0000001101100110;
	3576 :	0000001110000011;
	3575 :	0000001110011111;
	3574 :	0000001110111100;
	3573 :	0000001111011000;
	3572 :	0000001111110101;
	3571 :	0000010000010001;
	3570 :	0000010000101110;
	3569 :	0000010001001010;
	3568 :	0000010001100111;
	3567 :	0000010010000011;
	3566 :	0000010010100000;
	3565 :	0000010010111100;
	3564 :	0000010011011001;
	3563 :	0000010011110101;
	3562 :	0000010100010010;
	3561 :	0000010100101111;
	3560 :	0000010101001011;
	3559 :	0000010101101000;
	3558 :	0000010110000100;
	3557 :	0000010110100001;
	3556 :	0000010110111101;
	3555 :	0000010111011010;
	3554 :	0000010111110110;
	3553 :	0000011000010011;
	3552 :	0000011000101111;
	3551 :	0000011001001100;
	3550 :	0000011001101000;
	3549 :	0000011010000101;
	3548 :	0000011010100001;
	3547 :	0000011010111110;
	3546 :	0000011011011010;
	3545 :	0000011011110111;
	3544 :	0000011100010011;
	3543 :	0000011100110000;
	3542 :	0000011101001100;
	3541 :	0000011101101001;
	3540 :	0000011110000101;
	3539 :	0000011110100001;
	3538 :	0000011110111110;
	3537 :	0000011111011010;
	3536 :	0000011111110111;
	3535 :	0000100000010011;
	3534 :	0000100000110000;
	3533 :	0000100001001100;
	3532 :	0000100001101001;
	3531 :	0000100010000101;
	3530 :	0000100010100010;
	3529 :	0000100010111110;
	3528 :	0000100011011011;
	3527 :	0000100011110111;
	3526 :	0000100100010100;
	3525 :	0000100100110000;
	3524 :	0000100101001101;
	3523 :	0000100101101001;
	3522 :	0000100110000110;
	3521 :	0000100110100010;
	3520 :	0000100110111110;
	3519 :	0000100111011011;
	3518 :	0000100111110111;
	3517 :	0000101000010100;
	3516 :	0000101000110000;
	3515 :	0000101001001101;
	3514 :	0000101001101001;
	3513 :	0000101010000110;
	3512 :	0000101010100010;
	3511 :	0000101010111110;
	3510 :	0000101011011011;
	3509 :	0000101011110111;
	3508 :	0000101100010100;
	3507 :	0000101100110000;
	3506 :	0000101101001101;
	3505 :	0000101101101001;
	3504 :	0000101110000101;
	3503 :	0000101110100010;
	3502 :	0000101110111110;
	3501 :	0000101111011011;
	3500 :	0000101111110111;
	3499 :	0000110000010011;
	3498 :	0000110000110000;
	3497 :	0000110001001100;
	3496 :	0000110001101001;
	3495 :	0000110010000101;
	3494 :	0000110010100001;
	3493 :	0000110010111110;
	3492 :	0000110011011010;
	3491 :	0000110011110111;
	3490 :	0000110100010011;
	3489 :	0000110100101111;
	3488 :	0000110101001100;
	3487 :	0000110101101000;
	3486 :	0000110110000101;
	3485 :	0000110110100001;
	3484 :	0000110110111101;
	3483 :	0000110111011010;
	3482 :	0000110111110110;
	3481 :	0000111000010010;
	3480 :	0000111000101111;
	3479 :	0000111001001011;
	3478 :	0000111001100111;
	3477 :	0000111010000100;
	3476 :	0000111010100000;
	3475 :	0000111010111101;
	3474 :	0000111011011001;
	3473 :	0000111011110101;
	3472 :	0000111100010010;
	3471 :	0000111100101110;
	3470 :	0000111101001010;
	3469 :	0000111101100111;
	3468 :	0000111110000011;
	3467 :	0000111110011111;
	3466 :	0000111110111100;
	3465 :	0000111111011000;
	3464 :	0000111111110100;
	3463 :	0001000000010000;
	3462 :	0001000000101101;
	3461 :	0001000001001001;
	3460 :	0001000001100101;
	3459 :	0001000010000010;
	3458 :	0001000010011110;
	3457 :	0001000010111010;
	3456 :	0001000011010111;
	3455 :	0001000011110011;
	3454 :	0001000100001111;
	3453 :	0001000100101011;
	3452 :	0001000101001000;
	3451 :	0001000101100100;
	3450 :	0001000110000000;
	3449 :	0001000110011100;
	3448 :	0001000110111001;
	3447 :	0001000111010101;
	3446 :	0001000111110001;
	3445 :	0001001000001110;
	3444 :	0001001000101010;
	3443 :	0001001001000110;
	3442 :	0001001001100010;
	3441 :	0001001001111110;
	3440 :	0001001010011011;
	3439 :	0001001010110111;
	3438 :	0001001011010011;
	3437 :	0001001011101111;
	3436 :	0001001100001100;
	3435 :	0001001100101000;
	3434 :	0001001101000100;
	3433 :	0001001101100000;
	3432 :	0001001101111100;
	3431 :	0001001110011001;
	3430 :	0001001110110101;
	3429 :	0001001111010001;
	3428 :	0001001111101101;
	3427 :	0001010000001001;
	3426 :	0001010000100110;
	3425 :	0001010001000010;
	3424 :	0001010001011110;
	3423 :	0001010001111010;
	3422 :	0001010010010110;
	3421 :	0001010010110010;
	3420 :	0001010011001111;
	3419 :	0001010011101011;
	3418 :	0001010100000111;
	3417 :	0001010100100011;
	3416 :	0001010100111111;
	3415 :	0001010101011011;
	3414 :	0001010101110111;
	3413 :	0001010110010100;
	3412 :	0001010110110000;
	3411 :	0001010111001100;
	3410 :	0001010111101000;
	3409 :	0001011000000100;
	3408 :	0001011000100000;
	3407 :	0001011000111100;
	3406 :	0001011001011000;
	3405 :	0001011001110100;
	3404 :	0001011010010001;
	3403 :	0001011010101101;
	3402 :	0001011011001001;
	3401 :	0001011011100101;
	3400 :	0001011100000001;
	3399 :	0001011100011101;
	3398 :	0001011100111001;
	3397 :	0001011101010101;
	3396 :	0001011101110001;
	3395 :	0001011110001101;
	3394 :	0001011110101001;
	3393 :	0001011111000101;
	3392 :	0001011111100001;
	3391 :	0001011111111101;
	3390 :	0001100000011001;
	3389 :	0001100000110101;
	3388 :	0001100001010001;
	3387 :	0001100001101101;
	3386 :	0001100010001001;
	3385 :	0001100010100101;
	3384 :	0001100011000001;
	3383 :	0001100011011101;
	3382 :	0001100011111001;
	3381 :	0001100100010101;
	3380 :	0001100100110001;
	3379 :	0001100101001101;
	3378 :	0001100101101001;
	3377 :	0001100110000101;
	3376 :	0001100110100001;
	3375 :	0001100110111101;
	3374 :	0001100111011001;
	3373 :	0001100111110101;
	3372 :	0001101000010001;
	3371 :	0001101000101101;
	3370 :	0001101001001001;
	3369 :	0001101001100101;
	3368 :	0001101010000001;
	3367 :	0001101010011101;
	3366 :	0001101010111001;
	3365 :	0001101011010100;
	3364 :	0001101011110000;
	3363 :	0001101100001100;
	3362 :	0001101100101000;
	3361 :	0001101101000100;
	3360 :	0001101101100000;
	3359 :	0001101101111100;
	3358 :	0001101110011000;
	3357 :	0001101110110011;
	3356 :	0001101111001111;
	3355 :	0001101111101011;
	3354 :	0001110000000111;
	3353 :	0001110000100011;
	3352 :	0001110000111111;
	3351 :	0001110001011011;
	3350 :	0001110001110110;
	3349 :	0001110010010010;
	3348 :	0001110010101110;
	3347 :	0001110011001010;
	3346 :	0001110011100110;
	3345 :	0001110100000001;
	3344 :	0001110100011101;
	3343 :	0001110100111001;
	3342 :	0001110101010101;
	3341 :	0001110101110001;
	3340 :	0001110110001100;
	3339 :	0001110110101000;
	3338 :	0001110111000100;
	3337 :	0001110111100000;
	3336 :	0001110111111011;
	3335 :	0001111000010111;
	3334 :	0001111000110011;
	3333 :	0001111001001111;
	3332 :	0001111001101010;
	3331 :	0001111010000110;
	3330 :	0001111010100010;
	3329 :	0001111010111101;
	3328 :	0001111011011001;
	3327 :	0001111011110101;
	3326 :	0001111100010000;
	3325 :	0001111100101100;
	3324 :	0001111101001000;
	3323 :	0001111101100011;
	3322 :	0001111101111111;
	3321 :	0001111110011011;
	3320 :	0001111110110110;
	3319 :	0001111111010010;
	3318 :	0001111111101110;
	3317 :	0010000000001001;
	3316 :	0010000000100101;
	3315 :	0010000001000001;
	3314 :	0010000001011100;
	3313 :	0010000001111000;
	3312 :	0010000010010011;
	3311 :	0010000010101111;
	3310 :	0010000011001011;
	3309 :	0010000011100110;
	3308 :	0010000100000010;
	3307 :	0010000100011101;
	3306 :	0010000100111001;
	3305 :	0010000101010100;
	3304 :	0010000101110000;
	3303 :	0010000110001011;
	3302 :	0010000110100111;
	3301 :	0010000111000011;
	3300 :	0010000111011110;
	3299 :	0010000111111010;
	3298 :	0010001000010101;
	3297 :	0010001000110001;
	3296 :	0010001001001100;
	3295 :	0010001001101000;
	3294 :	0010001010000011;
	3293 :	0010001010011111;
	3292 :	0010001010111010;
	3291 :	0010001011010101;
	3290 :	0010001011110001;
	3289 :	0010001100001100;
	3288 :	0010001100101000;
	3287 :	0010001101000011;
	3286 :	0010001101011111;
	3285 :	0010001101111010;
	3284 :	0010001110010101;
	3283 :	0010001110110001;
	3282 :	0010001111001100;
	3281 :	0010001111101000;
	3280 :	0010010000000011;
	3279 :	0010010000011110;
	3278 :	0010010000111010;
	3277 :	0010010001010101;
	3276 :	0010010001110001;
	3275 :	0010010010001100;
	3274 :	0010010010100111;
	3273 :	0010010011000011;
	3272 :	0010010011011110;
	3271 :	0010010011111001;
	3270 :	0010010100010101;
	3269 :	0010010100110000;
	3268 :	0010010101001011;
	3267 :	0010010101100110;
	3266 :	0010010110000010;
	3265 :	0010010110011101;
	3264 :	0010010110111000;
	3263 :	0010010111010100;
	3262 :	0010010111101111;
	3261 :	0010011000001010;
	3260 :	0010011000100101;
	3259 :	0010011001000001;
	3258 :	0010011001011100;
	3257 :	0010011001110111;
	3256 :	0010011010010010;
	3255 :	0010011010101101;
	3254 :	0010011011001001;
	3253 :	0010011011100100;
	3252 :	0010011011111111;
	3251 :	0010011100011010;
	3250 :	0010011100110101;
	3249 :	0010011101010000;
	3248 :	0010011101101100;
	3247 :	0010011110000111;
	3246 :	0010011110100010;
	3245 :	0010011110111101;
	3244 :	0010011111011000;
	3243 :	0010011111110011;
	3242 :	0010100000001110;
	3241 :	0010100000101001;
	3240 :	0010100001000101;
	3239 :	0010100001100000;
	3238 :	0010100001111011;
	3237 :	0010100010010110;
	3236 :	0010100010110001;
	3235 :	0010100011001100;
	3234 :	0010100011100111;
	3233 :	0010100100000010;
	3232 :	0010100100011101;
	3231 :	0010100100111000;
	3230 :	0010100101010011;
	3229 :	0010100101101110;
	3228 :	0010100110001001;
	3227 :	0010100110100100;
	3226 :	0010100110111111;
	3225 :	0010100111011010;
	3224 :	0010100111110101;
	3223 :	0010101000010000;
	3222 :	0010101000101011;
	3221 :	0010101001000110;
	3220 :	0010101001100001;
	3219 :	0010101001111100;
	3218 :	0010101010010111;
	3217 :	0010101010110001;
	3216 :	0010101011001100;
	3215 :	0010101011100111;
	3214 :	0010101100000010;
	3213 :	0010101100011101;
	3212 :	0010101100111000;
	3211 :	0010101101010011;
	3210 :	0010101101101110;
	3209 :	0010101110001000;
	3208 :	0010101110100011;
	3207 :	0010101110111110;
	3206 :	0010101111011001;
	3205 :	0010101111110100;
	3204 :	0010110000001110;
	3203 :	0010110000101001;
	3202 :	0010110001000100;
	3201 :	0010110001011111;
	3200 :	0010110001111010;
	3199 :	0010110010010100;
	3198 :	0010110010101111;
	3197 :	0010110011001010;
	3196 :	0010110011100101;
	3195 :	0010110011111111;
	3194 :	0010110100011010;
	3193 :	0010110100110101;
	3192 :	0010110101001111;
	3191 :	0010110101101010;
	3190 :	0010110110000101;
	3189 :	0010110110011111;
	3188 :	0010110110111010;
	3187 :	0010110111010101;
	3186 :	0010110111101111;
	3185 :	0010111000001010;
	3184 :	0010111000100101;
	3183 :	0010111000111111;
	3182 :	0010111001011010;
	3181 :	0010111001110100;
	3180 :	0010111010001111;
	3179 :	0010111010101010;
	3178 :	0010111011000100;
	3177 :	0010111011011111;
	3176 :	0010111011111001;
	3175 :	0010111100010100;
	3174 :	0010111100101110;
	3173 :	0010111101001001;
	3172 :	0010111101100011;
	3171 :	0010111101111110;
	3170 :	0010111110011000;
	3169 :	0010111110110011;
	3168 :	0010111111001101;
	3167 :	0010111111101000;
	3166 :	0011000000000010;
	3165 :	0011000000011101;
	3164 :	0011000000110111;
	3163 :	0011000001010001;
	3162 :	0011000001101100;
	3161 :	0011000010000110;
	3160 :	0011000010100001;
	3159 :	0011000010111011;
	3158 :	0011000011010101;
	3157 :	0011000011110000;
	3156 :	0011000100001010;
	3155 :	0011000100100101;
	3154 :	0011000100111111;
	3153 :	0011000101011001;
	3152 :	0011000101110100;
	3151 :	0011000110001110;
	3150 :	0011000110101000;
	3149 :	0011000111000010;
	3148 :	0011000111011101;
	3147 :	0011000111110111;
	3146 :	0011001000010001;
	3145 :	0011001000101100;
	3144 :	0011001001000110;
	3143 :	0011001001100000;
	3142 :	0011001001111010;
	3141 :	0011001010010100;
	3140 :	0011001010101111;
	3139 :	0011001011001001;
	3138 :	0011001011100011;
	3137 :	0011001011111101;
	3136 :	0011001100010111;
	3135 :	0011001100110010;
	3134 :	0011001101001100;
	3133 :	0011001101100110;
	3132 :	0011001110000000;
	3131 :	0011001110011010;
	3130 :	0011001110110100;
	3129 :	0011001111001110;
	3128 :	0011001111101000;
	3127 :	0011010000000011;
	3126 :	0011010000011101;
	3125 :	0011010000110111;
	3124 :	0011010001010001;
	3123 :	0011010001101011;
	3122 :	0011010010000101;
	3121 :	0011010010011111;
	3120 :	0011010010111001;
	3119 :	0011010011010011;
	3118 :	0011010011101101;
	3117 :	0011010100000111;
	3116 :	0011010100100001;
	3115 :	0011010100111011;
	3114 :	0011010101010101;
	3113 :	0011010101101111;
	3112 :	0011010110001000;
	3111 :	0011010110100010;
	3110 :	0011010110111100;
	3109 :	0011010111010110;
	3108 :	0011010111110000;
	3107 :	0011011000001010;
	3106 :	0011011000100100;
	3105 :	0011011000111110;
	3104 :	0011011001010111;
	3103 :	0011011001110001;
	3102 :	0011011010001011;
	3101 :	0011011010100101;
	3100 :	0011011010111111;
	3099 :	0011011011011001;
	3098 :	0011011011110010;
	3097 :	0011011100001100;
	3096 :	0011011100100110;
	3095 :	0011011101000000;
	3094 :	0011011101011001;
	3093 :	0011011101110011;
	3092 :	0011011110001101;
	3091 :	0011011110100110;
	3090 :	0011011111000000;
	3089 :	0011011111011010;
	3088 :	0011011111110011;
	3087 :	0011100000001101;
	3086 :	0011100000100111;
	3085 :	0011100001000000;
	3084 :	0011100001011010;
	3083 :	0011100001110100;
	3082 :	0011100010001101;
	3081 :	0011100010100111;
	3080 :	0011100011000000;
	3079 :	0011100011011010;
	3078 :	0011100011110100;
	3077 :	0011100100001101;
	3076 :	0011100100100111;
	3075 :	0011100101000000;
	3074 :	0011100101011010;
	3073 :	0011100101110011;
	3072 :	0011100110001101;
	3071 :	0011100110100110;
	3070 :	0011100111000000;
	3069 :	0011100111011001;
	3068 :	0011100111110011;
	3067 :	0011101000001100;
	3066 :	0011101000100101;
	3065 :	0011101000111111;
	3064 :	0011101001011000;
	3063 :	0011101001110010;
	3062 :	0011101010001011;
	3061 :	0011101010100100;
	3060 :	0011101010111110;
	3059 :	0011101011010111;
	3058 :	0011101011110000;
	3057 :	0011101100001010;
	3056 :	0011101100100011;
	3055 :	0011101100111100;
	3054 :	0011101101010110;
	3053 :	0011101101101111;
	3052 :	0011101110001000;
	3051 :	0011101110100001;
	3050 :	0011101110111011;
	3049 :	0011101111010100;
	3048 :	0011101111101101;
	3047 :	0011110000000110;
	3046 :	0011110000100000;
	3045 :	0011110000111001;
	3044 :	0011110001010010;
	3043 :	0011110001101011;
	3042 :	0011110010000100;
	3041 :	0011110010011101;
	3040 :	0011110010110111;
	3039 :	0011110011010000;
	3038 :	0011110011101001;
	3037 :	0011110100000010;
	3036 :	0011110100011011;
	3035 :	0011110100110100;
	3034 :	0011110101001101;
	3033 :	0011110101100110;
	3032 :	0011110101111111;
	3031 :	0011110110011000;
	3030 :	0011110110110001;
	3029 :	0011110111001010;
	3028 :	0011110111100011;
	3027 :	0011110111111100;
	3026 :	0011111000010101;
	3025 :	0011111000101110;
	3024 :	0011111001000111;
	3023 :	0011111001100000;
	3022 :	0011111001111001;
	3021 :	0011111010010010;
	3020 :	0011111010101011;
	3019 :	0011111011000011;
	3018 :	0011111011011100;
	3017 :	0011111011110101;
	3016 :	0011111100001110;
	3015 :	0011111100100111;
	3014 :	0011111101000000;
	3013 :	0011111101011000;
	3012 :	0011111101110001;
	3011 :	0011111110001010;
	3010 :	0011111110100011;
	3009 :	0011111110111011;
	3008 :	0011111111010100;
	3007 :	0011111111101101;
	3006 :	0100000000000110;
	3005 :	0100000000011110;
	3004 :	0100000000110111;
	3003 :	0100000001010000;
	3002 :	0100000001101000;
	3001 :	0100000010000001;
	3000 :	0100000010011010;
	2999 :	0100000010110010;
	2998 :	0100000011001011;
	2997 :	0100000011100100;
	2996 :	0100000011111100;
	2995 :	0100000100010101;
	2994 :	0100000100101101;
	2993 :	0100000101000110;
	2992 :	0100000101011110;
	2991 :	0100000101110111;
	2990 :	0100000110001111;
	2989 :	0100000110101000;
	2988 :	0100000111000000;
	2987 :	0100000111011001;
	2986 :	0100000111110001;
	2985 :	0100001000001010;
	2984 :	0100001000100010;
	2983 :	0100001000111011;
	2982 :	0100001001010011;
	2981 :	0100001001101011;
	2980 :	0100001010000100;
	2979 :	0100001010011100;
	2978 :	0100001010110101;
	2977 :	0100001011001101;
	2976 :	0100001011100101;
	2975 :	0100001011111110;
	2974 :	0100001100010110;
	2973 :	0100001100101110;
	2972 :	0100001101000110;
	2971 :	0100001101011111;
	2970 :	0100001101110111;
	2969 :	0100001110001111;
	2968 :	0100001110100111;
	2967 :	0100001111000000;
	2966 :	0100001111011000;
	2965 :	0100001111110000;
	2964 :	0100010000001000;
	2963 :	0100010000100000;
	2962 :	0100010000111001;
	2961 :	0100010001010001;
	2960 :	0100010001101001;
	2959 :	0100010010000001;
	2958 :	0100010010011001;
	2957 :	0100010010110001;
	2956 :	0100010011001001;
	2955 :	0100010011100001;
	2954 :	0100010011111001;
	2953 :	0100010100010001;
	2952 :	0100010100101001;
	2951 :	0100010101000001;
	2950 :	0100010101011001;
	2949 :	0100010101110001;
	2948 :	0100010110001001;
	2947 :	0100010110100001;
	2946 :	0100010110111001;
	2945 :	0100010111010001;
	2944 :	0100010111101001;
	2943 :	0100011000000001;
	2942 :	0100011000011001;
	2941 :	0100011000110001;
	2940 :	0100011001001001;
	2939 :	0100011001100000;
	2938 :	0100011001111000;
	2937 :	0100011010010000;
	2936 :	0100011010101000;
	2935 :	0100011011000000;
	2934 :	0100011011010111;
	2933 :	0100011011101111;
	2932 :	0100011100000111;
	2931 :	0100011100011111;
	2930 :	0100011100110110;
	2929 :	0100011101001110;
	2928 :	0100011101100110;
	2927 :	0100011101111101;
	2926 :	0100011110010101;
	2925 :	0100011110101101;
	2924 :	0100011111000100;
	2923 :	0100011111011100;
	2922 :	0100011111110100;
	2921 :	0100100000001011;
	2920 :	0100100000100011;
	2919 :	0100100000111010;
	2918 :	0100100001010010;
	2917 :	0100100001101001;
	2916 :	0100100010000001;
	2915 :	0100100010011000;
	2914 :	0100100010110000;
	2913 :	0100100011000111;
	2912 :	0100100011011111;
	2911 :	0100100011110110;
	2910 :	0100100100001110;
	2909 :	0100100100100101;
	2908 :	0100100100111101;
	2907 :	0100100101010100;
	2906 :	0100100101101011;
	2905 :	0100100110000011;
	2904 :	0100100110011010;
	2903 :	0100100110110001;
	2902 :	0100100111001001;
	2901 :	0100100111100000;
	2900 :	0100100111110111;
	2899 :	0100101000001111;
	2898 :	0100101000100110;
	2897 :	0100101000111101;
	2896 :	0100101001010100;
	2895 :	0100101001101100;
	2894 :	0100101010000011;
	2893 :	0100101010011010;
	2892 :	0100101010110001;
	2891 :	0100101011001000;
	2890 :	0100101011100000;
	2889 :	0100101011110111;
	2888 :	0100101100001110;
	2887 :	0100101100100101;
	2886 :	0100101100111100;
	2885 :	0100101101010011;
	2884 :	0100101101101010;
	2883 :	0100101110000001;
	2882 :	0100101110011000;
	2881 :	0100101110101111;
	2880 :	0100101111000110;
	2879 :	0100101111011101;
	2878 :	0100101111110100;
	2877 :	0100110000001011;
	2876 :	0100110000100010;
	2875 :	0100110000111001;
	2874 :	0100110001010000;
	2873 :	0100110001100111;
	2872 :	0100110001111110;
	2871 :	0100110010010101;
	2870 :	0100110010101011;
	2869 :	0100110011000010;
	2868 :	0100110011011001;
	2867 :	0100110011110000;
	2866 :	0100110100000111;
	2865 :	0100110100011110;
	2864 :	0100110100110100;
	2863 :	0100110101001011;
	2862 :	0100110101100010;
	2861 :	0100110101111000;
	2860 :	0100110110001111;
	2859 :	0100110110100110;
	2858 :	0100110110111101;
	2857 :	0100110111010011;
	2856 :	0100110111101010;
	2855 :	0100111000000001;
	2854 :	0100111000010111;
	2853 :	0100111000101110;
	2852 :	0100111001000100;
	2851 :	0100111001011011;
	2850 :	0100111001110001;
	2849 :	0100111010001000;
	2848 :	0100111010011111;
	2847 :	0100111010110101;
	2846 :	0100111011001100;
	2845 :	0100111011100010;
	2844 :	0100111011111000;
	2843 :	0100111100001111;
	2842 :	0100111100100101;
	2841 :	0100111100111100;
	2840 :	0100111101010010;
	2839 :	0100111101101001;
	2838 :	0100111101111111;
	2837 :	0100111110010101;
	2836 :	0100111110101100;
	2835 :	0100111111000010;
	2834 :	0100111111011000;
	2833 :	0100111111101111;
	2832 :	0101000000000101;
	2831 :	0101000000011011;
	2830 :	0101000000110001;
	2829 :	0101000001001000;
	2828 :	0101000001011110;
	2827 :	0101000001110100;
	2826 :	0101000010001010;
	2825 :	0101000010100000;
	2824 :	0101000010110110;
	2823 :	0101000011001101;
	2822 :	0101000011100011;
	2821 :	0101000011111001;
	2820 :	0101000100001111;
	2819 :	0101000100100101;
	2818 :	0101000100111011;
	2817 :	0101000101010001;
	2816 :	0101000101100111;
	2815 :	0101000101111101;
	2814 :	0101000110010011;
	2813 :	0101000110101001;
	2812 :	0101000110111111;
	2811 :	0101000111010101;
	2810 :	0101000111101011;
	2809 :	0101001000000001;
	2808 :	0101001000010111;
	2807 :	0101001000101101;
	2806 :	0101001001000011;
	2805 :	0101001001011000;
	2804 :	0101001001101110;
	2803 :	0101001010000100;
	2802 :	0101001010011010;
	2801 :	0101001010110000;
	2800 :	0101001011000101;
	2799 :	0101001011011011;
	2798 :	0101001011110001;
	2797 :	0101001100000111;
	2796 :	0101001100011100;
	2795 :	0101001100110010;
	2794 :	0101001101001000;
	2793 :	0101001101011101;
	2792 :	0101001101110011;
	2791 :	0101001110001001;
	2790 :	0101001110011110;
	2789 :	0101001110110100;
	2788 :	0101001111001001;
	2787 :	0101001111011111;
	2786 :	0101001111110101;
	2785 :	0101010000001010;
	2784 :	0101010000100000;
	2783 :	0101010000110101;
	2782 :	0101010001001011;
	2781 :	0101010001100000;
	2780 :	0101010001110110;
	2779 :	0101010010001011;
	2778 :	0101010010100000;
	2777 :	0101010010110110;
	2776 :	0101010011001011;
	2775 :	0101010011100001;
	2774 :	0101010011110110;
	2773 :	0101010100001011;
	2772 :	0101010100100001;
	2771 :	0101010100110110;
	2770 :	0101010101001011;
	2769 :	0101010101100000;
	2768 :	0101010101110110;
	2767 :	0101010110001011;
	2766 :	0101010110100000;
	2765 :	0101010110110101;
	2764 :	0101010111001010;
	2763 :	0101010111100000;
	2762 :	0101010111110101;
	2761 :	0101011000001010;
	2760 :	0101011000011111;
	2759 :	0101011000110100;
	2758 :	0101011001001001;
	2757 :	0101011001011110;
	2756 :	0101011001110011;
	2755 :	0101011010001000;
	2754 :	0101011010011101;
	2753 :	0101011010110010;
	2752 :	0101011011000111;
	2751 :	0101011011011100;
	2750 :	0101011011110001;
	2749 :	0101011100000110;
	2748 :	0101011100011011;
	2747 :	0101011100110000;
	2746 :	0101011101000101;
	2745 :	0101011101011010;
	2744 :	0101011101101111;
	2743 :	0101011110000011;
	2742 :	0101011110011000;
	2741 :	0101011110101101;
	2740 :	0101011111000010;
	2739 :	0101011111010111;
	2738 :	0101011111101011;
	2737 :	0101100000000000;
	2736 :	0101100000010101;
	2735 :	0101100000101010;
	2734 :	0101100000111110;
	2733 :	0101100001010011;
	2732 :	0101100001101000;
	2731 :	0101100001111100;
	2730 :	0101100010010001;
	2729 :	0101100010100101;
	2728 :	0101100010111010;
	2727 :	0101100011001110;
	2726 :	0101100011100011;
	2725 :	0101100011111000;
	2724 :	0101100100001100;
	2723 :	0101100100100001;
	2722 :	0101100100110101;
	2721 :	0101100101001001;
	2720 :	0101100101011110;
	2719 :	0101100101110010;
	2718 :	0101100110000111;
	2717 :	0101100110011011;
	2716 :	0101100110101111;
	2715 :	0101100111000100;
	2714 :	0101100111011000;
	2713 :	0101100111101100;
	2712 :	0101101000000001;
	2711 :	0101101000010101;
	2710 :	0101101000101001;
	2709 :	0101101000111110;
	2708 :	0101101001010010;
	2707 :	0101101001100110;
	2706 :	0101101001111010;
	2705 :	0101101010001110;
	2704 :	0101101010100011;
	2703 :	0101101010110111;
	2702 :	0101101011001011;
	2701 :	0101101011011111;
	2700 :	0101101011110011;
	2699 :	0101101100000111;
	2698 :	0101101100011011;
	2697 :	0101101100101111;
	2696 :	0101101101000011;
	2695 :	0101101101010111;
	2694 :	0101101101101011;
	2693 :	0101101101111111;
	2692 :	0101101110010011;
	2691 :	0101101110100111;
	2690 :	0101101110111011;
	2689 :	0101101111001111;
	2688 :	0101101111100011;
	2687 :	0101101111110111;
	2686 :	0101110000001010;
	2685 :	0101110000011110;
	2684 :	0101110000110010;
	2683 :	0101110001000110;
	2682 :	0101110001011010;
	2681 :	0101110001101101;
	2680 :	0101110010000001;
	2679 :	0101110010010101;
	2678 :	0101110010101000;
	2677 :	0101110010111100;
	2676 :	0101110011010000;
	2675 :	0101110011100011;
	2674 :	0101110011110111;
	2673 :	0101110100001011;
	2672 :	0101110100011110;
	2671 :	0101110100110010;
	2670 :	0101110101000101;
	2669 :	0101110101011001;
	2668 :	0101110101101100;
	2667 :	0101110110000000;
	2666 :	0101110110010011;
	2665 :	0101110110100111;
	2664 :	0101110110111010;
	2663 :	0101110111001110;
	2662 :	0101110111100001;
	2661 :	0101110111110100;
	2660 :	0101111000001000;
	2659 :	0101111000011011;
	2658 :	0101111000101111;
	2657 :	0101111001000010;
	2656 :	0101111001010101;
	2655 :	0101111001101000;
	2654 :	0101111001111100;
	2653 :	0101111010001111;
	2652 :	0101111010100010;
	2651 :	0101111010110101;
	2650 :	0101111011001001;
	2649 :	0101111011011100;
	2648 :	0101111011101111;
	2647 :	0101111100000010;
	2646 :	0101111100010101;
	2645 :	0101111100101000;
	2644 :	0101111100111011;
	2643 :	0101111101001110;
	2642 :	0101111101100001;
	2641 :	0101111101110100;
	2640 :	0101111110000111;
	2639 :	0101111110011010;
	2638 :	0101111110101101;
	2637 :	0101111111000000;
	2636 :	0101111111010011;
	2635 :	0101111111100110;
	2634 :	0101111111111001;
	2633 :	0110000000001100;
	2632 :	0110000000011111;
	2631 :	0110000000110010;
	2630 :	0110000001000100;
	2629 :	0110000001010111;
	2628 :	0110000001101010;
	2627 :	0110000001111101;
	2626 :	0110000010001111;
	2625 :	0110000010100010;
	2624 :	0110000010110101;
	2623 :	0110000011001000;
	2622 :	0110000011011010;
	2621 :	0110000011101101;
	2620 :	0110000011111111;
	2619 :	0110000100010010;
	2618 :	0110000100100101;
	2617 :	0110000100110111;
	2616 :	0110000101001010;
	2615 :	0110000101011100;
	2614 :	0110000101101111;
	2613 :	0110000110000001;
	2612 :	0110000110010100;
	2611 :	0110000110100110;
	2610 :	0110000110111001;
	2609 :	0110000111001011;
	2608 :	0110000111011110;
	2607 :	0110000111110000;
	2606 :	0110001000000010;
	2605 :	0110001000010101;
	2604 :	0110001000100111;
	2603 :	0110001000111001;
	2602 :	0110001001001100;
	2601 :	0110001001011110;
	2600 :	0110001001110000;
	2599 :	0110001010000010;
	2598 :	0110001010010100;
	2597 :	0110001010100111;
	2596 :	0110001010111001;
	2595 :	0110001011001011;
	2594 :	0110001011011101;
	2593 :	0110001011101111;
	2592 :	0110001100000001;
	2591 :	0110001100010011;
	2590 :	0110001100100101;
	2589 :	0110001100111000;
	2588 :	0110001101001010;
	2587 :	0110001101011100;
	2586 :	0110001101101110;
	2585 :	0110001101111111;
	2584 :	0110001110010001;
	2583 :	0110001110100011;
	2582 :	0110001110110101;
	2581 :	0110001111000111;
	2580 :	0110001111011001;
	2579 :	0110001111101011;
	2578 :	0110001111111101;
	2577 :	0110010000001110;
	2576 :	0110010000100000;
	2575 :	0110010000110010;
	2574 :	0110010001000100;
	2573 :	0110010001010101;
	2572 :	0110010001100111;
	2571 :	0110010001111001;
	2570 :	0110010010001011;
	2569 :	0110010010011100;
	2568 :	0110010010101110;
	2567 :	0110010010111111;
	2566 :	0110010011010001;
	2565 :	0110010011100011;
	2564 :	0110010011110100;
	2563 :	0110010100000110;
	2562 :	0110010100010111;
	2561 :	0110010100101001;
	2560 :	0110010100111010;
	2559 :	0110010101001100;
	2558 :	0110010101011101;
	2557 :	0110010101101110;
	2556 :	0110010110000000;
	2555 :	0110010110010001;
	2554 :	0110010110100011;
	2553 :	0110010110110100;
	2552 :	0110010111000101;
	2551 :	0110010111010111;
	2550 :	0110010111101000;
	2549 :	0110010111111001;
	2548 :	0110011000001010;
	2547 :	0110011000011100;
	2546 :	0110011000101101;
	2545 :	0110011000111110;
	2544 :	0110011001001111;
	2543 :	0110011001100000;
	2542 :	0110011001110001;
	2541 :	0110011010000010;
	2540 :	0110011010010011;
	2539 :	0110011010100101;
	2538 :	0110011010110110;
	2537 :	0110011011000111;
	2536 :	0110011011011000;
	2535 :	0110011011101001;
	2534 :	0110011011111010;
	2533 :	0110011100001010;
	2532 :	0110011100011011;
	2531 :	0110011100101100;
	2530 :	0110011100111101;
	2529 :	0110011101001110;
	2528 :	0110011101011111;
	2527 :	0110011101110000;
	2526 :	0110011110000000;
	2525 :	0110011110010001;
	2524 :	0110011110100010;
	2523 :	0110011110110011;
	2522 :	0110011111000011;
	2521 :	0110011111010100;
	2520 :	0110011111100101;
	2519 :	0110011111110101;
	2518 :	0110100000000110;
	2517 :	0110100000010111;
	2516 :	0110100000100111;
	2515 :	0110100000111000;
	2514 :	0110100001001000;
	2513 :	0110100001011001;
	2512 :	0110100001101010;
	2511 :	0110100001111010;
	2510 :	0110100010001010;
	2509 :	0110100010011011;
	2508 :	0110100010101011;
	2507 :	0110100010111100;
	2506 :	0110100011001100;
	2505 :	0110100011011101;
	2504 :	0110100011101101;
	2503 :	0110100011111101;
	2502 :	0110100100001110;
	2501 :	0110100100011110;
	2500 :	0110100100101110;
	2499 :	0110100100111110;
	2498 :	0110100101001111;
	2497 :	0110100101011111;
	2496 :	0110100101101111;
	2495 :	0110100101111111;
	2494 :	0110100110001111;
	2493 :	0110100110011111;
	2492 :	0110100110110000;
	2491 :	0110100111000000;
	2490 :	0110100111010000;
	2489 :	0110100111100000;
	2488 :	0110100111110000;
	2487 :	0110101000000000;
	2486 :	0110101000010000;
	2485 :	0110101000100000;
	2484 :	0110101000110000;
	2483 :	0110101001000000;
	2482 :	0110101001010000;
	2481 :	0110101001011111;
	2480 :	0110101001101111;
	2479 :	0110101001111111;
	2478 :	0110101010001111;
	2477 :	0110101010011111;
	2476 :	0110101010101110;
	2475 :	0110101010111110;
	2474 :	0110101011001110;
	2473 :	0110101011011110;
	2472 :	0110101011101101;
	2471 :	0110101011111101;
	2470 :	0110101100001101;
	2469 :	0110101100011100;
	2468 :	0110101100101100;
	2467 :	0110101100111100;
	2466 :	0110101101001011;
	2465 :	0110101101011011;
	2464 :	0110101101101010;
	2463 :	0110101101111010;
	2462 :	0110101110001001;
	2461 :	0110101110011001;
	2460 :	0110101110101000;
	2459 :	0110101110111000;
	2458 :	0110101111000111;
	2457 :	0110101111010110;
	2456 :	0110101111100110;
	2455 :	0110101111110101;
	2454 :	0110110000000100;
	2453 :	0110110000010100;
	2452 :	0110110000100011;
	2451 :	0110110000110010;
	2450 :	0110110001000001;
	2449 :	0110110001010001;
	2448 :	0110110001100000;
	2447 :	0110110001101111;
	2446 :	0110110001111110;
	2445 :	0110110010001101;
	2444 :	0110110010011100;
	2443 :	0110110010101011;
	2442 :	0110110010111011;
	2441 :	0110110011001010;
	2440 :	0110110011011001;
	2439 :	0110110011101000;
	2438 :	0110110011110111;
	2437 :	0110110100000110;
	2436 :	0110110100010100;
	2435 :	0110110100100011;
	2434 :	0110110100110010;
	2433 :	0110110101000001;
	2432 :	0110110101010000;
	2431 :	0110110101011111;
	2430 :	0110110101101110;
	2429 :	0110110101111100;
	2428 :	0110110110001011;
	2427 :	0110110110011010;
	2426 :	0110110110101001;
	2425 :	0110110110110111;
	2424 :	0110110111000110;
	2423 :	0110110111010101;
	2422 :	0110110111100011;
	2421 :	0110110111110010;
	2420 :	0110111000000001;
	2419 :	0110111000001111;
	2418 :	0110111000011110;
	2417 :	0110111000101100;
	2416 :	0110111000111011;
	2415 :	0110111001001001;
	2414 :	0110111001011000;
	2413 :	0110111001100110;
	2412 :	0110111001110101;
	2411 :	0110111010000011;
	2410 :	0110111010010001;
	2409 :	0110111010100000;
	2408 :	0110111010101110;
	2407 :	0110111010111100;
	2406 :	0110111011001011;
	2405 :	0110111011011001;
	2404 :	0110111011100111;
	2403 :	0110111011110110;
	2402 :	0110111100000100;
	2401 :	0110111100010010;
	2400 :	0110111100100000;
	2399 :	0110111100101110;
	2398 :	0110111100111100;
	2397 :	0110111101001011;
	2396 :	0110111101011001;
	2395 :	0110111101100111;
	2394 :	0110111101110101;
	2393 :	0110111110000011;
	2392 :	0110111110010001;
	2391 :	0110111110011111;
	2390 :	0110111110101101;
	2389 :	0110111110111011;
	2388 :	0110111111001000;
	2387 :	0110111111010110;
	2386 :	0110111111100100;
	2385 :	0110111111110010;
	2384 :	0111000000000000;
	2383 :	0111000000001110;
	2382 :	0111000000011011;
	2381 :	0111000000101001;
	2380 :	0111000000110111;
	2379 :	0111000001000101;
	2378 :	0111000001010010;
	2377 :	0111000001100000;
	2376 :	0111000001101110;
	2375 :	0111000001111011;
	2374 :	0111000010001001;
	2373 :	0111000010010111;
	2372 :	0111000010100100;
	2371 :	0111000010110010;
	2370 :	0111000010111111;
	2369 :	0111000011001101;
	2368 :	0111000011011010;
	2367 :	0111000011101000;
	2366 :	0111000011110101;
	2365 :	0111000100000010;
	2364 :	0111000100010000;
	2363 :	0111000100011101;
	2362 :	0111000100101011;
	2361 :	0111000100111000;
	2360 :	0111000101000101;
	2359 :	0111000101010010;
	2358 :	0111000101100000;
	2357 :	0111000101101101;
	2356 :	0111000101111010;
	2355 :	0111000110000111;
	2354 :	0111000110010100;
	2353 :	0111000110100010;
	2352 :	0111000110101111;
	2351 :	0111000110111100;
	2350 :	0111000111001001;
	2349 :	0111000111010110;
	2348 :	0111000111100011;
	2347 :	0111000111110000;
	2346 :	0111000111111101;
	2345 :	0111001000001010;
	2344 :	0111001000010111;
	2343 :	0111001000100100;
	2342 :	0111001000110001;
	2341 :	0111001000111110;
	2340 :	0111001001001011;
	2339 :	0111001001010111;
	2338 :	0111001001100100;
	2337 :	0111001001110001;
	2336 :	0111001001111110;
	2335 :	0111001010001010;
	2334 :	0111001010010111;
	2333 :	0111001010100100;
	2332 :	0111001010110001;
	2331 :	0111001010111101;
	2330 :	0111001011001010;
	2329 :	0111001011010110;
	2328 :	0111001011100011;
	2327 :	0111001011110000;
	2326 :	0111001011111100;
	2325 :	0111001100001001;
	2324 :	0111001100010101;
	2323 :	0111001100100010;
	2322 :	0111001100101110;
	2321 :	0111001100111011;
	2320 :	0111001101000111;
	2319 :	0111001101010011;
	2318 :	0111001101100000;
	2317 :	0111001101101100;
	2316 :	0111001101111000;
	2315 :	0111001110000101;
	2314 :	0111001110010001;
	2313 :	0111001110011101;
	2312 :	0111001110101001;
	2311 :	0111001110110110;
	2310 :	0111001111000010;
	2309 :	0111001111001110;
	2308 :	0111001111011010;
	2307 :	0111001111100110;
	2306 :	0111001111110010;
	2305 :	0111001111111110;
	2304 :	0111010000001011;
	2303 :	0111010000010111;
	2302 :	0111010000100011;
	2301 :	0111010000101111;
	2300 :	0111010000111011;
	2299 :	0111010001000110;
	2298 :	0111010001010010;
	2297 :	0111010001011110;
	2296 :	0111010001101010;
	2295 :	0111010001110110;
	2294 :	0111010010000010;
	2293 :	0111010010001110;
	2292 :	0111010010011001;
	2291 :	0111010010100101;
	2290 :	0111010010110001;
	2289 :	0111010010111101;
	2288 :	0111010011001000;
	2287 :	0111010011010100;
	2286 :	0111010011100000;
	2285 :	0111010011101011;
	2284 :	0111010011110111;
	2283 :	0111010100000010;
	2282 :	0111010100001110;
	2281 :	0111010100011010;
	2280 :	0111010100100101;
	2279 :	0111010100110001;
	2278 :	0111010100111100;
	2277 :	0111010101000111;
	2276 :	0111010101010011;
	2275 :	0111010101011110;
	2274 :	0111010101101010;
	2273 :	0111010101110101;
	2272 :	0111010110000000;
	2271 :	0111010110001100;
	2270 :	0111010110010111;
	2269 :	0111010110100010;
	2268 :	0111010110101101;
	2267 :	0111010110111001;
	2266 :	0111010111000100;
	2265 :	0111010111001111;
	2264 :	0111010111011010;
	2263 :	0111010111100101;
	2262 :	0111010111110000;
	2261 :	0111010111111011;
	2260 :	0111011000000110;
	2259 :	0111011000010001;
	2258 :	0111011000011100;
	2257 :	0111011000100111;
	2256 :	0111011000110010;
	2255 :	0111011000111101;
	2254 :	0111011001001000;
	2253 :	0111011001010011;
	2252 :	0111011001011110;
	2251 :	0111011001101001;
	2250 :	0111011001110100;
	2249 :	0111011001111110;
	2248 :	0111011010001001;
	2247 :	0111011010010100;
	2246 :	0111011010011111;
	2245 :	0111011010101001;
	2244 :	0111011010110100;
	2243 :	0111011010111111;
	2242 :	0111011011001001;
	2241 :	0111011011010100;
	2240 :	0111011011011111;
	2239 :	0111011011101001;
	2238 :	0111011011110100;
	2237 :	0111011011111110;
	2236 :	0111011100001001;
	2235 :	0111011100010011;
	2234 :	0111011100011110;
	2233 :	0111011100101000;
	2232 :	0111011100110011;
	2231 :	0111011100111101;
	2230 :	0111011101000111;
	2229 :	0111011101010010;
	2228 :	0111011101011100;
	2227 :	0111011101100110;
	2226 :	0111011101110001;
	2225 :	0111011101111011;
	2224 :	0111011110000101;
	2223 :	0111011110001111;
	2222 :	0111011110011001;
	2221 :	0111011110100100;
	2220 :	0111011110101110;
	2219 :	0111011110111000;
	2218 :	0111011111000010;
	2217 :	0111011111001100;
	2216 :	0111011111010110;
	2215 :	0111011111100000;
	2214 :	0111011111101010;
	2213 :	0111011111110100;
	2212 :	0111011111111110;
	2211 :	0111100000001000;
	2210 :	0111100000010010;
	2209 :	0111100000011100;
	2208 :	0111100000100101;
	2207 :	0111100000101111;
	2206 :	0111100000111001;
	2205 :	0111100001000011;
	2204 :	0111100001001101;
	2203 :	0111100001010110;
	2202 :	0111100001100000;
	2201 :	0111100001101010;
	2200 :	0111100001110011;
	2199 :	0111100001111101;
	2198 :	0111100010000111;
	2197 :	0111100010010000;
	2196 :	0111100010011010;
	2195 :	0111100010100011;
	2194 :	0111100010101101;
	2193 :	0111100010110110;
	2192 :	0111100011000000;
	2191 :	0111100011001001;
	2190 :	0111100011010011;
	2189 :	0111100011011100;
	2188 :	0111100011100110;
	2187 :	0111100011101111;
	2186 :	0111100011111000;
	2185 :	0111100100000010;
	2184 :	0111100100001011;
	2183 :	0111100100010100;
	2182 :	0111100100011101;
	2181 :	0111100100100111;
	2180 :	0111100100110000;
	2179 :	0111100100111001;
	2178 :	0111100101000010;
	2177 :	0111100101001011;
	2176 :	0111100101010100;
	2175 :	0111100101011101;
	2174 :	0111100101100110;
	2173 :	0111100101101111;
	2172 :	0111100101111000;
	2171 :	0111100110000001;
	2170 :	0111100110001010;
	2169 :	0111100110010011;
	2168 :	0111100110011100;
	2167 :	0111100110100101;
	2166 :	0111100110101110;
	2165 :	0111100110110111;
	2164 :	0111100111000000;
	2163 :	0111100111001000;
	2162 :	0111100111010001;
	2161 :	0111100111011010;
	2160 :	0111100111100011;
	2159 :	0111100111101011;
	2158 :	0111100111110100;
	2157 :	0111100111111101;
	2156 :	0111101000000101;
	2155 :	0111101000001110;
	2154 :	0111101000010111;
	2153 :	0111101000011111;
	2152 :	0111101000101000;
	2151 :	0111101000110000;
	2150 :	0111101000111001;
	2149 :	0111101001000001;
	2148 :	0111101001001010;
	2147 :	0111101001010010;
	2146 :	0111101001011010;
	2145 :	0111101001100011;
	2144 :	0111101001101011;
	2143 :	0111101001110011;
	2142 :	0111101001111100;
	2141 :	0111101010000100;
	2140 :	0111101010001100;
	2139 :	0111101010010100;
	2138 :	0111101010011101;
	2137 :	0111101010100101;
	2136 :	0111101010101101;
	2135 :	0111101010110101;
	2134 :	0111101010111101;
	2133 :	0111101011000101;
	2132 :	0111101011001101;
	2131 :	0111101011010101;
	2130 :	0111101011011101;
	2129 :	0111101011100101;
	2128 :	0111101011101101;
	2127 :	0111101011110101;
	2126 :	0111101011111101;
	2125 :	0111101100000101;
	2124 :	0111101100001101;
	2123 :	0111101100010101;
	2122 :	0111101100011101;
	2121 :	0111101100100100;
	2120 :	0111101100101100;
	2119 :	0111101100110100;
	2118 :	0111101100111100;
	2117 :	0111101101000011;
	2116 :	0111101101001011;
	2115 :	0111101101010011;
	2114 :	0111101101011010;
	2113 :	0111101101100010;
	2112 :	0111101101101001;
	2111 :	0111101101110001;
	2110 :	0111101101111001;
	2109 :	0111101110000000;
	2108 :	0111101110001000;
	2107 :	0111101110001111;
	2106 :	0111101110010110;
	2105 :	0111101110011110;
	2104 :	0111101110100101;
	2103 :	0111101110101101;
	2102 :	0111101110110100;
	2101 :	0111101110111011;
	2100 :	0111101111000011;
	2099 :	0111101111001010;
	2098 :	0111101111010001;
	2097 :	0111101111011000;
	2096 :	0111101111100000;
	2095 :	0111101111100111;
	2094 :	0111101111101110;
	2093 :	0111101111110101;
	2092 :	0111101111111100;
	2091 :	0111110000000011;
	2090 :	0111110000001010;
	2089 :	0111110000010001;
	2088 :	0111110000011000;
	2087 :	0111110000011111;
	2086 :	0111110000100110;
	2085 :	0111110000101101;
	2084 :	0111110000110100;
	2083 :	0111110000111011;
	2082 :	0111110001000010;
	2081 :	0111110001001001;
	2080 :	0111110001001111;
	2079 :	0111110001010110;
	2078 :	0111110001011101;
	2077 :	0111110001100100;
	2076 :	0111110001101010;
	2075 :	0111110001110001;
	2074 :	0111110001111000;
	2073 :	0111110001111110;
	2072 :	0111110010000101;
	2071 :	0111110010001100;
	2070 :	0111110010010010;
	2069 :	0111110010011001;
	2068 :	0111110010011111;
	2067 :	0111110010100110;
	2066 :	0111110010101100;
	2065 :	0111110010110011;
	2064 :	0111110010111001;
	2063 :	0111110010111111;
	2062 :	0111110011000110;
	2061 :	0111110011001100;
	2060 :	0111110011010011;
	2059 :	0111110011011001;
	2058 :	0111110011011111;
	2057 :	0111110011100101;
	2056 :	0111110011101100;
	2055 :	0111110011110010;
	2054 :	0111110011111000;
	2053 :	0111110011111110;
	2052 :	0111110100000100;
	2051 :	0111110100001010;
	2050 :	0111110100010000;
	2049 :	0111110100010111;
	2048 :	0111110100011101;
	2047 :	0111110100100011;
	2046 :	0111110100101001;
	2045 :	0111110100101111;
	2044 :	0111110100110100;
	2043 :	0111110100111010;
	2042 :	0111110101000000;
	2041 :	0111110101000110;
	2040 :	0111110101001100;
	2039 :	0111110101010010;
	2038 :	0111110101011000;
	2037 :	0111110101011101;
	2036 :	0111110101100011;
	2035 :	0111110101101001;
	2034 :	0111110101101110;
	2033 :	0111110101110100;
	2032 :	0111110101111010;
	2031 :	0111110101111111;
	2030 :	0111110110000101;
	2029 :	0111110110001011;
	2028 :	0111110110010000;
	2027 :	0111110110010110;
	2026 :	0111110110011011;
	2025 :	0111110110100001;
	2024 :	0111110110100110;
	2023 :	0111110110101100;
	2022 :	0111110110110001;
	2021 :	0111110110110110;
	2020 :	0111110110111100;
	2019 :	0111110111000001;
	2018 :	0111110111000110;
	2017 :	0111110111001100;
	2016 :	0111110111010001;
	2015 :	0111110111010110;
	2014 :	0111110111011011;
	2013 :	0111110111100000;
	2012 :	0111110111100110;
	2011 :	0111110111101011;
	2010 :	0111110111110000;
	2009 :	0111110111110101;
	2008 :	0111110111111010;
	2007 :	0111110111111111;
	2006 :	0111111000000100;
	2005 :	0111111000001001;
	2004 :	0111111000001110;
	2003 :	0111111000010011;
	2002 :	0111111000011000;
	2001 :	0111111000011101;
	2000 :	0111111000100010;
	1999 :	0111111000100110;
	1998 :	0111111000101011;
	1997 :	0111111000110000;
	1996 :	0111111000110101;
	1995 :	0111111000111010;
	1994 :	0111111000111110;
	1993 :	0111111001000011;
	1992 :	0111111001001000;
	1991 :	0111111001001100;
	1990 :	0111111001010001;
	1989 :	0111111001010110;
	1988 :	0111111001011010;
	1987 :	0111111001011111;
	1986 :	0111111001100011;
	1985 :	0111111001101000;
	1984 :	0111111001101100;
	1983 :	0111111001110001;
	1982 :	0111111001110101;
	1981 :	0111111001111001;
	1980 :	0111111001111110;
	1979 :	0111111010000010;
	1978 :	0111111010000110;
	1977 :	0111111010001011;
	1976 :	0111111010001111;
	1975 :	0111111010010011;
	1974 :	0111111010011000;
	1973 :	0111111010011100;
	1972 :	0111111010100000;
	1971 :	0111111010100100;
	1970 :	0111111010101000;
	1969 :	0111111010101100;
	1968 :	0111111010110000;
	1967 :	0111111010110100;
	1966 :	0111111010111000;
	1965 :	0111111010111100;
	1964 :	0111111011000000;
	1963 :	0111111011000100;
	1962 :	0111111011001000;
	1961 :	0111111011001100;
	1960 :	0111111011010000;
	1959 :	0111111011010100;
	1958 :	0111111011011000;
	1957 :	0111111011011100;
	1956 :	0111111011011111;
	1955 :	0111111011100011;
	1954 :	0111111011100111;
	1953 :	0111111011101011;
	1952 :	0111111011101110;
	1951 :	0111111011110010;
	1950 :	0111111011110110;
	1949 :	0111111011111001;
	1948 :	0111111011111101;
	1947 :	0111111100000000;
	1946 :	0111111100000100;
	1945 :	0111111100000111;
	1944 :	0111111100001011;
	1943 :	0111111100001110;
	1942 :	0111111100010010;
	1941 :	0111111100010101;
	1940 :	0111111100011001;
	1939 :	0111111100011100;
	1938 :	0111111100011111;
	1937 :	0111111100100011;
	1936 :	0111111100100110;
	1935 :	0111111100101001;
	1934 :	0111111100101100;
	1933 :	0111111100110000;
	1932 :	0111111100110011;
	1931 :	0111111100110110;
	1930 :	0111111100111001;
	1929 :	0111111100111100;
	1928 :	0111111100111111;
	1927 :	0111111101000010;
	1926 :	0111111101000101;
	1925 :	0111111101001001;
	1924 :	0111111101001011;
	1923 :	0111111101001110;
	1922 :	0111111101010001;
	1921 :	0111111101010100;
	1920 :	0111111101010111;
	1919 :	0111111101011010;
	1918 :	0111111101011101;
	1917 :	0111111101100000;
	1916 :	0111111101100011;
	1915 :	0111111101100101;
	1914 :	0111111101101000;
	1913 :	0111111101101011;
	1912 :	0111111101101110;
	1911 :	0111111101110000;
	1910 :	0111111101110011;
	1909 :	0111111101110101;
	1908 :	0111111101111000;
	1907 :	0111111101111011;
	1906 :	0111111101111101;
	1905 :	0111111110000000;
	1904 :	0111111110000010;
	1903 :	0111111110000101;
	1902 :	0111111110000111;
	1901 :	0111111110001010;
	1900 :	0111111110001100;
	1899 :	0111111110001110;
	1898 :	0111111110010001;
	1897 :	0111111110010011;
	1896 :	0111111110010101;
	1895 :	0111111110011000;
	1894 :	0111111110011010;
	1893 :	0111111110011100;
	1892 :	0111111110011110;
	1891 :	0111111110100000;
	1890 :	0111111110100011;
	1889 :	0111111110100101;
	1888 :	0111111110100111;
	1887 :	0111111110101001;
	1886 :	0111111110101011;
	1885 :	0111111110101101;
	1884 :	0111111110101111;
	1883 :	0111111110110001;
	1882 :	0111111110110011;
	1881 :	0111111110110101;
	1880 :	0111111110110111;
	1879 :	0111111110111001;
	1878 :	0111111110111011;
	1877 :	0111111110111100;
	1876 :	0111111110111110;
	1875 :	0111111111000000;
	1874 :	0111111111000010;
	1873 :	0111111111000011;
	1872 :	0111111111000101;
	1871 :	0111111111000111;
	1870 :	0111111111001000;
	1869 :	0111111111001010;
	1868 :	0111111111001100;
	1867 :	0111111111001101;
	1866 :	0111111111001111;
	1865 :	0111111111010000;
	1864 :	0111111111010010;
	1863 :	0111111111010011;
	1862 :	0111111111010101;
	1861 :	0111111111010110;
	1860 :	0111111111011000;
	1859 :	0111111111011001;
	1858 :	0111111111011010;
	1857 :	0111111111011100;
	1856 :	0111111111011101;
	1855 :	0111111111011110;
	1854 :	0111111111100000;
	1853 :	0111111111100001;
	1852 :	0111111111100010;
	1851 :	0111111111100011;
	1850 :	0111111111100100;
	1849 :	0111111111100110;
	1848 :	0111111111100111;
	1847 :	0111111111101000;
	1846 :	0111111111101001;
	1845 :	0111111111101010;
	1844 :	0111111111101011;
	1843 :	0111111111101100;
	1842 :	0111111111101101;
	1841 :	0111111111101110;
	1840 :	0111111111101111;
	1839 :	0111111111110000;
	1838 :	0111111111110000;
	1837 :	0111111111110001;
	1836 :	0111111111110010;
	1835 :	0111111111110011;
	1834 :	0111111111110100;
	1833 :	0111111111110100;
	1832 :	0111111111110101;
	1831 :	0111111111110110;
	1830 :	0111111111110110;
	1829 :	0111111111110111;
	1828 :	0111111111111000;
	1827 :	0111111111111000;
	1826 :	0111111111111001;
	1825 :	0111111111111001;
	1824 :	0111111111111010;
	1823 :	0111111111111010;
	1822 :	0111111111111011;
	1821 :	0111111111111011;
	1820 :	0111111111111100;
	1819 :	0111111111111100;
	1818 :	0111111111111100;
	1817 :	0111111111111101;
	1816 :	0111111111111101;
	1815 :	0111111111111101;
	1814 :	0111111111111110;
	1813 :	0111111111111110;
	1812 :	0111111111111110;
	1811 :	0111111111111110;
	1810 :	0111111111111111;
	1809 :	0111111111111111;
	1808 :	0111111111111111;
	1807 :	0111111111111111;
	1806 :	0111111111111111;
	1805 :	0111111111111111;
	1804 :	0111111111111111;
	1803 :	0111111111111111;
	1802 :	0111111111111111;
	1801 :	0111111111111111;
	1800 :	0111111111111111;
	1799 :	0111111111111111;
	1798 :	0111111111111111;
	1797 :	0111111111111110;
	1796 :	0111111111111110;
	1795 :	0111111111111110;
	1794 :	0111111111111110;
	1793 :	0111111111111110;
	1792 :	0111111111111101;
	1791 :	0111111111111101;
	1790 :	0111111111111101;
	1789 :	0111111111111100;
	1788 :	0111111111111100;
	1787 :	0111111111111100;
	1786 :	0111111111111011;
	1785 :	0111111111111011;
	1784 :	0111111111111010;
	1783 :	0111111111111010;
	1782 :	0111111111111001;
	1781 :	0111111111111001;
	1780 :	0111111111111000;
	1779 :	0111111111110111;
	1778 :	0111111111110111;
	1777 :	0111111111110110;
	1776 :	0111111111110101;
	1775 :	0111111111110101;
	1774 :	0111111111110100;
	1773 :	0111111111110011;
	1772 :	0111111111110010;
	1771 :	0111111111110010;
	1770 :	0111111111110001;
	1769 :	0111111111110000;
	1768 :	0111111111101111;
	1767 :	0111111111101110;
	1766 :	0111111111101101;
	1765 :	0111111111101100;
	1764 :	0111111111101011;
	1763 :	0111111111101010;
	1762 :	0111111111101001;
	1761 :	0111111111101000;
	1760 :	0111111111100111;
	1759 :	0111111111100110;
	1758 :	0111111111100101;
	1757 :	0111111111100100;
	1756 :	0111111111100011;
	1755 :	0111111111100001;
	1754 :	0111111111100000;
	1753 :	0111111111011111;
	1752 :	0111111111011110;
	1751 :	0111111111011100;
	1750 :	0111111111011011;
	1749 :	0111111111011010;
	1748 :	0111111111011000;
	1747 :	0111111111010111;
	1746 :	0111111111010110;
	1745 :	0111111111010100;
	1744 :	0111111111010011;
	1743 :	0111111111010001;
	1742 :	0111111111010000;
	1741 :	0111111111001110;
	1740 :	0111111111001101;
	1739 :	0111111111001011;
	1738 :	0111111111001001;
	1737 :	0111111111001000;
	1736 :	0111111111000110;
	1735 :	0111111111000100;
	1734 :	0111111111000011;
	1733 :	0111111111000001;
	1732 :	0111111110111111;
	1731 :	0111111110111101;
	1730 :	0111111110111011;
	1729 :	0111111110111010;
	1728 :	0111111110111000;
	1727 :	0111111110110110;
	1726 :	0111111110110100;
	1725 :	0111111110110010;
	1724 :	0111111110110000;
	1723 :	0111111110101110;
	1722 :	0111111110101100;
	1721 :	0111111110101010;
	1720 :	0111111110101000;
	1719 :	0111111110100110;
	1718 :	0111111110100100;
	1717 :	0111111110100010;
	1716 :	0111111110011111;
	1715 :	0111111110011101;
	1714 :	0111111110011011;
	1713 :	0111111110011001;
	1712 :	0111111110010110;
	1711 :	0111111110010100;
	1710 :	0111111110010010;
	1709 :	0111111110010000;
	1708 :	0111111110001101;
	1707 :	0111111110001011;
	1706 :	0111111110001000;
	1705 :	0111111110000110;
	1704 :	0111111110000011;
	1703 :	0111111110000001;
	1702 :	0111111101111110;
	1701 :	0111111101111100;
	1700 :	0111111101111001;
	1699 :	0111111101110111;
	1698 :	0111111101110100;
	1697 :	0111111101110010;
	1696 :	0111111101101111;
	1695 :	0111111101101100;
	1694 :	0111111101101001;
	1693 :	0111111101100111;
	1692 :	0111111101100100;
	1691 :	0111111101100001;
	1690 :	0111111101011110;
	1689 :	0111111101011100;
	1688 :	0111111101011001;
	1687 :	0111111101010110;
	1686 :	0111111101010011;
	1685 :	0111111101010000;
	1684 :	0111111101001101;
	1683 :	0111111101001010;
	1682 :	0111111101000111;
	1681 :	0111111101000100;
	1680 :	0111111101000001;
	1679 :	0111111100111110;
	1678 :	0111111100111011;
	1677 :	0111111100111000;
	1676 :	0111111100110100;
	1675 :	0111111100110001;
	1674 :	0111111100101110;
	1673 :	0111111100101011;
	1672 :	0111111100101000;
	1671 :	0111111100100100;
	1670 :	0111111100100001;
	1669 :	0111111100011110;
	1668 :	0111111100011010;
	1667 :	0111111100010111;
	1666 :	0111111100010100;
	1665 :	0111111100010000;
	1664 :	0111111100001101;
	1663 :	0111111100001001;
	1662 :	0111111100000110;
	1661 :	0111111100000010;
	1660 :	0111111011111111;
	1659 :	0111111011111011;
	1658 :	0111111011110111;
	1657 :	0111111011110100;
	1656 :	0111111011110000;
	1655 :	0111111011101100;
	1654 :	0111111011101001;
	1653 :	0111111011100101;
	1652 :	0111111011100001;
	1651 :	0111111011011110;
	1650 :	0111111011011010;
	1649 :	0111111011010110;
	1648 :	0111111011010010;
	1647 :	0111111011001110;
	1646 :	0111111011001010;
	1645 :	0111111011000110;
	1644 :	0111111011000010;
	1643 :	0111111010111110;
	1642 :	0111111010111010;
	1641 :	0111111010110110;
	1640 :	0111111010110010;
	1639 :	0111111010101110;
	1638 :	0111111010101010;
	1637 :	0111111010100110;
	1636 :	0111111010100010;
	1635 :	0111111010011110;
	1634 :	0111111010011010;
	1633 :	0111111010010101;
	1632 :	0111111010010001;
	1631 :	0111111010001101;
	1630 :	0111111010001001;
	1629 :	0111111010000100;
	1628 :	0111111010000000;
	1627 :	0111111001111100;
	1626 :	0111111001110111;
	1625 :	0111111001110011;
	1624 :	0111111001101110;
	1623 :	0111111001101010;
	1622 :	0111111001100101;
	1621 :	0111111001100001;
	1620 :	0111111001011100;
	1619 :	0111111001011000;
	1618 :	0111111001010011;
	1617 :	0111111001001111;
	1616 :	0111111001001010;
	1615 :	0111111001000101;
	1614 :	0111111001000001;
	1613 :	0111111000111100;
	1612 :	0111111000110111;
	1611 :	0111111000110010;
	1610 :	0111111000101110;
	1609 :	0111111000101001;
	1608 :	0111111000100100;
	1607 :	0111111000011111;
	1606 :	0111111000011010;
	1605 :	0111111000010101;
	1604 :	0111111000010000;
	1603 :	0111111000001100;
	1602 :	0111111000000111;
	1601 :	0111111000000010;
	1600 :	0111110111111101;
	1599 :	0111110111110111;
	1598 :	0111110111110010;
	1597 :	0111110111101101;
	1596 :	0111110111101000;
	1595 :	0111110111100011;
	1594 :	0111110111011110;
	1593 :	0111110111011001;
	1592 :	0111110111010011;
	1591 :	0111110111001110;
	1590 :	0111110111001001;
	1589 :	0111110111000100;
	1588 :	0111110110111110;
	1587 :	0111110110111001;
	1586 :	0111110110110100;
	1585 :	0111110110101110;
	1584 :	0111110110101001;
	1583 :	0111110110100011;
	1582 :	0111110110011110;
	1581 :	0111110110011000;
	1580 :	0111110110010011;
	1579 :	0111110110001101;
	1578 :	0111110110001000;
	1577 :	0111110110000010;
	1576 :	0111110101111101;
	1575 :	0111110101110111;
	1574 :	0111110101110001;
	1573 :	0111110101101100;
	1572 :	0111110101100110;
	1571 :	0111110101100000;
	1570 :	0111110101011010;
	1569 :	0111110101010101;
	1568 :	0111110101001111;
	1567 :	0111110101001001;
	1566 :	0111110101000011;
	1565 :	0111110100111101;
	1564 :	0111110100110111;
	1563 :	0111110100110001;
	1562 :	0111110100101100;
	1561 :	0111110100100110;
	1560 :	0111110100100000;
	1559 :	0111110100011010;
	1558 :	0111110100010011;
	1557 :	0111110100001101;
	1556 :	0111110100000111;
	1555 :	0111110100000001;
	1554 :	0111110011111011;
	1553 :	0111110011110101;
	1552 :	0111110011101111;
	1551 :	0111110011101000;
	1550 :	0111110011100010;
	1549 :	0111110011011100;
	1548 :	0111110011010110;
	1547 :	0111110011001111;
	1546 :	0111110011001001;
	1545 :	0111110011000011;
	1544 :	0111110010111100;
	1543 :	0111110010110110;
	1542 :	0111110010101111;
	1541 :	0111110010101001;
	1540 :	0111110010100010;
	1539 :	0111110010011100;
	1538 :	0111110010010101;
	1537 :	0111110010001111;
	1536 :	0111110010001000;
	1535 :	0111110010000010;
	1534 :	0111110001111011;
	1533 :	0111110001110100;
	1532 :	0111110001101110;
	1531 :	0111110001100111;
	1530 :	0111110001100000;
	1529 :	0111110001011010;
	1528 :	0111110001010011;
	1527 :	0111110001001100;
	1526 :	0111110001000101;
	1525 :	0111110000111110;
	1524 :	0111110000110111;
	1523 :	0111110000110001;
	1522 :	0111110000101010;
	1521 :	0111110000100011;
	1520 :	0111110000011100;
	1519 :	0111110000010101;
	1518 :	0111110000001110;
	1517 :	0111110000000111;
	1516 :	0111110000000000;
	1515 :	0111101111111000;
	1514 :	0111101111110001;
	1513 :	0111101111101010;
	1512 :	0111101111100011;
	1511 :	0111101111011100;
	1510 :	0111101111010101;
	1509 :	0111101111001101;
	1508 :	0111101111000110;
	1507 :	0111101110111111;
	1506 :	0111101110111000;
	1505 :	0111101110110000;
	1504 :	0111101110101001;
	1503 :	0111101110100010;
	1502 :	0111101110011010;
	1501 :	0111101110010011;
	1500 :	0111101110001011;
	1499 :	0111101110000100;
	1498 :	0111101101111100;
	1497 :	0111101101110101;
	1496 :	0111101101101101;
	1495 :	0111101101100110;
	1494 :	0111101101011110;
	1493 :	0111101101010110;
	1492 :	0111101101001111;
	1491 :	0111101101000111;
	1490 :	0111101100111111;
	1489 :	0111101100111000;
	1488 :	0111101100110000;
	1487 :	0111101100101000;
	1486 :	0111101100100001;
	1485 :	0111101100011001;
	1484 :	0111101100010001;
	1483 :	0111101100001001;
	1482 :	0111101100000001;
	1481 :	0111101011111001;
	1480 :	0111101011110001;
	1479 :	0111101011101001;
	1478 :	0111101011100001;
	1477 :	0111101011011001;
	1476 :	0111101011010001;
	1475 :	0111101011001001;
	1474 :	0111101011000001;
	1473 :	0111101010111001;
	1472 :	0111101010110001;
	1471 :	0111101010101001;
	1470 :	0111101010100001;
	1469 :	0111101010011001;
	1468 :	0111101010010000;
	1467 :	0111101010001000;
	1466 :	0111101010000000;
	1465 :	0111101001111000;
	1464 :	0111101001101111;
	1463 :	0111101001100111;
	1462 :	0111101001011111;
	1461 :	0111101001010110;
	1460 :	0111101001001110;
	1459 :	0111101001000101;
	1458 :	0111101000111101;
	1457 :	0111101000110100;
	1456 :	0111101000101100;
	1455 :	0111101000100011;
	1454 :	0111101000011011;
	1453 :	0111101000010010;
	1452 :	0111101000001010;
	1451 :	0111101000000001;
	1450 :	0111100111111000;
	1449 :	0111100111110000;
	1448 :	0111100111100111;
	1447 :	0111100111011110;
	1446 :	0111100111010110;
	1445 :	0111100111001101;
	1444 :	0111100111000100;
	1443 :	0111100110111011;
	1442 :	0111100110110010;
	1441 :	0111100110101010;
	1440 :	0111100110100001;
	1439 :	0111100110011000;
	1438 :	0111100110001111;
	1437 :	0111100110000110;
	1436 :	0111100101111101;
	1435 :	0111100101110100;
	1434 :	0111100101101011;
	1433 :	0111100101100010;
	1432 :	0111100101011001;
	1431 :	0111100101010000;
	1430 :	0111100101000111;
	1429 :	0111100100111110;
	1428 :	0111100100110100;
	1427 :	0111100100101011;
	1426 :	0111100100100010;
	1425 :	0111100100011001;
	1424 :	0111100100001111;
	1423 :	0111100100000110;
	1422 :	0111100011111101;
	1421 :	0111100011110100;
	1420 :	0111100011101010;
	1419 :	0111100011100001;
	1418 :	0111100011010111;
	1417 :	0111100011001110;
	1416 :	0111100011000101;
	1415 :	0111100010111011;
	1414 :	0111100010110010;
	1413 :	0111100010101000;
	1412 :	0111100010011111;
	1411 :	0111100010010101;
	1410 :	0111100010001011;
	1409 :	0111100010000010;
	1408 :	0111100001111000;
	1407 :	0111100001101111;
	1406 :	0111100001100101;
	1405 :	0111100001011011;
	1404 :	0111100001010001;
	1403 :	0111100001001000;
	1402 :	0111100000111110;
	1401 :	0111100000110100;
	1400 :	0111100000101010;
	1399 :	0111100000100001;
	1398 :	0111100000010111;
	1397 :	0111100000001101;
	1396 :	0111100000000011;
	1395 :	0111011111111001;
	1394 :	0111011111101111;
	1393 :	0111011111100101;
	1392 :	0111011111011011;
	1391 :	0111011111010001;
	1390 :	0111011111000111;
	1389 :	0111011110111101;
	1388 :	0111011110110011;
	1387 :	0111011110101001;
	1386 :	0111011110011110;
	1385 :	0111011110010100;
	1384 :	0111011110001010;
	1383 :	0111011110000000;
	1382 :	0111011101110110;
	1381 :	0111011101101011;
	1380 :	0111011101100001;
	1379 :	0111011101010111;
	1378 :	0111011101001101;
	1377 :	0111011101000010;
	1376 :	0111011100111000;
	1375 :	0111011100101101;
	1374 :	0111011100100011;
	1373 :	0111011100011001;
	1372 :	0111011100001110;
	1371 :	0111011100000100;
	1370 :	0111011011111001;
	1369 :	0111011011101111;
	1368 :	0111011011100100;
	1367 :	0111011011011001;
	1366 :	0111011011001111;
	1365 :	0111011011000100;
	1364 :	0111011010111001;
	1363 :	0111011010101111;
	1362 :	0111011010100100;
	1361 :	0111011010011001;
	1360 :	0111011010001111;
	1359 :	0111011010000100;
	1358 :	0111011001111001;
	1357 :	0111011001101110;
	1356 :	0111011001100011;
	1355 :	0111011001011001;
	1354 :	0111011001001110;
	1353 :	0111011001000011;
	1352 :	0111011000111000;
	1351 :	0111011000101101;
	1350 :	0111011000100010;
	1349 :	0111011000010111;
	1348 :	0111011000001100;
	1347 :	0111011000000001;
	1346 :	0111010111110110;
	1345 :	0111010111101011;
	1344 :	0111010111100000;
	1343 :	0111010111010101;
	1342 :	0111010111001001;
	1341 :	0111010110111110;
	1340 :	0111010110110011;
	1339 :	0111010110101000;
	1338 :	0111010110011100;
	1337 :	0111010110010001;
	1336 :	0111010110000110;
	1335 :	0111010101111011;
	1334 :	0111010101101111;
	1333 :	0111010101100100;
	1332 :	0111010101011001;
	1331 :	0111010101001101;
	1330 :	0111010101000010;
	1329 :	0111010100110110;
	1328 :	0111010100101011;
	1327 :	0111010100011111;
	1326 :	0111010100010100;
	1325 :	0111010100001000;
	1324 :	0111010011111101;
	1323 :	0111010011110001;
	1322 :	0111010011100101;
	1321 :	0111010011011010;
	1320 :	0111010011001110;
	1319 :	0111010011000010;
	1318 :	0111010010110111;
	1317 :	0111010010101011;
	1316 :	0111010010011111;
	1315 :	0111010010010100;
	1314 :	0111010010001000;
	1313 :	0111010001111100;
	1312 :	0111010001110000;
	1311 :	0111010001100100;
	1310 :	0111010001011000;
	1309 :	0111010001001100;
	1308 :	0111010001000000;
	1307 :	0111010000110101;
	1306 :	0111010000101001;
	1305 :	0111010000011101;
	1304 :	0111010000010001;
	1303 :	0111010000000101;
	1302 :	0111001111111000;
	1301 :	0111001111101100;
	1300 :	0111001111100000;
	1299 :	0111001111010100;
	1298 :	0111001111001000;
	1297 :	0111001110111100;
	1296 :	0111001110110000;
	1295 :	0111001110100011;
	1294 :	0111001110010111;
	1293 :	0111001110001011;
	1292 :	0111001101111111;
	1291 :	0111001101110010;
	1290 :	0111001101100110;
	1289 :	0111001101011010;
	1288 :	0111001101001101;
	1287 :	0111001101000001;
	1286 :	0111001100110100;
	1285 :	0111001100101000;
	1284 :	0111001100011011;
	1283 :	0111001100001111;
	1282 :	0111001100000010;
	1281 :	0111001011110110;
	1280 :	0111001011101001;
	1279 :	0111001011011101;
	1278 :	0111001011010000;
	1277 :	0111001011000100;
	1276 :	0111001010110111;
	1275 :	0111001010101010;
	1274 :	0111001010011110;
	1273 :	0111001010010001;
	1272 :	0111001010000100;
	1271 :	0111001001110111;
	1270 :	0111001001101011;
	1269 :	0111001001011110;
	1268 :	0111001001010001;
	1267 :	0111001001000100;
	1266 :	0111001000110111;
	1265 :	0111001000101010;
	1264 :	0111001000011101;
	1263 :	0111001000010000;
	1262 :	0111001000000100;
	1261 :	0111000111110111;
	1260 :	0111000111101010;
	1259 :	0111000111011101;
	1258 :	0111000111001111;
	1257 :	0111000111000010;
	1256 :	0111000110110101;
	1255 :	0111000110101000;
	1254 :	0111000110011011;
	1253 :	0111000110001110;
	1252 :	0111000110000001;
	1251 :	0111000101110100;
	1250 :	0111000101100110;
	1249 :	0111000101011001;
	1248 :	0111000101001100;
	1247 :	0111000100111110;
	1246 :	0111000100110001;
	1245 :	0111000100100100;
	1244 :	0111000100010111;
	1243 :	0111000100001001;
	1242 :	0111000011111100;
	1241 :	0111000011101110;
	1240 :	0111000011100001;
	1239 :	0111000011010011;
	1238 :	0111000011000110;
	1237 :	0111000010111000;
	1236 :	0111000010101011;
	1235 :	0111000010011101;
	1234 :	0111000010010000;
	1233 :	0111000010000010;
	1232 :	0111000001110101;
	1231 :	0111000001100111;
	1230 :	0111000001011001;
	1229 :	0111000001001100;
	1228 :	0111000000111110;
	1227 :	0111000000110000;
	1226 :	0111000000100010;
	1225 :	0111000000010101;
	1224 :	0111000000000111;
	1223 :	0110111111111001;
	1222 :	0110111111101011;
	1221 :	0110111111011101;
	1220 :	0110111111001111;
	1219 :	0110111111000010;
	1218 :	0110111110110100;
	1217 :	0110111110100110;
	1216 :	0110111110011000;
	1215 :	0110111110001010;
	1214 :	0110111101111100;
	1213 :	0110111101101110;
	1212 :	0110111101100000;
	1211 :	0110111101010010;
	1210 :	0110111101000011;
	1209 :	0110111100110101;
	1208 :	0110111100100111;
	1207 :	0110111100011001;
	1206 :	0110111100001011;
	1205 :	0110111011111101;
	1204 :	0110111011101110;
	1203 :	0110111011100000;
	1202 :	0110111011010010;
	1201 :	0110111011000100;
	1200 :	0110111010110101;
	1199 :	0110111010100111;
	1198 :	0110111010011001;
	1197 :	0110111010001010;
	1196 :	0110111001111100;
	1195 :	0110111001101101;
	1194 :	0110111001011111;
	1193 :	0110111001010001;
	1192 :	0110111001000010;
	1191 :	0110111000110100;
	1190 :	0110111000100101;
	1189 :	0110111000010110;
	1188 :	0110111000001000;
	1187 :	0110110111111001;
	1186 :	0110110111101011;
	1185 :	0110110111011100;
	1184 :	0110110111001101;
	1183 :	0110110110111111;
	1182 :	0110110110110000;
	1181 :	0110110110100001;
	1180 :	0110110110010011;
	1179 :	0110110110000100;
	1178 :	0110110101110101;
	1177 :	0110110101100110;
	1176 :	0110110101010111;
	1175 :	0110110101001001;
	1174 :	0110110100111010;
	1173 :	0110110100101011;
	1172 :	0110110100011100;
	1171 :	0110110100001101;
	1170 :	0110110011111110;
	1169 :	0110110011101111;
	1168 :	0110110011100000;
	1167 :	0110110011010001;
	1166 :	0110110011000010;
	1165 :	0110110010110011;
	1164 :	0110110010100100;
	1163 :	0110110010010101;
	1162 :	0110110010000110;
	1161 :	0110110001110111;
	1160 :	0110110001100111;
	1159 :	0110110001011000;
	1158 :	0110110001001001;
	1157 :	0110110000111010;
	1156 :	0110110000101011;
	1155 :	0110110000011011;
	1154 :	0110110000001100;
	1153 :	0110101111111101;
	1152 :	0110101111101101;
	1151 :	0110101111011110;
	1150 :	0110101111001111;
	1149 :	0110101110111111;
	1148 :	0110101110110000;
	1147 :	0110101110100000;
	1146 :	0110101110010001;
	1145 :	0110101110000001;
	1144 :	0110101101110010;
	1143 :	0110101101100010;
	1142 :	0110101101010011;
	1141 :	0110101101000011;
	1140 :	0110101100110100;
	1139 :	0110101100100100;
	1138 :	0110101100010101;
	1137 :	0110101100000101;
	1136 :	0110101011110101;
	1135 :	0110101011100110;
	1134 :	0110101011010110;
	1133 :	0110101011000110;
	1132 :	0110101010110110;
	1131 :	0110101010100111;
	1130 :	0110101010010111;
	1129 :	0110101010000111;
	1128 :	0110101001110111;
	1127 :	0110101001100111;
	1126 :	0110101001010111;
	1125 :	0110101001001000;
	1124 :	0110101000111000;
	1123 :	0110101000101000;
	1122 :	0110101000011000;
	1121 :	0110101000001000;
	1120 :	0110100111111000;
	1119 :	0110100111101000;
	1118 :	0110100111011000;
	1117 :	0110100111001000;
	1116 :	0110100110111000;
	1115 :	0110100110101000;
	1114 :	0110100110010111;
	1113 :	0110100110000111;
	1112 :	0110100101110111;
	1111 :	0110100101100111;
	1110 :	0110100101010111;
	1109 :	0110100101000110;
	1108 :	0110100100110110;
	1107 :	0110100100100110;
	1106 :	0110100100010110;
	1105 :	0110100100000101;
	1104 :	0110100011110101;
	1103 :	0110100011100101;
	1102 :	0110100011010100;
	1101 :	0110100011000100;
	1100 :	0110100010110100;
	1099 :	0110100010100011;
	1098 :	0110100010010011;
	1097 :	0110100010000010;
	1096 :	0110100001110010;
	1095 :	0110100001100001;
	1094 :	0110100001010001;
	1093 :	0110100001000000;
	1092 :	0110100000110000;
	1091 :	0110100000011111;
	1090 :	0110100000001110;
	1089 :	0110011111111110;
	1088 :	0110011111101101;
	1087 :	0110011111011101;
	1086 :	0110011111001100;
	1085 :	0110011110111011;
	1084 :	0110011110101010;
	1083 :	0110011110011010;
	1082 :	0110011110001001;
	1081 :	0110011101111000;
	1080 :	0110011101100111;
	1079 :	0110011101010110;
	1078 :	0110011101000110;
	1077 :	0110011100110101;
	1076 :	0110011100100100;
	1075 :	0110011100010011;
	1074 :	0110011100000010;
	1073 :	0110011011110001;
	1072 :	0110011011100000;
	1071 :	0110011011001111;
	1070 :	0110011010111110;
	1069 :	0110011010101101;
	1068 :	0110011010011100;
	1067 :	0110011010001011;
	1066 :	0110011001111010;
	1065 :	0110011001101001;
	1064 :	0110011001011000;
	1063 :	0110011001000110;
	1062 :	0110011000110101;
	1061 :	0110011000100100;
	1060 :	0110011000010011;
	1059 :	0110011000000010;
	1058 :	0110010111110000;
	1057 :	0110010111011111;
	1056 :	0110010111001110;
	1055 :	0110010110111101;
	1054 :	0110010110101011;
	1053 :	0110010110011010;
	1052 :	0110010110001001;
	1051 :	0110010101110111;
	1050 :	0110010101100110;
	1049 :	0110010101010100;
	1048 :	0110010101000011;
	1047 :	0110010100110001;
	1046 :	0110010100100000;
	1045 :	0110010100001110;
	1044 :	0110010011111101;
	1043 :	0110010011101011;
	1042 :	0110010011011010;
	1041 :	0110010011001000;
	1040 :	0110010010110111;
	1039 :	0110010010100101;
	1038 :	0110010010010011;
	1037 :	0110010010000010;
	1036 :	0110010001110000;
	1035 :	0110010001011110;
	1034 :	0110010001001101;
	1033 :	0110010000111011;
	1032 :	0110010000101001;
	1031 :	0110010000010111;
	1030 :	0110010000000110;
	1029 :	0110001111110100;
	1028 :	0110001111100010;
	1027 :	0110001111010000;
	1026 :	0110001110111110;
	1025 :	0110001110101100;
	1024 :	0110001110011010;
	1023 :	0110001110001000;
	1022 :	0110001101110110;
	1021 :	0110001101100101;
	1020 :	0110001101010011;
	1019 :	0110001101000001;
	1018 :	0110001100101111;
	1017 :	0110001100011100;
	1016 :	0110001100001010;
	1015 :	0110001011111000;
	1014 :	0110001011100110;
	1013 :	0110001011010100;
	1012 :	0110001011000010;
	1011 :	0110001010110000;
	1010 :	0110001010011110;
	1009 :	0110001010001011;
	1008 :	0110001001111001;
	1007 :	0110001001100111;
	1006 :	0110001001010101;
	1005 :	0110001001000010;
	1004 :	0110001000110000;
	1003 :	0110001000011110;
	1002 :	0110001000001011;
	1001 :	0110000111111001;
	1000 :	0110000111100111;
	999 :	0110000111010100;
	998 :	0110000111000010;
	997 :	0110000110101111;
	996 :	0110000110011101;
	995 :	0110000110001011;
	994 :	0110000101111000;
	993 :	0110000101100110;
	992 :	0110000101010011;
	991 :	0110000101000001;
	990 :	0110000100101110;
	989 :	0110000100011011;
	988 :	0110000100001001;
	987 :	0110000011110110;
	986 :	0110000011100100;
	985 :	0110000011010001;
	984 :	0110000010111110;
	983 :	0110000010101100;
	982 :	0110000010011001;
	981 :	0110000010000110;
	980 :	0110000001110011;
	979 :	0110000001100001;
	978 :	0110000001001110;
	977 :	0110000000111011;
	976 :	0110000000101000;
	975 :	0110000000010101;
	974 :	0110000000000010;
	973 :	0101111111110000;
	972 :	0101111111011101;
	971 :	0101111111001010;
	970 :	0101111110110111;
	969 :	0101111110100100;
	968 :	0101111110010001;
	967 :	0101111101111110;
	966 :	0101111101101011;
	965 :	0101111101011000;
	964 :	0101111101000101;
	963 :	0101111100110010;
	962 :	0101111100011111;
	961 :	0101111100001100;
	960 :	0101111011111000;
	959 :	0101111011100101;
	958 :	0101111011010010;
	957 :	0101111010111111;
	956 :	0101111010101100;
	955 :	0101111010011001;
	954 :	0101111010000101;
	953 :	0101111001110010;
	952 :	0101111001011111;
	951 :	0101111001001011;
	950 :	0101111000111000;
	949 :	0101111000100101;
	948 :	0101111000010010;
	947 :	0101110111111110;
	946 :	0101110111101011;
	945 :	0101110111010111;
	944 :	0101110111000100;
	943 :	0101110110110001;
	942 :	0101110110011101;
	941 :	0101110110001010;
	940 :	0101110101110110;
	939 :	0101110101100011;
	938 :	0101110101001111;
	937 :	0101110100111100;
	936 :	0101110100101000;
	935 :	0101110100010100;
	934 :	0101110100000001;
	933 :	0101110011101101;
	932 :	0101110011011010;
	931 :	0101110011000110;
	930 :	0101110010110010;
	929 :	0101110010011111;
	928 :	0101110010001011;
	927 :	0101110001110111;
	926 :	0101110001100011;
	925 :	0101110001010000;
	924 :	0101110000111100;
	923 :	0101110000101000;
	922 :	0101110000010100;
	921 :	0101110000000000;
	920 :	0101101111101101;
	919 :	0101101111011001;
	918 :	0101101111000101;
	917 :	0101101110110001;
	916 :	0101101110011101;
	915 :	0101101110001001;
	914 :	0101101101110101;
	913 :	0101101101100001;
	912 :	0101101101001101;
	911 :	0101101100111001;
	910 :	0101101100100101;
	909 :	0101101100010001;
	908 :	0101101011111101;
	907 :	0101101011101001;
	906 :	0101101011010101;
	905 :	0101101011000001;
	904 :	0101101010101101;
	903 :	0101101010011000;
	902 :	0101101010000100;
	901 :	0101101001110000;
	900 :	0101101001011100;
	899 :	0101101001001000;
	898 :	0101101000110011;
	897 :	0101101000011111;
	896 :	0101101000001011;
	895 :	0101100111110111;
	894 :	0101100111100010;
	893 :	0101100111001110;
	892 :	0101100110111010;
	891 :	0101100110100101;
	890 :	0101100110010001;
	889 :	0101100101111101;
	888 :	0101100101101000;
	887 :	0101100101010100;
	886 :	0101100100111111;
	885 :	0101100100101011;
	884 :	0101100100010110;
	883 :	0101100100000010;
	882 :	0101100011101101;
	881 :	0101100011011001;
	880 :	0101100011000100;
	879 :	0101100010110000;
	878 :	0101100010011011;
	877 :	0101100010000110;
	876 :	0101100001110010;
	875 :	0101100001011101;
	874 :	0101100001001001;
	873 :	0101100000110100;
	872 :	0101100000011111;
	871 :	0101100000001010;
	870 :	0101011111110110;
	869 :	0101011111100001;
	868 :	0101011111001100;
	867 :	0101011110111000;
	866 :	0101011110100011;
	865 :	0101011110001110;
	864 :	0101011101111001;
	863 :	0101011101100100;
	862 :	0101011101001111;
	861 :	0101011100111011;
	860 :	0101011100100110;
	859 :	0101011100010001;
	858 :	0101011011111100;
	857 :	0101011011100111;
	856 :	0101011011010010;
	855 :	0101011010111101;
	854 :	0101011010101000;
	853 :	0101011010010011;
	852 :	0101011001111110;
	851 :	0101011001101001;
	850 :	0101011001010100;
	849 :	0101011000111111;
	848 :	0101011000101010;
	847 :	0101011000010101;
	846 :	0101010111111111;
	845 :	0101010111101010;
	844 :	0101010111010101;
	843 :	0101010111000000;
	842 :	0101010110101011;
	841 :	0101010110010101;
	840 :	0101010110000000;
	839 :	0101010101101011;
	838 :	0101010101010110;
	837 :	0101010101000000;
	836 :	0101010100101011;
	835 :	0101010100010110;
	834 :	0101010100000001;
	833 :	0101010011101011;
	832 :	0101010011010110;
	831 :	0101010011000000;
	830 :	0101010010101011;
	829 :	0101010010010110;
	828 :	0101010010000000;
	827 :	0101010001101011;
	826 :	0101010001010101;
	825 :	0101010001000000;
	824 :	0101010000101010;
	823 :	0101010000010101;
	822 :	0101001111111111;
	821 :	0101001111101010;
	820 :	0101001111010100;
	819 :	0101001110111111;
	818 :	0101001110101001;
	817 :	0101001110010100;
	816 :	0101001101111110;
	815 :	0101001101101000;
	814 :	0101001101010011;
	813 :	0101001100111101;
	812 :	0101001100100111;
	811 :	0101001100010010;
	810 :	0101001011111100;
	809 :	0101001011100110;
	808 :	0101001011010000;
	807 :	0101001010111011;
	806 :	0101001010100101;
	805 :	0101001010001111;
	804 :	0101001001111001;
	803 :	0101001001100011;
	802 :	0101001001001110;
	801 :	0101001000111000;
	800 :	0101001000100010;
	799 :	0101001000001100;
	798 :	0101000111110110;
	797 :	0101000111100000;
	796 :	0101000111001010;
	795 :	0101000110110100;
	794 :	0101000110011110;
	793 :	0101000110001000;
	792 :	0101000101110010;
	791 :	0101000101011100;
	790 :	0101000101000110;
	789 :	0101000100110000;
	788 :	0101000100011010;
	787 :	0101000100000100;
	786 :	0101000011101110;
	785 :	0101000011011000;
	784 :	0101000011000010;
	783 :	0101000010101011;
	782 :	0101000010010101;
	781 :	0101000001111111;
	780 :	0101000001101001;
	779 :	0101000001010011;
	778 :	0101000000111100;
	777 :	0101000000100110;
	776 :	0101000000010000;
	775 :	0100111111111010;
	774 :	0100111111100011;
	773 :	0100111111001101;
	772 :	0100111110110111;
	771 :	0100111110100000;
	770 :	0100111110001010;
	769 :	0100111101110100;
	768 :	0100111101011101;
	767 :	0100111101000111;
	766 :	0100111100110001;
	765 :	0100111100011010;
	764 :	0100111100000100;
	763 :	0100111011101101;
	762 :	0100111011010111;
	761 :	0100111011000000;
	760 :	0100111010101010;
	759 :	0100111010010011;
	758 :	0100111001111101;
	757 :	0100111001100110;
	756 :	0100111001010000;
	755 :	0100111000111001;
	754 :	0100111000100010;
	753 :	0100111000001100;
	752 :	0100110111110101;
	751 :	0100110111011111;
	750 :	0100110111001000;
	749 :	0100110110110001;
	748 :	0100110110011011;
	747 :	0100110110000100;
	746 :	0100110101101101;
	745 :	0100110101010110;
	744 :	0100110101000000;
	743 :	0100110100101001;
	742 :	0100110100010010;
	741 :	0100110011111011;
	740 :	0100110011100101;
	739 :	0100110011001110;
	738 :	0100110010110111;
	737 :	0100110010100000;
	736 :	0100110010001001;
	735 :	0100110001110010;
	734 :	0100110001011011;
	733 :	0100110001000100;
	732 :	0100110000101110;
	731 :	0100110000010111;
	730 :	0100110000000000;
	729 :	0100101111101001;
	728 :	0100101111010010;
	727 :	0100101110111011;
	726 :	0100101110100100;
	725 :	0100101110001101;
	724 :	0100101101110110;
	723 :	0100101101011111;
	722 :	0100101101001000;
	721 :	0100101100110000;
	720 :	0100101100011001;
	719 :	0100101100000010;
	718 :	0100101011101011;
	717 :	0100101011010100;
	716 :	0100101010111101;
	715 :	0100101010100110;
	714 :	0100101010001110;
	713 :	0100101001110111;
	712 :	0100101001100000;
	711 :	0100101001001001;
	710 :	0100101000110010;
	709 :	0100101000011010;
	708 :	0100101000000011;
	707 :	0100100111101100;
	706 :	0100100111010100;
	705 :	0100100110111101;
	704 :	0100100110100110;
	703 :	0100100110001110;
	702 :	0100100101110111;
	701 :	0100100101100000;
	700 :	0100100101001000;
	699 :	0100100100110001;
	698 :	0100100100011001;
	697 :	0100100100000010;
	696 :	0100100011101011;
	695 :	0100100011010011;
	694 :	0100100010111100;
	693 :	0100100010100100;
	692 :	0100100010001101;
	691 :	0100100001110101;
	690 :	0100100001011110;
	689 :	0100100001000110;
	688 :	0100100000101111;
	687 :	0100100000010111;
	686 :	0100011111111111;
	685 :	0100011111101000;
	684 :	0100011111010000;
	683 :	0100011110111001;
	682 :	0100011110100001;
	681 :	0100011110001001;
	680 :	0100011101110010;
	679 :	0100011101011010;
	678 :	0100011101000010;
	677 :	0100011100101010;
	676 :	0100011100010011;
	675 :	0100011011111011;
	674 :	0100011011100011;
	673 :	0100011011001011;
	672 :	0100011010110100;
	671 :	0100011010011100;
	670 :	0100011010000100;
	669 :	0100011001101100;
	668 :	0100011001010100;
	667 :	0100011000111101;
	666 :	0100011000100101;
	665 :	0100011000001101;
	664 :	0100010111110101;
	663 :	0100010111011101;
	662 :	0100010111000101;
	661 :	0100010110101101;
	660 :	0100010110010101;
	659 :	0100010101111101;
	658 :	0100010101100101;
	657 :	0100010101001101;
	656 :	0100010100110101;
	655 :	0100010100011101;
	654 :	0100010100000101;
	653 :	0100010011101101;
	652 :	0100010011010101;
	651 :	0100010010111101;
	650 :	0100010010100101;
	649 :	0100010010001101;
	648 :	0100010001110101;
	647 :	0100010001011101;
	646 :	0100010001000101;
	645 :	0100010000101101;
	644 :	0100010000010100;
	643 :	0100001111111100;
	642 :	0100001111100100;
	641 :	0100001111001100;
	640 :	0100001110110100;
	639 :	0100001110011011;
	638 :	0100001110000011;
	637 :	0100001101101011;
	636 :	0100001101010011;
	635 :	0100001100111010;
	634 :	0100001100100010;
	633 :	0100001100001010;
	632 :	0100001011110001;
	631 :	0100001011011001;
	630 :	0100001011000001;
	629 :	0100001010101000;
	628 :	0100001010010000;
	627 :	0100001001111000;
	626 :	0100001001011111;
	625 :	0100001001000111;
	624 :	0100001000101110;
	623 :	0100001000010110;
	622 :	0100000111111110;
	621 :	0100000111100101;
	620 :	0100000111001101;
	619 :	0100000110110100;
	618 :	0100000110011100;
	617 :	0100000110000011;
	616 :	0100000101101011;
	615 :	0100000101010010;
	614 :	0100000100111010;
	613 :	0100000100100001;
	612 :	0100000100001000;
	611 :	0100000011110000;
	610 :	0100000011010111;
	609 :	0100000010111111;
	608 :	0100000010100110;
	607 :	0100000010001101;
	606 :	0100000001110101;
	605 :	0100000001011100;
	604 :	0100000001000011;
	603 :	0100000000101011;
	602 :	0100000000010010;
	601 :	0011111111111001;
	600 :	0011111111100001;
	599 :	0011111111001000;
	598 :	0011111110101111;
	597 :	0011111110010110;
	596 :	0011111101111110;
	595 :	0011111101100101;
	594 :	0011111101001100;
	593 :	0011111100110011;
	592 :	0011111100011010;
	591 :	0011111100000010;
	590 :	0011111011101001;
	589 :	0011111011010000;
	588 :	0011111010110111;
	587 :	0011111010011110;
	586 :	0011111010000101;
	585 :	0011111001101100;
	584 :	0011111001010011;
	583 :	0011111000111010;
	582 :	0011111000100010;
	581 :	0011111000001001;
	580 :	0011110111110000;
	579 :	0011110111010111;
	578 :	0011110110111110;
	577 :	0011110110100101;
	576 :	0011110110001100;
	575 :	0011110101110011;
	574 :	0011110101011010;
	573 :	0011110101000000;
	572 :	0011110100100111;
	571 :	0011110100001110;
	570 :	0011110011110101;
	569 :	0011110011011100;
	568 :	0011110011000011;
	567 :	0011110010101010;
	566 :	0011110010010001;
	565 :	0011110001111000;
	564 :	0011110001011111;
	563 :	0011110001000101;
	562 :	0011110000101100;
	561 :	0011110000010011;
	560 :	0011101111111010;
	559 :	0011101111100001;
	558 :	0011101111000111;
	557 :	0011101110101110;
	556 :	0011101110010101;
	555 :	0011101101111100;
	554 :	0011101101100010;
	553 :	0011101101001001;
	552 :	0011101100110000;
	551 :	0011101100010110;
	550 :	0011101011111101;
	549 :	0011101011100100;
	548 :	0011101011001010;
	547 :	0011101010110001;
	546 :	0011101010011000;
	545 :	0011101001111110;
	544 :	0011101001100101;
	543 :	0011101001001100;
	542 :	0011101000110010;
	541 :	0011101000011001;
	540 :	0011100111111111;
	539 :	0011100111100110;
	538 :	0011100111001100;
	537 :	0011100110110011;
	536 :	0011100110011001;
	535 :	0011100110000000;
	534 :	0011100101100110;
	533 :	0011100101001101;
	532 :	0011100100110011;
	531 :	0011100100011010;
	530 :	0011100100000000;
	529 :	0011100011100111;
	528 :	0011100011001101;
	527 :	0011100010110100;
	526 :	0011100010011010;
	525 :	0011100010000000;
	524 :	0011100001100111;
	523 :	0011100001001101;
	522 :	0011100000110100;
	521 :	0011100000011010;
	520 :	0011100000000000;
	519 :	0011011111100111;
	518 :	0011011111001101;
	517 :	0011011110110011;
	516 :	0011011110011010;
	515 :	0011011110000000;
	514 :	0011011101100110;
	513 :	0011011101001100;
	512 :	0011011100110011;
	511 :	0011011100011001;
	510 :	0011011011111111;
	509 :	0011011011100101;
	508 :	0011011011001100;
	507 :	0011011010110010;
	506 :	0011011010011000;
	505 :	0011011001111110;
	504 :	0011011001100100;
	503 :	0011011001001011;
	502 :	0011011000110001;
	501 :	0011011000010111;
	500 :	0011010111111101;
	499 :	0011010111100011;
	498 :	0011010111001001;
	497 :	0011010110101111;
	496 :	0011010110010101;
	495 :	0011010101111011;
	494 :	0011010101100010;
	493 :	0011010101001000;
	492 :	0011010100101110;
	491 :	0011010100010100;
	490 :	0011010011111010;
	489 :	0011010011100000;
	488 :	0011010011000110;
	487 :	0011010010101100;
	486 :	0011010010010010;
	485 :	0011010001111000;
	484 :	0011010001011110;
	483 :	0011010001000100;
	482 :	0011010000101010;
	481 :	0011010000010000;
	480 :	0011001111110101;
	479 :	0011001111011011;
	478 :	0011001111000001;
	477 :	0011001110100111;
	476 :	0011001110001101;
	475 :	0011001101110011;
	474 :	0011001101011001;
	473 :	0011001100111111;
	472 :	0011001100100101;
	471 :	0011001100001010;
	470 :	0011001011110000;
	469 :	0011001011010110;
	468 :	0011001010111100;
	467 :	0011001010100010;
	466 :	0011001010000111;
	465 :	0011001001101101;
	464 :	0011001001010011;
	463 :	0011001000111001;
	462 :	0011001000011110;
	461 :	0011001000000100;
	460 :	0011000111101010;
	459 :	0011000111010000;
	458 :	0011000110110101;
	457 :	0011000110011011;
	456 :	0011000110000001;
	455 :	0011000101100110;
	454 :	0011000101001100;
	453 :	0011000100110010;
	452 :	0011000100010111;
	451 :	0011000011111101;
	450 :	0011000011100011;
	449 :	0011000011001000;
	448 :	0011000010101110;
	447 :	0011000010010100;
	446 :	0011000001111001;
	445 :	0011000001011111;
	444 :	0011000001000100;
	443 :	0011000000101010;
	442 :	0011000000001111;
	441 :	0010111111110101;
	440 :	0010111111011010;
	439 :	0010111111000000;
	438 :	0010111110100110;
	437 :	0010111110001011;
	436 :	0010111101110001;
	435 :	0010111101010110;
	434 :	0010111100111100;
	433 :	0010111100100001;
	432 :	0010111100000110;
	431 :	0010111011101100;
	430 :	0010111011010001;
	429 :	0010111010110111;
	428 :	0010111010011100;
	427 :	0010111010000010;
	426 :	0010111001100111;
	425 :	0010111001001100;
	424 :	0010111000110010;
	423 :	0010111000010111;
	422 :	0010110111111101;
	421 :	0010110111100010;
	420 :	0010110111000111;
	419 :	0010110110101101;
	418 :	0010110110010010;
	417 :	0010110101110111;
	416 :	0010110101011101;
	415 :	0010110101000010;
	414 :	0010110100100111;
	413 :	0010110100001101;
	412 :	0010110011110010;
	411 :	0010110011010111;
	410 :	0010110010111100;
	409 :	0010110010100010;
	408 :	0010110010000111;
	407 :	0010110001101100;
	406 :	0010110001010001;
	405 :	0010110000110111;
	404 :	0010110000011100;
	403 :	0010110000000001;
	402 :	0010101111100110;
	401 :	0010101111001011;
	400 :	0010101110110001;
	399 :	0010101110010110;
	398 :	0010101101111011;
	397 :	0010101101100000;
	396 :	0010101101000101;
	395 :	0010101100101010;
	394 :	0010101100010000;
	393 :	0010101011110101;
	392 :	0010101011011010;
	391 :	0010101010111111;
	390 :	0010101010100100;
	389 :	0010101010001001;
	388 :	0010101001101110;
	387 :	0010101001010011;
	386 :	0010101000111000;
	385 :	0010101000011101;
	384 :	0010101000000010;
	383 :	0010100111100111;
	382 :	0010100111001100;
	381 :	0010100110110010;
	380 :	0010100110010111;
	379 :	0010100101111100;
	378 :	0010100101100001;
	377 :	0010100101000110;
	376 :	0010100100101011;
	375 :	0010100100001111;
	374 :	0010100011110100;
	373 :	0010100011011001;
	372 :	0010100010111110;
	371 :	0010100010100011;
	370 :	0010100010001000;
	369 :	0010100001101101;
	368 :	0010100001010010;
	367 :	0010100000110111;
	366 :	0010100000011100;
	365 :	0010100000000001;
	364 :	0010011111100110;
	363 :	0010011111001011;
	362 :	0010011110101111;
	361 :	0010011110010100;
	360 :	0010011101111001;
	359 :	0010011101011110;
	358 :	0010011101000011;
	357 :	0010011100101000;
	356 :	0010011100001101;
	355 :	0010011011110001;
	354 :	0010011011010110;
	353 :	0010011010111011;
	352 :	0010011010100000;
	351 :	0010011010000101;
	350 :	0010011001101001;
	349 :	0010011001001110;
	348 :	0010011000110011;
	347 :	0010011000011000;
	346 :	0010010111111100;
	345 :	0010010111100001;
	344 :	0010010111000110;
	343 :	0010010110101011;
	342 :	0010010110001111;
	341 :	0010010101110100;
	340 :	0010010101011001;
	339 :	0010010100111110;
	338 :	0010010100100010;
	337 :	0010010100000111;
	336 :	0010010011101100;
	335 :	0010010011010000;
	334 :	0010010010110101;
	333 :	0010010010011010;
	332 :	0010010001111110;
	331 :	0010010001100011;
	330 :	0010010001001000;
	329 :	0010010000101100;
	328 :	0010010000010001;
	327 :	0010001111110101;
	326 :	0010001111011010;
	325 :	0010001110111111;
	324 :	0010001110100011;
	323 :	0010001110001000;
	322 :	0010001101101100;
	321 :	0010001101010001;
	320 :	0010001100110110;
	319 :	0010001100011010;
	318 :	0010001011111111;
	317 :	0010001011100011;
	316 :	0010001011001000;
	315 :	0010001010101100;
	314 :	0010001010010001;
	313 :	0010001001110101;
	312 :	0010001001011010;
	311 :	0010001000111110;
	310 :	0010001000100011;
	309 :	0010001000000111;
	308 :	0010000111101100;
	307 :	0010000111010000;
	306 :	0010000110110101;
	305 :	0010000110011001;
	304 :	0010000101111110;
	303 :	0010000101100010;
	302 :	0010000101000111;
	301 :	0010000100101011;
	300 :	0010000100001111;
	299 :	0010000011110100;
	298 :	0010000011011000;
	297 :	0010000010111101;
	296 :	0010000010100001;
	295 :	0010000010000110;
	294 :	0010000001101010;
	293 :	0010000001001110;
	292 :	0010000000110011;
	291 :	0010000000010111;
	290 :	0001111111111100;
	289 :	0001111111100000;
	288 :	0001111111000100;
	287 :	0001111110101001;
	286 :	0001111110001101;
	285 :	0001111101110001;
	284 :	0001111101010110;
	283 :	0001111100111010;
	282 :	0001111100011110;
	281 :	0001111100000011;
	280 :	0001111011100111;
	279 :	0001111011001011;
	278 :	0001111010110000;
	277 :	0001111010010100;
	276 :	0001111001111000;
	275 :	0001111001011100;
	274 :	0001111001000001;
	273 :	0001111000100101;
	272 :	0001111000001001;
	271 :	0001110111101101;
	270 :	0001110111010010;
	269 :	0001110110110110;
	268 :	0001110110011010;
	267 :	0001110101111110;
	266 :	0001110101100011;
	265 :	0001110101000111;
	264 :	0001110100101011;
	263 :	0001110100001111;
	262 :	0001110011110100;
	261 :	0001110011011000;
	260 :	0001110010111100;
	259 :	0001110010100000;
	258 :	0001110010000100;
	257 :	0001110001101000;
	256 :	0001110001001101;
	255 :	0001110000110001;
	254 :	0001110000010101;
	253 :	0001101111111001;
	252 :	0001101111011101;
	251 :	0001101111000001;
	250 :	0001101110100110;
	249 :	0001101110001010;
	248 :	0001101101101110;
	247 :	0001101101010010;
	246 :	0001101100110110;
	245 :	0001101100011010;
	244 :	0001101011111110;
	243 :	0001101011100010;
	242 :	0001101011000111;
	241 :	0001101010101011;
	240 :	0001101010001111;
	239 :	0001101001110011;
	238 :	0001101001010111;
	237 :	0001101000111011;
	236 :	0001101000011111;
	235 :	0001101000000011;
	234 :	0001100111100111;
	233 :	0001100111001011;
	232 :	0001100110101111;
	231 :	0001100110010011;
	230 :	0001100101110111;
	229 :	0001100101011011;
	228 :	0001100100111111;
	227 :	0001100100100011;
	226 :	0001100100000111;
	225 :	0001100011101011;
	224 :	0001100011001111;
	223 :	0001100010110011;
	222 :	0001100010010111;
	221 :	0001100001111011;
	220 :	0001100001011111;
	219 :	0001100001000011;
	218 :	0001100000100111;
	217 :	0001100000001011;
	216 :	0001011111101111;
	215 :	0001011111010011;
	214 :	0001011110110111;
	213 :	0001011110011011;
	212 :	0001011101111111;
	211 :	0001011101100011;
	210 :	0001011101000111;
	209 :	0001011100101011;
	208 :	0001011100001111;
	207 :	0001011011110011;
	206 :	0001011011010111;
	205 :	0001011010111011;
	204 :	0001011010011111;
	203 :	0001011010000011;
	202 :	0001011001100110;
	201 :	0001011001001010;
	200 :	0001011000101110;
	199 :	0001011000010010;
	198 :	0001010111110110;
	197 :	0001010111011010;
	196 :	0001010110111110;
	195 :	0001010110100010;
	194 :	0001010110000110;
	193 :	0001010101101001;
	192 :	0001010101001101;
	191 :	0001010100110001;
	190 :	0001010100010101;
	189 :	0001010011111001;
	188 :	0001010011011101;
	187 :	0001010011000001;
	186 :	0001010010100100;
	185 :	0001010010001000;
	184 :	0001010001101100;
	183 :	0001010001010000;
	182 :	0001010000110100;
	181 :	0001010000011000;
	180 :	0001001111111011;
	179 :	0001001111011111;
	178 :	0001001111000011;
	177 :	0001001110100111;
	176 :	0001001110001011;
	175 :	0001001101101110;
	174 :	0001001101010010;
	173 :	0001001100110110;
	172 :	0001001100011010;
	171 :	0001001011111101;
	170 :	0001001011100001;
	169 :	0001001011000101;
	168 :	0001001010101001;
	167 :	0001001010001101;
	166 :	0001001001110000;
	165 :	0001001001010100;
	164 :	0001001000111000;
	163 :	0001001000011100;
	162 :	0001000111111111;
	161 :	0001000111100011;
	160 :	0001000111000111;
	159 :	0001000110101011;
	158 :	0001000110001110;
	157 :	0001000101110010;
	156 :	0001000101010110;
	155 :	0001000100111010;
	154 :	0001000100011101;
	153 :	0001000100000001;
	152 :	0001000011100101;
	151 :	0001000011001000;
	150 :	0001000010101100;
	149 :	0001000010010000;
	148 :	0001000001110100;
	147 :	0001000001010111;
	146 :	0001000000111011;
	145 :	0001000000011111;
	144 :	0001000000000010;
	143 :	0000111111100110;
	142 :	0000111111001010;
	141 :	0000111110101101;
	140 :	0000111110010001;
	139 :	0000111101110101;
	138 :	0000111101011000;
	137 :	0000111100111100;
	136 :	0000111100100000;
	135 :	0000111100000011;
	134 :	0000111011100111;
	133 :	0000111011001011;
	132 :	0000111010101110;
	131 :	0000111010010010;
	130 :	0000111001110110;
	129 :	0000111001011001;
	128 :	0000111000111101;
	127 :	0000111000100001;
	126 :	0000111000000100;
	125 :	0000110111101000;
	124 :	0000110111001011;
	123 :	0000110110101111;
	122 :	0000110110010011;
	121 :	0000110101110110;
	120 :	0000110101011010;
	119 :	0000110100111110;
	118 :	0000110100100001;
	117 :	0000110100000101;
	116 :	0000110011101000;
	115 :	0000110011001100;
	114 :	0000110010110000;
	113 :	0000110010010011;
	112 :	0000110001110111;
	111 :	0000110001011010;
	110 :	0000110000111110;
	109 :	0000110000100010;
	108 :	0000110000000101;
	107 :	0000101111101001;
	106 :	0000101111001100;
	105 :	0000101110110000;
	104 :	0000101110010100;
	103 :	0000101101110111;
	102 :	0000101101011011;
	101 :	0000101100111110;
	100 :	0000101100100010;
	99 :	0000101100000101;
	98 :	0000101011101001;
	97 :	0000101011001101;
	96 :	0000101010110000;
	95 :	0000101010010100;
	94 :	0000101001110111;
	93 :	0000101001011011;
	92 :	0000101000111110;
	91 :	0000101000100010;
	90 :	0000101000000110;
	89 :	0000100111101001;
	88 :	0000100111001101;
	87 :	0000100110110000;
	86 :	0000100110010100;
	85 :	0000100101110111;
	84 :	0000100101011011;
	83 :	0000100100111110;
	82 :	0000100100100010;
	81 :	0000100100000101;
	80 :	0000100011101001;
	79 :	0000100011001100;
	78 :	0000100010110000;
	77 :	0000100010010100;
	76 :	0000100001110111;
	75 :	0000100001011011;
	74 :	0000100000111110;
	73 :	0000100000100010;
	72 :	0000100000000101;
	71 :	0000011111101001;
	70 :	0000011111001100;
	69 :	0000011110110000;
	68 :	0000011110010011;
	67 :	0000011101110111;
	66 :	0000011101011010;
	65 :	0000011100111110;
	64 :	0000011100100001;
	63 :	0000011100000101;
	62 :	0000011011101000;
	61 :	0000011011001100;
	60 :	0000011010101111;
	59 :	0000011010010011;
	58 :	0000011001110110;
	57 :	0000011001011010;
	56 :	0000011000111101;
	55 :	0000011000100001;
	54 :	0000011000000100;
	53 :	0000010111101000;
	52 :	0000010111001011;
	51 :	0000010110101111;
	50 :	0000010110010010;
	49 :	0000010101110110;
	48 :	0000010101011001;
	47 :	0000010100111101;
	46 :	0000010100100000;
	45 :	0000010100000100;
	44 :	0000010011100111;
	43 :	0000010011001011;
	42 :	0000010010101110;
	41 :	0000010010010010;
	40 :	0000010001110101;
	39 :	0000010001011001;
	38 :	0000010000111100;
	37 :	0000010000100000;
	36 :	0000010000000011;
	35 :	0000001111100111;
	34 :	0000001111001010;
	33 :	0000001110101110;
	32 :	0000001110010001;
	31 :	0000001101110100;
	30 :	0000001101011000;
	29 :	0000001100111011;
	28 :	0000001100011111;
	27 :	0000001100000010;
	26 :	0000001011100110;
	25 :	0000001011001001;
	24 :	0000001010101101;
	23 :	0000001010010000;
	22 :	0000001001110100;
	21 :	0000001001010111;
	20 :	0000001000111011;
	19 :	0000001000011110;
	18 :	0000001000000010;
	17 :	0000000111100101;
	16 :	0000000111001001;
	15 :	0000000110101100;
	14 :	0000000110001111;
	13 :	0000000101110011;
	12 :	0000000101010110;
	11 :	0000000100111010;
	10 :	0000000100011101;
	9 :	0000000100000001;
	8 :	0000000011100100;
	7 :	0000000011001000;
	6 :	0000000010101011;
	5 :	0000000010001111;
	4 :	0000000001110010;
	3 :	0000000001010110;
	2 :	0000000000111001;
	1 :	0000000000011101;
	0 :	0000000000000000;
END;
