Power Analyzer report for sensor_buchas
Tue Mar 31 16:24:17 2026
Quartus Prime Version 25.1std.0 Build 1129 10/21/2025 SC Lite Edition


---------------------
; Table of Contents ;
---------------------
  1. Legal Notice
  2. Parallel Compilation
  3. Power Analyzer Summary
  4. Power Analyzer Settings
  5. Indeterminate Toggle Rates
  6. Operating Conditions Used
  7. Thermal Power Dissipation by Block
  8. Thermal Power Dissipation by Block Type
  9. Thermal Power Dissipation by Hierarchy
 10. Core Dynamic Thermal Power Dissipation by Clock Domain
 11. Current Drawn from Voltage Supplies Summary
 12. VCCIO Supply Current Drawn by I/O Bank
 13. VCCIO Supply Current Drawn by Voltage
 14. Confidence Metric Details
 15. Signal Activities
 16. Power Analyzer Messages



----------------
; Legal Notice ;
----------------
Copyright (C) 2025  Altera Corporation. All rights reserved.
Your use of Altera Corporation's design tools, logic functions 
and other software and tools, and any partner logic 
functions, and any output files from any of the foregoing 
(including device programming or simulation files), and any 
associated documentation or information are expressly subject 
to the terms and conditions of the Altera Program License 
Subscription Agreement, the Altera Quartus Prime License Agreement,
the Altera IP License Agreement, or other applicable license
agreement, including, without limitation, that your use is for
the sole purpose of programming logic devices manufactured by
Altera and sold by Altera or its authorized distributors.  Please
refer to the Altera Software License Subscription Agreements 
on the Quartus Prime software download page.



+------------------------------------------+
; Parallel Compilation                     ;
+----------------------------+-------------+
; Processors                 ; Number      ;
+----------------------------+-------------+
; Number detected on machine ; 12          ;
; Maximum allowed            ; 6           ;
;                            ;             ;
; Average used               ; 1.10        ;
; Maximum used               ; 6           ;
;                            ;             ;
; Usage by Processor         ; % Time Used ;
;     Processor 1            ; 100.0%      ;
;     Processors 2-6         ;   2.0%      ;
+----------------------------+-------------+


+-------------------------------------------------------------------------------------------+
; Power Analyzer Summary                                                                    ;
+----------------------------------------+--------------------------------------------------+
; Power Analyzer Status                  ; Successful - Tue Mar 31 16:24:17 2026            ;
; Quartus Prime Version                  ; 25.1std.0 Build 1129 10/21/2025 SC Lite Edition  ;
; Revision Name                          ; sensor_buchas                                    ;
; Top-level Entity Name                  ; sensor_buchas                                    ;
; Family                                 ; MAX 10                                           ;
; Device                                 ; 10M02SCE144C8G                                   ;
; Power Models                           ; Final                                            ;
; Total Thermal Power Dissipation        ; 124.21 mW                                        ;
; Core Dynamic Thermal Power Dissipation ; 43.68 mW                                         ;
; Core Static Thermal Power Dissipation  ; 66.89 mW                                         ;
; I/O Thermal Power Dissipation          ; 13.63 mW                                         ;
; Power Estimation Confidence            ; Low: user provided insufficient toggle rate data ;
+----------------------------------------+--------------------------------------------------+


+----------------------------------------------------------------------------------------------------------------+
; Power Analyzer Settings                                                                                        ;
+------------------------------------------------------------------+-----------------------------+---------------+
; Option                                                           ; Setting                     ; Default Value ;
+------------------------------------------------------------------+-----------------------------+---------------+
; Use smart compilation                                            ; Off                         ; Off           ;
; Enable parallel Assembler and Timing Analyzer during compilation ; On                          ; On            ;
; Enable compact report table                                      ; Off                         ; Off           ;
; Preset Cooling Solution                                          ; No Heat Sink With Still Air ;               ;
; Default Power Toggle Rate                                        ; 12.5%                       ; 12.5%         ;
; Default Power Input I/O Toggle Rate                              ; 12.5%                       ; 12.5%         ;
; Use vectorless estimation                                        ; On                          ; On            ;
; Use Input Files                                                  ; Off                         ; Off           ;
; Filter Glitches in VCD File Reader                               ; On                          ; On            ;
; Power Analyzer Report Signal Activity                            ; Off                         ; Off           ;
; Power Analyzer Report Power Dissipation                          ; Off                         ; Off           ;
; Device Power Characteristics                                     ; TYPICAL                     ; TYPICAL       ;
; Automatically Compute Junction Temperature                       ; On                          ; On            ;
; Specified Junction Temperature                                   ; 25                          ; 25            ;
; Ambient Temperature                                              ; 25                          ; 25            ;
; Use Custom Cooling Solution                                      ; Off                         ; Off           ;
; Board Temperature                                                ; 25                          ; 25            ;
+------------------------------------------------------------------+-----------------------------+---------------+


+------------------------------------------+
; Indeterminate Toggle Rates               ;
+------------+-----------------------------+
; Node       ; Reason                      ;
+------------+-----------------------------+
; start_conv ; No valid clock domain found ;
; sync_debug ; No valid clock domain found ;
+------------+-----------------------------+


+----------------------------------------------------------------------+
; Operating Conditions Used                                            ;
+-----------------------------------------+----------------------------+
; Setting                                 ; Value                      ;
+-----------------------------------------+----------------------------+
; Device power characteristics            ; Typical                    ;
;                                         ;                            ;
; Voltages                                ;                            ;
;     VCCA                                ; 3.00 V                     ;
;     VCC_ONE                             ; 3.00 V                     ;
;     2.5 V I/O Standard                  ; 2.5 V                      ;
;     2.5 V Schmitt Trigger I/O Standard  ; 2.5 V                      ;
;                                         ;                            ;
; Auto computed junction temperature      ; 29.2 degrees Celsius       ;
;     Ambient temperature                 ; 25.0 degrees Celsius       ;
;     Junction-to-Case thermal resistance ; 14.70 degrees Celsius/Watt ;
;     Case-to-Ambient thermal resistance  ; 19.00 degrees Celsius/Watt ;
;                                         ;                            ;
; Board model used                        ; Typical                    ;
+-----------------------------------------+----------------------------+


+----------------------------------------------------------------------------------------------------------------------------------------------+
; Thermal Power Dissipation by Block                                                                                                           ;
+------------+------------+---------------------+-----------------------------+--------------------------------+-------------------------------+
; Block Name ; Block Type ; Total Thermal Power ; Block Thermal Dynamic Power ; Block Thermal Static Power (1) ; Routing Thermal Dynamic Power ;
+------------+------------+---------------------+-----------------------------+--------------------------------+-------------------------------+
(1) The "Thermal Power Dissipation by Block" Table has been hidden. To show this table, please select the "Write power dissipation by block to report file" option under "PowerPlay Power Analyzer Settings".


+--------------------------------------------------------------------------------------------------------------------------------------------------------------------------------------------------------------------+
; Thermal Power Dissipation by Block Type                                                                                                                                                                            ;
+---------------------+-----------------------------------+-----------------------------+--------------------------------+-------------------------------+-----------------------------------------------------------+
; Block Type          ; Total Thermal Power by Block Type ; Block Thermal Dynamic Power ; Block Thermal Static Power (1) ; Routing Thermal Dynamic Power ; Block Average Toggle Rate (millions of transitions / sec) ;
+---------------------+-----------------------------------+-----------------------------+--------------------------------+-------------------------------+-----------------------------------------------------------+
; Combinational cell  ; 2.62 mW                           ; 1.52 mW                     ; --                             ; 1.09 mW                       ;   10.826                                                  ;
; Clock control block ; 7.75 mW                           ; 0.00 mW                     ; --                             ; 7.75 mW                       ;  200.000                                                  ;
; Register cell       ; 6.58 mW                           ; 4.87 mW                     ; --                             ; 1.71 mW                       ;   12.482                                                  ;
; I/O                 ; 8.58 mW                           ; 7.81 mW                     ; 0.40 mW                        ; 0.36 mW                       ;    8.652                                                  ;
; Voltage Regulator   ; 26.37 mW                          ; 26.37 mW                    ; 0.00 mW                        ; --                            ; --                                                        ;
+---------------------+-----------------------------------+-----------------------------+--------------------------------+-------------------------------+-----------------------------------------------------------+
(1) The "Block Thermal Static Power" for all block types except Pins and the Voltage Regulator, if one exists, is part of the "Core Static Thermal Power Dissipation" value found on the PowerPlay Power Analyzer-->Summary report panel. The "Core Static Thermal Power Dissipation" also contains the thermal static power dissipated by the routing.


+-----------------------------------------------------------------------------------------------------------------------------------------------------------------------------------------------------------------------------------------------------------------------------------------------------------------------------------+
; Thermal Power Dissipation by Hierarchy                                                                                                                                                                                                                                                                                            ;
+-------------------------------------------------------------+--------------------------------------+---------------------------------+-----------------------------------+-----------------------------------+--------------------------------------------------------------------------------------------------------------------+
; Compilation Hierarchy Node                                  ; Total Thermal Power by Hierarchy (1) ; Block Thermal Dynamic Power (1) ; Block Thermal Static Power (1)(2) ; Routing Thermal Dynamic Power (1) ; Full Hierarchy Name                                                                                                ;
+-------------------------------------------------------------+--------------------------------------+---------------------------------+-----------------------------------+-----------------------------------+--------------------------------------------------------------------------------------------------------------------+
; |sensor_buchas                                              ; 51.90 mW (38.06 mW)                  ; 40.58 mW (34.18 mW)             ; 0.40 mW (0.40 mW)                 ; 10.92 mW (3.47 mW)                ; |sensor_buchas                                                                                                     ;
;     |hard_block:auto_generated_inst                         ; 0.00 mW (0.00 mW)                    ; 0.00 mW (0.00 mW)               ; --                                ; 0.00 mW (0.00 mW)                 ; |sensor_buchas|hard_block:auto_generated_inst                                                                      ;
;     |conf_cpld_module:inst                                  ; 2.94 mW (1.52 mW)                    ; 1.47 mW (0.20 mW)               ; --                                ; 1.47 mW (1.32 mW)                 ; |sensor_buchas|conf_cpld_module:inst                                                                               ;
;         |spi_shift_v2:spi                                   ; 1.42 mW (1.42 mW)                    ; 1.26 mW (1.26 mW)               ; --                                ; 0.15 mW (0.15 mW)                 ; |sensor_buchas|conf_cpld_module:inst|spi_shift_v2:spi                                                              ;
;     |host_interface:inst1                                   ; 0.47 mW (0.08 mW)                    ; 0.24 mW (0.03 mW)               ; --                                ; 0.22 mW (0.04 mW)                 ; |sensor_buchas|host_interface:inst1                                                                                ;
;         |mode_selector:mode_sel                             ; 0.39 mW (0.08 mW)                    ; 0.21 mW (0.06 mW)               ; --                                ; 0.18 mW (0.02 mW)                 ; |sensor_buchas|host_interface:inst1|mode_selector:mode_sel                                                         ;
;             |dffes:changing_ff                              ; 0.05 mW (0.05 mW)                    ; 0.03 mW (0.03 mW)               ; --                                ; 0.01 mW (0.01 mW)                 ; |sensor_buchas|host_interface:inst1|mode_selector:mode_sel|dffes:changing_ff                                       ;
;             |dffes:mode_out_ff[0]                           ; 0.09 mW (0.09 mW)                    ; 0.02 mW (0.02 mW)               ; --                                ; 0.07 mW (0.07 mW)                 ; |sensor_buchas|host_interface:inst1|mode_selector:mode_sel|dffes:mode_out_ff[0]                                    ;
;             |dffes:mode_out_ff[1]                           ; 0.08 mW (0.08 mW)                    ; 0.02 mW (0.02 mW)               ; --                                ; 0.06 mW (0.06 mW)                 ; |sensor_buchas|host_interface:inst1|mode_selector:mode_sel|dffes:mode_out_ff[1]                                    ;
;             |synchronizer:sync                              ; 0.09 mW (0.09 mW)                    ; 0.08 mW (0.08 mW)               ; --                                ; 0.02 mW (0.02 mW)                 ; |sensor_buchas|host_interface:inst1|mode_selector:mode_sel|synchronizer:sync                                       ;
;     |acquisition_module:inst5                               ; 4.78 mW (0.06 mW)                    ; 2.98 mW (0.03 mW)               ; --                                ; 1.80 mW (0.03 mW)                 ; |sensor_buchas|acquisition_module:inst5                                                                            ;
;         |acquisition_time_counter:atc                       ; 1.48 mW (0.50 mW)                    ; 0.75 mW (0.30 mW)               ; --                                ; 0.73 mW (0.19 mW)                 ; |sensor_buchas|acquisition_module:inst5|acquisition_time_counter:atc                                               ;
;             |counter:counter_between_acquisitions           ; 0.98 mW (0.98 mW)                    ; 0.45 mW (0.45 mW)               ; --                                ; 0.53 mW (0.53 mW)                 ; |sensor_buchas|acquisition_module:inst5|acquisition_time_counter:atc|counter:counter_between_acquisitions          ;
;         |crc16:crc                                          ; 0.25 mW (0.25 mW)                    ; 0.19 mW (0.19 mW)               ; --                                ; 0.06 mW (0.06 mW)                 ; |sensor_buchas|acquisition_module:inst5|crc16:crc                                                                  ;
;         |acquisition_ctrl_v2:ctrl                           ; 0.72 mW (0.24 mW)                    ; 0.49 mW (0.15 mW)               ; --                                ; 0.22 mW (0.08 mW)                 ; |sensor_buchas|acquisition_module:inst5|acquisition_ctrl_v2:ctrl                                                   ;
;             |counter:clock_counter                          ; 0.07 mW (0.07 mW)                    ; 0.07 mW (0.07 mW)               ; --                                ; 0.01 mW (0.01 mW)                 ; |sensor_buchas|acquisition_module:inst5|acquisition_ctrl_v2:ctrl|counter:clock_counter                             ;
;             |dffes:convst_ff                                ; 0.02 mW (0.02 mW)                    ; 0.02 mW (0.02 mW)               ; --                                ; 0.00 mW (0.00 mW)                 ; |sensor_buchas|acquisition_module:inst5|acquisition_ctrl_v2:ctrl|dffes:convst_ff                                   ;
;             |counter:samples_counter                        ; 0.28 mW (0.28 mW)                    ; 0.20 mW (0.20 mW)               ; --                                ; 0.07 mW (0.07 mW)                 ; |sensor_buchas|acquisition_module:inst5|acquisition_ctrl_v2:ctrl|counter:samples_counter                           ;
;             |dffes:serialize_ff                             ; 0.01 mW (0.01 mW)                    ; 0.01 mW (0.01 mW)               ; --                                ; 0.00 mW (0.00 mW)                 ; |sensor_buchas|acquisition_module:inst5|acquisition_ctrl_v2:ctrl|dffes:serialize_ff                                ;
;             |dffes:store_crc_ff                             ; 0.05 mW (0.05 mW)                    ; 0.02 mW (0.02 mW)               ; --                                ; 0.03 mW (0.03 mW)                 ; |sensor_buchas|acquisition_module:inst5|acquisition_ctrl_v2:ctrl|dffes:store_crc_ff                                ;
;             |dffes:store_ff                                 ; 0.01 mW (0.01 mW)                    ; 0.01 mW (0.01 mW)               ; --                                ; 0.00 mW (0.00 mW)                 ; |sensor_buchas|acquisition_module:inst5|acquisition_ctrl_v2:ctrl|dffes:store_ff                                    ;
;             |dffes:store_time_counter_ff                    ; 0.04 mW (0.04 mW)                    ; 0.02 mW (0.02 mW)               ; --                                ; 0.03 mW (0.03 mW)                 ; |sensor_buchas|acquisition_module:inst5|acquisition_ctrl_v2:ctrl|dffes:store_time_counter_ff                       ;
;         |acquisition_serializer_v3:serializer               ; 1.55 mW (0.46 mW)                    ; 0.98 mW (0.20 mW)               ; --                                ; 0.57 mW (0.26 mW)                 ; |sensor_buchas|acquisition_module:inst5|acquisition_serializer_v3:serializer                                       ;
;             |counter:count                                  ; 0.09 mW (0.09 mW)                    ; 0.08 mW (0.08 mW)               ; --                                ; 0.01 mW (0.01 mW)                 ; |sensor_buchas|acquisition_module:inst5|acquisition_serializer_v3:serializer|counter:count                         ;
;             |dffes:data_buffer[0][0]                        ; 0.00 mW (0.00 mW)                    ; 0.00 mW (0.00 mW)               ; --                                ; 0.00 mW (0.00 mW)                 ; |sensor_buchas|acquisition_module:inst5|acquisition_serializer_v3:serializer|dffes:data_buffer[0][0]               ;
;             |dffes:data_buffer[0][1]                        ; 0.01 mW (0.01 mW)                    ; 0.00 mW (0.00 mW)               ; --                                ; 0.00 mW (0.00 mW)                 ; |sensor_buchas|acquisition_module:inst5|acquisition_serializer_v3:serializer|dffes:data_buffer[0][1]               ;
;             |dffes:data_buffer[0][2]                        ; 0.01 mW (0.01 mW)                    ; 0.00 mW (0.00 mW)               ; --                                ; 0.00 mW (0.00 mW)                 ; |sensor_buchas|acquisition_module:inst5|acquisition_serializer_v3:serializer|dffes:data_buffer[0][2]               ;
;             |dffes:data_buffer[0][3]                        ; 0.01 mW (0.01 mW)                    ; 0.00 mW (0.00 mW)               ; --                                ; 0.00 mW (0.00 mW)                 ; |sensor_buchas|acquisition_module:inst5|acquisition_serializer_v3:serializer|dffes:data_buffer[0][3]               ;
;             |dffes:data_buffer[0][4]                        ; 0.00 mW (0.00 mW)                    ; 0.00 mW (0.00 mW)               ; --                                ; 0.00 mW (0.00 mW)                 ; |sensor_buchas|acquisition_module:inst5|acquisition_serializer_v3:serializer|dffes:data_buffer[0][4]               ;
;             |dffes:data_buffer[0][5]                        ; 0.00 mW (0.00 mW)                    ; 0.00 mW (0.00 mW)               ; --                                ; 0.00 mW (0.00 mW)                 ; |sensor_buchas|acquisition_module:inst5|acquisition_serializer_v3:serializer|dffes:data_buffer[0][5]               ;
;             |dffes:data_buffer[0][6]                        ; 0.00 mW (0.00 mW)                    ; 0.00 mW (0.00 mW)               ; --                                ; 0.00 mW (0.00 mW)                 ; |sensor_buchas|acquisition_module:inst5|acquisition_serializer_v3:serializer|dffes:data_buffer[0][6]               ;
;             |dffes:data_buffer[0][7]                        ; 0.01 mW (0.01 mW)                    ; 0.00 mW (0.00 mW)               ; --                                ; 0.00 mW (0.00 mW)                 ; |sensor_buchas|acquisition_module:inst5|acquisition_serializer_v3:serializer|dffes:data_buffer[0][7]               ;
;             |dffes:data_buffer[0][8]                        ; 0.01 mW (0.01 mW)                    ; 0.00 mW (0.00 mW)               ; --                                ; 0.00 mW (0.00 mW)                 ; |sensor_buchas|acquisition_module:inst5|acquisition_serializer_v3:serializer|dffes:data_buffer[0][8]               ;
;             |dffes:data_buffer[0][9]                        ; 0.01 mW (0.01 mW)                    ; 0.00 mW (0.00 mW)               ; --                                ; 0.00 mW (0.00 mW)                 ; |sensor_buchas|acquisition_module:inst5|acquisition_serializer_v3:serializer|dffes:data_buffer[0][9]               ;
;             |dffes:data_buffer[0][10]                       ; 0.00 mW (0.00 mW)                    ; 0.00 mW (0.00 mW)               ; --                                ; 0.00 mW (0.00 mW)                 ; |sensor_buchas|acquisition_module:inst5|acquisition_serializer_v3:serializer|dffes:data_buffer[0][10]              ;
;             |dffes:data_buffer[0][11]                       ; 0.00 mW (0.00 mW)                    ; 0.00 mW (0.00 mW)               ; --                                ; 0.00 mW (0.00 mW)                 ; |sensor_buchas|acquisition_module:inst5|acquisition_serializer_v3:serializer|dffes:data_buffer[0][11]              ;
;             |dffes:data_buffer[0][12]                       ; 0.01 mW (0.01 mW)                    ; 0.00 mW (0.00 mW)               ; --                                ; 0.00 mW (0.00 mW)                 ; |sensor_buchas|acquisition_module:inst5|acquisition_serializer_v3:serializer|dffes:data_buffer[0][12]              ;
;             |dffes:data_buffer[0][13]                       ; 0.01 mW (0.01 mW)                    ; 0.00 mW (0.00 mW)               ; --                                ; 0.00 mW (0.00 mW)                 ; |sensor_buchas|acquisition_module:inst5|acquisition_serializer_v3:serializer|dffes:data_buffer[0][13]              ;
;             |dffes:data_buffer[0][14]                       ; 0.00 mW (0.00 mW)                    ; 0.00 mW (0.00 mW)               ; --                                ; 0.00 mW (0.00 mW)                 ; |sensor_buchas|acquisition_module:inst5|acquisition_serializer_v3:serializer|dffes:data_buffer[0][14]              ;
;             |dffes:data_buffer[0][15]                       ; 0.00 mW (0.00 mW)                    ; 0.00 mW (0.00 mW)               ; --                                ; 0.00 mW (0.00 mW)                 ; |sensor_buchas|acquisition_module:inst5|acquisition_serializer_v3:serializer|dffes:data_buffer[0][15]              ;
;             |dffes:data_buffer[1][0]                        ; 0.01 mW (0.01 mW)                    ; 0.00 mW (0.00 mW)               ; --                                ; 0.01 mW (0.01 mW)                 ; |sensor_buchas|acquisition_module:inst5|acquisition_serializer_v3:serializer|dffes:data_buffer[1][0]               ;
;             |dffes:data_buffer[1][1]                        ; 0.00 mW (0.00 mW)                    ; 0.00 mW (0.00 mW)               ; --                                ; 0.00 mW (0.00 mW)                 ; |sensor_buchas|acquisition_module:inst5|acquisition_serializer_v3:serializer|dffes:data_buffer[1][1]               ;
;             |dffes:data_buffer[1][2]                        ; 0.01 mW (0.01 mW)                    ; 0.00 mW (0.00 mW)               ; --                                ; 0.00 mW (0.00 mW)                 ; |sensor_buchas|acquisition_module:inst5|acquisition_serializer_v3:serializer|dffes:data_buffer[1][2]               ;
;             |dffes:data_buffer[1][3]                        ; 0.00 mW (0.00 mW)                    ; 0.00 mW (0.00 mW)               ; --                                ; 0.00 mW (0.00 mW)                 ; |sensor_buchas|acquisition_module:inst5|acquisition_serializer_v3:serializer|dffes:data_buffer[1][3]               ;
;             |dffes:data_buffer[1][4]                        ; 0.00 mW (0.00 mW)                    ; 0.00 mW (0.00 mW)               ; --                                ; 0.00 mW (0.00 mW)                 ; |sensor_buchas|acquisition_module:inst5|acquisition_serializer_v3:serializer|dffes:data_buffer[1][4]               ;
;             |dffes:data_buffer[1][5]                        ; 0.00 mW (0.00 mW)                    ; 0.00 mW (0.00 mW)               ; --                                ; 0.00 mW (0.00 mW)                 ; |sensor_buchas|acquisition_module:inst5|acquisition_serializer_v3:serializer|dffes:data_buffer[1][5]               ;
;             |dffes:data_buffer[1][6]                        ; 0.00 mW (0.00 mW)                    ; 0.00 mW (0.00 mW)               ; --                                ; 0.00 mW (0.00 mW)                 ; |sensor_buchas|acquisition_module:inst5|acquisition_serializer_v3:serializer|dffes:data_buffer[1][6]               ;
;             |dffes:data_buffer[1][7]                        ; 0.01 mW (0.01 mW)                    ; 0.00 mW (0.00 mW)               ; --                                ; 0.00 mW (0.00 mW)                 ; |sensor_buchas|acquisition_module:inst5|acquisition_serializer_v3:serializer|dffes:data_buffer[1][7]               ;
;             |dffes:data_buffer[1][8]                        ; 0.00 mW (0.00 mW)                    ; 0.00 mW (0.00 mW)               ; --                                ; 0.00 mW (0.00 mW)                 ; |sensor_buchas|acquisition_module:inst5|acquisition_serializer_v3:serializer|dffes:data_buffer[1][8]               ;
;             |dffes:data_buffer[1][9]                        ; 0.01 mW (0.01 mW)                    ; 0.00 mW (0.00 mW)               ; --                                ; 0.01 mW (0.01 mW)                 ; |sensor_buchas|acquisition_module:inst5|acquisition_serializer_v3:serializer|dffes:data_buffer[1][9]               ;
;             |dffes:data_buffer[1][10]                       ; 0.01 mW (0.01 mW)                    ; 0.00 mW (0.00 mW)               ; --                                ; 0.00 mW (0.00 mW)                 ; |sensor_buchas|acquisition_module:inst5|acquisition_serializer_v3:serializer|dffes:data_buffer[1][10]              ;
;             |dffes:data_buffer[1][11]                       ; 0.01 mW (0.01 mW)                    ; 0.00 mW (0.00 mW)               ; --                                ; 0.00 mW (0.00 mW)                 ; |sensor_buchas|acquisition_module:inst5|acquisition_serializer_v3:serializer|dffes:data_buffer[1][11]              ;
;             |dffes:data_buffer[1][12]                       ; 0.01 mW (0.01 mW)                    ; 0.00 mW (0.00 mW)               ; --                                ; 0.00 mW (0.00 mW)                 ; |sensor_buchas|acquisition_module:inst5|acquisition_serializer_v3:serializer|dffes:data_buffer[1][12]              ;
;             |dffes:data_buffer[1][13]                       ; 0.01 mW (0.01 mW)                    ; 0.00 mW (0.00 mW)               ; --                                ; 0.00 mW (0.00 mW)                 ; |sensor_buchas|acquisition_module:inst5|acquisition_serializer_v3:serializer|dffes:data_buffer[1][13]              ;
;             |dffes:data_buffer[1][14]                       ; 0.01 mW (0.01 mW)                    ; 0.00 mW (0.00 mW)               ; --                                ; 0.00 mW (0.00 mW)                 ; |sensor_buchas|acquisition_module:inst5|acquisition_serializer_v3:serializer|dffes:data_buffer[1][14]              ;
;             |dffes:data_buffer[1][15]                       ; 0.01 mW (0.01 mW)                    ; 0.00 mW (0.00 mW)               ; --                                ; 0.00 mW (0.00 mW)                 ; |sensor_buchas|acquisition_module:inst5|acquisition_serializer_v3:serializer|dffes:data_buffer[1][15]              ;
;             |dffes:data_buffer[2][0]                        ; 0.01 mW (0.01 mW)                    ; 0.00 mW (0.00 mW)               ; --                                ; 0.00 mW (0.00 mW)                 ; |sensor_buchas|acquisition_module:inst5|acquisition_serializer_v3:serializer|dffes:data_buffer[2][0]               ;
;             |dffes:data_buffer[2][1]                        ; 0.01 mW (0.01 mW)                    ; 0.00 mW (0.00 mW)               ; --                                ; 0.00 mW (0.00 mW)                 ; |sensor_buchas|acquisition_module:inst5|acquisition_serializer_v3:serializer|dffes:data_buffer[2][1]               ;
;             |dffes:data_buffer[2][2]                        ; 0.01 mW (0.01 mW)                    ; 0.00 mW (0.00 mW)               ; --                                ; 0.00 mW (0.00 mW)                 ; |sensor_buchas|acquisition_module:inst5|acquisition_serializer_v3:serializer|dffes:data_buffer[2][2]               ;
;             |dffes:data_buffer[2][3]                        ; 0.01 mW (0.01 mW)                    ; 0.00 mW (0.00 mW)               ; --                                ; 0.00 mW (0.00 mW)                 ; |sensor_buchas|acquisition_module:inst5|acquisition_serializer_v3:serializer|dffes:data_buffer[2][3]               ;
;             |dffes:data_buffer[2][4]                        ; 0.01 mW (0.01 mW)                    ; 0.00 mW (0.00 mW)               ; --                                ; 0.00 mW (0.00 mW)                 ; |sensor_buchas|acquisition_module:inst5|acquisition_serializer_v3:serializer|dffes:data_buffer[2][4]               ;
;             |dffes:data_buffer[2][5]                        ; 0.01 mW (0.01 mW)                    ; 0.00 mW (0.00 mW)               ; --                                ; 0.00 mW (0.00 mW)                 ; |sensor_buchas|acquisition_module:inst5|acquisition_serializer_v3:serializer|dffes:data_buffer[2][5]               ;
;             |dffes:data_buffer[2][6]                        ; 0.01 mW (0.01 mW)                    ; 0.00 mW (0.00 mW)               ; --                                ; 0.00 mW (0.00 mW)                 ; |sensor_buchas|acquisition_module:inst5|acquisition_serializer_v3:serializer|dffes:data_buffer[2][6]               ;
;             |dffes:data_buffer[2][7]                        ; 0.01 mW (0.01 mW)                    ; 0.00 mW (0.00 mW)               ; --                                ; 0.00 mW (0.00 mW)                 ; |sensor_buchas|acquisition_module:inst5|acquisition_serializer_v3:serializer|dffes:data_buffer[2][7]               ;
;             |dffes:data_buffer[2][8]                        ; 0.01 mW (0.01 mW)                    ; 0.00 mW (0.00 mW)               ; --                                ; 0.00 mW (0.00 mW)                 ; |sensor_buchas|acquisition_module:inst5|acquisition_serializer_v3:serializer|dffes:data_buffer[2][8]               ;
;             |dffes:data_buffer[2][9]                        ; 0.01 mW (0.01 mW)                    ; 0.00 mW (0.00 mW)               ; --                                ; 0.00 mW (0.00 mW)                 ; |sensor_buchas|acquisition_module:inst5|acquisition_serializer_v3:serializer|dffes:data_buffer[2][9]               ;
;             |dffes:data_buffer[2][10]                       ; 0.01 mW (0.01 mW)                    ; 0.00 mW (0.00 mW)               ; --                                ; 0.00 mW (0.00 mW)                 ; |sensor_buchas|acquisition_module:inst5|acquisition_serializer_v3:serializer|dffes:data_buffer[2][10]              ;
;             |dffes:data_buffer[2][11]                       ; 0.01 mW (0.01 mW)                    ; 0.00 mW (0.00 mW)               ; --                                ; 0.00 mW (0.00 mW)                 ; |sensor_buchas|acquisition_module:inst5|acquisition_serializer_v3:serializer|dffes:data_buffer[2][11]              ;
;             |dffes:data_buffer[2][12]                       ; 0.01 mW (0.01 mW)                    ; 0.00 mW (0.00 mW)               ; --                                ; 0.00 mW (0.00 mW)                 ; |sensor_buchas|acquisition_module:inst5|acquisition_serializer_v3:serializer|dffes:data_buffer[2][12]              ;
;             |dffes:data_buffer[2][13]                       ; 0.01 mW (0.01 mW)                    ; 0.00 mW (0.00 mW)               ; --                                ; 0.00 mW (0.00 mW)                 ; |sensor_buchas|acquisition_module:inst5|acquisition_serializer_v3:serializer|dffes:data_buffer[2][13]              ;
;             |dffes:data_buffer[2][14]                       ; 0.01 mW (0.01 mW)                    ; 0.00 mW (0.00 mW)               ; --                                ; 0.00 mW (0.00 mW)                 ; |sensor_buchas|acquisition_module:inst5|acquisition_serializer_v3:serializer|dffes:data_buffer[2][14]              ;
;             |dffes:data_buffer[2][15]                       ; 0.00 mW (0.00 mW)                    ; 0.00 mW (0.00 mW)               ; --                                ; 0.00 mW (0.00 mW)                 ; |sensor_buchas|acquisition_module:inst5|acquisition_serializer_v3:serializer|dffes:data_buffer[2][15]              ;
;             |dffes:data_buffer[3][0]                        ; 0.01 mW (0.01 mW)                    ; 0.00 mW (0.00 mW)               ; --                                ; 0.00 mW (0.00 mW)                 ; |sensor_buchas|acquisition_module:inst5|acquisition_serializer_v3:serializer|dffes:data_buffer[3][0]               ;
;             |dffes:data_buffer[3][1]                        ; 0.01 mW (0.01 mW)                    ; 0.00 mW (0.00 mW)               ; --                                ; 0.00 mW (0.00 mW)                 ; |sensor_buchas|acquisition_module:inst5|acquisition_serializer_v3:serializer|dffes:data_buffer[3][1]               ;
;             |dffes:data_buffer[3][2]                        ; 0.00 mW (0.00 mW)                    ; 0.00 mW (0.00 mW)               ; --                                ; 0.00 mW (0.00 mW)                 ; |sensor_buchas|acquisition_module:inst5|acquisition_serializer_v3:serializer|dffes:data_buffer[3][2]               ;
;             |dffes:data_buffer[3][3]                        ; 0.01 mW (0.01 mW)                    ; 0.00 mW (0.00 mW)               ; --                                ; 0.00 mW (0.00 mW)                 ; |sensor_buchas|acquisition_module:inst5|acquisition_serializer_v3:serializer|dffes:data_buffer[3][3]               ;
;             |dffes:data_buffer[3][4]                        ; 0.00 mW (0.00 mW)                    ; 0.00 mW (0.00 mW)               ; --                                ; 0.00 mW (0.00 mW)                 ; |sensor_buchas|acquisition_module:inst5|acquisition_serializer_v3:serializer|dffes:data_buffer[3][4]               ;
;             |dffes:data_buffer[3][5]                        ; 0.01 mW (0.01 mW)                    ; 0.00 mW (0.00 mW)               ; --                                ; 0.00 mW (0.00 mW)                 ; |sensor_buchas|acquisition_module:inst5|acquisition_serializer_v3:serializer|dffes:data_buffer[3][5]               ;
;             |dffes:data_buffer[3][6]                        ; 0.00 mW (0.00 mW)                    ; 0.00 mW (0.00 mW)               ; --                                ; 0.00 mW (0.00 mW)                 ; |sensor_buchas|acquisition_module:inst5|acquisition_serializer_v3:serializer|dffes:data_buffer[3][6]               ;
;             |dffes:data_buffer[3][7]                        ; 0.00 mW (0.00 mW)                    ; 0.00 mW (0.00 mW)               ; --                                ; 0.00 mW (0.00 mW)                 ; |sensor_buchas|acquisition_module:inst5|acquisition_serializer_v3:serializer|dffes:data_buffer[3][7]               ;
;             |dffes:data_buffer[3][8]                        ; 0.00 mW (0.00 mW)                    ; 0.00 mW (0.00 mW)               ; --                                ; 0.00 mW (0.00 mW)                 ; |sensor_buchas|acquisition_module:inst5|acquisition_serializer_v3:serializer|dffes:data_buffer[3][8]               ;
;             |dffes:data_buffer[3][9]                        ; 0.01 mW (0.01 mW)                    ; 0.00 mW (0.00 mW)               ; --                                ; 0.00 mW (0.00 mW)                 ; |sensor_buchas|acquisition_module:inst5|acquisition_serializer_v3:serializer|dffes:data_buffer[3][9]               ;
;             |dffes:data_buffer[3][10]                       ; 0.00 mW (0.00 mW)                    ; 0.00 mW (0.00 mW)               ; --                                ; 0.00 mW (0.00 mW)                 ; |sensor_buchas|acquisition_module:inst5|acquisition_serializer_v3:serializer|dffes:data_buffer[3][10]              ;
;             |dffes:data_buffer[3][11]                       ; 0.00 mW (0.00 mW)                    ; 0.00 mW (0.00 mW)               ; --                                ; 0.00 mW (0.00 mW)                 ; |sensor_buchas|acquisition_module:inst5|acquisition_serializer_v3:serializer|dffes:data_buffer[3][11]              ;
;             |dffes:data_buffer[3][12]                       ; 0.00 mW (0.00 mW)                    ; 0.00 mW (0.00 mW)               ; --                                ; 0.00 mW (0.00 mW)                 ; |sensor_buchas|acquisition_module:inst5|acquisition_serializer_v3:serializer|dffes:data_buffer[3][12]              ;
;             |dffes:data_buffer[3][13]                       ; 0.01 mW (0.01 mW)                    ; 0.00 mW (0.00 mW)               ; --                                ; 0.00 mW (0.00 mW)                 ; |sensor_buchas|acquisition_module:inst5|acquisition_serializer_v3:serializer|dffes:data_buffer[3][13]              ;
;             |dffes:data_buffer[3][14]                       ; 0.01 mW (0.01 mW)                    ; 0.00 mW (0.00 mW)               ; --                                ; 0.00 mW (0.00 mW)                 ; |sensor_buchas|acquisition_module:inst5|acquisition_serializer_v3:serializer|dffes:data_buffer[3][14]              ;
;             |dffes:data_buffer[3][15]                       ; 0.00 mW (0.00 mW)                    ; 0.00 mW (0.00 mW)               ; --                                ; 0.00 mW (0.00 mW)                 ; |sensor_buchas|acquisition_module:inst5|acquisition_serializer_v3:serializer|dffes:data_buffer[3][15]              ;
;             |dffes:data_buffer[4][0]                        ; 0.00 mW (0.00 mW)                    ; 0.00 mW (0.00 mW)               ; --                                ; 0.00 mW (0.00 mW)                 ; |sensor_buchas|acquisition_module:inst5|acquisition_serializer_v3:serializer|dffes:data_buffer[4][0]               ;
;             |dffes:data_buffer[4][1]                        ; 0.01 mW (0.01 mW)                    ; 0.00 mW (0.00 mW)               ; --                                ; 0.00 mW (0.00 mW)                 ; |sensor_buchas|acquisition_module:inst5|acquisition_serializer_v3:serializer|dffes:data_buffer[4][1]               ;
;             |dffes:data_buffer[4][2]                        ; 0.00 mW (0.00 mW)                    ; 0.00 mW (0.00 mW)               ; --                                ; 0.00 mW (0.00 mW)                 ; |sensor_buchas|acquisition_module:inst5|acquisition_serializer_v3:serializer|dffes:data_buffer[4][2]               ;
;             |dffes:data_buffer[4][3]                        ; 0.01 mW (0.01 mW)                    ; 0.00 mW (0.00 mW)               ; --                                ; 0.00 mW (0.00 mW)                 ; |sensor_buchas|acquisition_module:inst5|acquisition_serializer_v3:serializer|dffes:data_buffer[4][3]               ;
;             |dffes:data_buffer[4][4]                        ; 0.00 mW (0.00 mW)                    ; 0.00 mW (0.00 mW)               ; --                                ; 0.00 mW (0.00 mW)                 ; |sensor_buchas|acquisition_module:inst5|acquisition_serializer_v3:serializer|dffes:data_buffer[4][4]               ;
;             |dffes:data_buffer[4][5]                        ; 0.00 mW (0.00 mW)                    ; 0.00 mW (0.00 mW)               ; --                                ; 0.00 mW (0.00 mW)                 ; |sensor_buchas|acquisition_module:inst5|acquisition_serializer_v3:serializer|dffes:data_buffer[4][5]               ;
;             |dffes:data_buffer[4][6]                        ; 0.01 mW (0.01 mW)                    ; 0.00 mW (0.00 mW)               ; --                                ; 0.00 mW (0.00 mW)                 ; |sensor_buchas|acquisition_module:inst5|acquisition_serializer_v3:serializer|dffes:data_buffer[4][6]               ;
;             |dffes:data_buffer[4][7]                        ; 0.01 mW (0.01 mW)                    ; 0.01 mW (0.01 mW)               ; --                                ; 0.00 mW (0.00 mW)                 ; |sensor_buchas|acquisition_module:inst5|acquisition_serializer_v3:serializer|dffes:data_buffer[4][7]               ;
;             |dffes:data_buffer[4][8]                        ; 0.01 mW (0.01 mW)                    ; 0.01 mW (0.01 mW)               ; --                                ; 0.00 mW (0.00 mW)                 ; |sensor_buchas|acquisition_module:inst5|acquisition_serializer_v3:serializer|dffes:data_buffer[4][8]               ;
;             |dffes:data_buffer[4][9]                        ; 0.01 mW (0.01 mW)                    ; 0.01 mW (0.01 mW)               ; --                                ; 0.00 mW (0.00 mW)                 ; |sensor_buchas|acquisition_module:inst5|acquisition_serializer_v3:serializer|dffes:data_buffer[4][9]               ;
;             |dffes:data_buffer[4][10]                       ; 0.01 mW (0.01 mW)                    ; 0.00 mW (0.00 mW)               ; --                                ; 0.00 mW (0.00 mW)                 ; |sensor_buchas|acquisition_module:inst5|acquisition_serializer_v3:serializer|dffes:data_buffer[4][10]              ;
;             |dffes:data_buffer[4][11]                       ; 0.01 mW (0.01 mW)                    ; 0.00 mW (0.00 mW)               ; --                                ; 0.00 mW (0.00 mW)                 ; |sensor_buchas|acquisition_module:inst5|acquisition_serializer_v3:serializer|dffes:data_buffer[4][11]              ;
;             |dffes:data_buffer[4][12]                       ; 0.01 mW (0.01 mW)                    ; 0.00 mW (0.00 mW)               ; --                                ; 0.00 mW (0.00 mW)                 ; |sensor_buchas|acquisition_module:inst5|acquisition_serializer_v3:serializer|dffes:data_buffer[4][12]              ;
;             |dffes:data_buffer[4][13]                       ; 0.01 mW (0.01 mW)                    ; 0.00 mW (0.00 mW)               ; --                                ; 0.00 mW (0.00 mW)                 ; |sensor_buchas|acquisition_module:inst5|acquisition_serializer_v3:serializer|dffes:data_buffer[4][13]              ;
;             |dffes:data_buffer[4][14]                       ; 0.01 mW (0.01 mW)                    ; 0.00 mW (0.00 mW)               ; --                                ; 0.00 mW (0.00 mW)                 ; |sensor_buchas|acquisition_module:inst5|acquisition_serializer_v3:serializer|dffes:data_buffer[4][14]              ;
;             |dffes:data_buffer[4][15]                       ; 0.00 mW (0.00 mW)                    ; 0.00 mW (0.00 mW)               ; --                                ; 0.00 mW (0.00 mW)                 ; |sensor_buchas|acquisition_module:inst5|acquisition_serializer_v3:serializer|dffes:data_buffer[4][15]              ;
;             |dffes:data_buffer[5][0]                        ; 0.00 mW (0.00 mW)                    ; 0.00 mW (0.00 mW)               ; --                                ; 0.00 mW (0.00 mW)                 ; |sensor_buchas|acquisition_module:inst5|acquisition_serializer_v3:serializer|dffes:data_buffer[5][0]               ;
;             |dffes:data_buffer[5][1]                        ; 0.01 mW (0.01 mW)                    ; 0.00 mW (0.00 mW)               ; --                                ; 0.00 mW (0.00 mW)                 ; |sensor_buchas|acquisition_module:inst5|acquisition_serializer_v3:serializer|dffes:data_buffer[5][1]               ;
;             |dffes:data_buffer[5][2]                        ; 0.00 mW (0.00 mW)                    ; 0.00 mW (0.00 mW)               ; --                                ; 0.00 mW (0.00 mW)                 ; |sensor_buchas|acquisition_module:inst5|acquisition_serializer_v3:serializer|dffes:data_buffer[5][2]               ;
;             |dffes:data_buffer[5][3]                        ; 0.01 mW (0.01 mW)                    ; 0.00 mW (0.00 mW)               ; --                                ; 0.00 mW (0.00 mW)                 ; |sensor_buchas|acquisition_module:inst5|acquisition_serializer_v3:serializer|dffes:data_buffer[5][3]               ;
;             |dffes:data_buffer[5][4]                        ; 0.00 mW (0.00 mW)                    ; 0.00 mW (0.00 mW)               ; --                                ; 0.00 mW (0.00 mW)                 ; |sensor_buchas|acquisition_module:inst5|acquisition_serializer_v3:serializer|dffes:data_buffer[5][4]               ;
;             |dffes:data_buffer[5][5]                        ; 0.00 mW (0.00 mW)                    ; 0.00 mW (0.00 mW)               ; --                                ; 0.00 mW (0.00 mW)                 ; |sensor_buchas|acquisition_module:inst5|acquisition_serializer_v3:serializer|dffes:data_buffer[5][5]               ;
;             |dffes:data_buffer[5][6]                        ; 0.01 mW (0.01 mW)                    ; 0.00 mW (0.00 mW)               ; --                                ; 0.01 mW (0.01 mW)                 ; |sensor_buchas|acquisition_module:inst5|acquisition_serializer_v3:serializer|dffes:data_buffer[5][6]               ;
;             |dffes:data_buffer[5][7]                        ; 0.00 mW (0.00 mW)                    ; 0.00 mW (0.00 mW)               ; --                                ; 0.00 mW (0.00 mW)                 ; |sensor_buchas|acquisition_module:inst5|acquisition_serializer_v3:serializer|dffes:data_buffer[5][7]               ;
;             |dffes:data_buffer[5][8]                        ; 0.01 mW (0.01 mW)                    ; 0.00 mW (0.00 mW)               ; --                                ; 0.00 mW (0.00 mW)                 ; |sensor_buchas|acquisition_module:inst5|acquisition_serializer_v3:serializer|dffes:data_buffer[5][8]               ;
;             |dffes:data_buffer[5][9]                        ; 0.00 mW (0.00 mW)                    ; 0.00 mW (0.00 mW)               ; --                                ; 0.00 mW (0.00 mW)                 ; |sensor_buchas|acquisition_module:inst5|acquisition_serializer_v3:serializer|dffes:data_buffer[5][9]               ;
;             |dffes:data_buffer[5][10]                       ; 0.01 mW (0.01 mW)                    ; 0.00 mW (0.00 mW)               ; --                                ; 0.00 mW (0.00 mW)                 ; |sensor_buchas|acquisition_module:inst5|acquisition_serializer_v3:serializer|dffes:data_buffer[5][10]              ;
;             |dffes:data_buffer[5][11]                       ; 0.00 mW (0.00 mW)                    ; 0.00 mW (0.00 mW)               ; --                                ; 0.00 mW (0.00 mW)                 ; |sensor_buchas|acquisition_module:inst5|acquisition_serializer_v3:serializer|dffes:data_buffer[5][11]              ;
;             |dffes:data_buffer[5][12]                       ; 0.00 mW (0.00 mW)                    ; 0.00 mW (0.00 mW)               ; --                                ; 0.00 mW (0.00 mW)                 ; |sensor_buchas|acquisition_module:inst5|acquisition_serializer_v3:serializer|dffes:data_buffer[5][12]              ;
;             |dffes:data_buffer[5][13]                       ; 0.00 mW (0.00 mW)                    ; 0.00 mW (0.00 mW)               ; --                                ; 0.00 mW (0.00 mW)                 ; |sensor_buchas|acquisition_module:inst5|acquisition_serializer_v3:serializer|dffes:data_buffer[5][13]              ;
;             |dffes:data_buffer[5][14]                       ; 0.00 mW (0.00 mW)                    ; 0.00 mW (0.00 mW)               ; --                                ; 0.00 mW (0.00 mW)                 ; |sensor_buchas|acquisition_module:inst5|acquisition_serializer_v3:serializer|dffes:data_buffer[5][14]              ;
;             |dffes:data_buffer[5][15]                       ; 0.01 mW (0.01 mW)                    ; 0.00 mW (0.00 mW)               ; --                                ; 0.00 mW (0.00 mW)                 ; |sensor_buchas|acquisition_module:inst5|acquisition_serializer_v3:serializer|dffes:data_buffer[5][15]              ;
;             |dffes:data_output_buffer[0][0]                 ; 0.00 mW (0.00 mW)                    ; 0.00 mW (0.00 mW)               ; --                                ; 0.00 mW (0.00 mW)                 ; |sensor_buchas|acquisition_module:inst5|acquisition_serializer_v3:serializer|dffes:data_output_buffer[0][0]        ;
;             |dffes:data_output_buffer[0][1]                 ; 0.00 mW (0.00 mW)                    ; 0.00 mW (0.00 mW)               ; --                                ; 0.00 mW (0.00 mW)                 ; |sensor_buchas|acquisition_module:inst5|acquisition_serializer_v3:serializer|dffes:data_output_buffer[0][1]        ;
;             |dffes:data_output_buffer[0][2]                 ; 0.00 mW (0.00 mW)                    ; 0.00 mW (0.00 mW)               ; --                                ; 0.00 mW (0.00 mW)                 ; |sensor_buchas|acquisition_module:inst5|acquisition_serializer_v3:serializer|dffes:data_output_buffer[0][2]        ;
;             |dffes:data_output_buffer[0][3]                 ; 0.00 mW (0.00 mW)                    ; 0.00 mW (0.00 mW)               ; --                                ; 0.00 mW (0.00 mW)                 ; |sensor_buchas|acquisition_module:inst5|acquisition_serializer_v3:serializer|dffes:data_output_buffer[0][3]        ;
;             |dffes:data_output_buffer[0][4]                 ; 0.00 mW (0.00 mW)                    ; 0.00 mW (0.00 mW)               ; --                                ; 0.00 mW (0.00 mW)                 ; |sensor_buchas|acquisition_module:inst5|acquisition_serializer_v3:serializer|dffes:data_output_buffer[0][4]        ;
;             |dffes:data_output_buffer[0][5]                 ; 0.00 mW (0.00 mW)                    ; 0.00 mW (0.00 mW)               ; --                                ; 0.00 mW (0.00 mW)                 ; |sensor_buchas|acquisition_module:inst5|acquisition_serializer_v3:serializer|dffes:data_output_buffer[0][5]        ;
;             |dffes:data_output_buffer[0][6]                 ; 0.00 mW (0.00 mW)                    ; 0.00 mW (0.00 mW)               ; --                                ; 0.00 mW (0.00 mW)                 ; |sensor_buchas|acquisition_module:inst5|acquisition_serializer_v3:serializer|dffes:data_output_buffer[0][6]        ;
;             |dffes:data_output_buffer[0][7]                 ; 0.00 mW (0.00 mW)                    ; 0.00 mW (0.00 mW)               ; --                                ; 0.00 mW (0.00 mW)                 ; |sensor_buchas|acquisition_module:inst5|acquisition_serializer_v3:serializer|dffes:data_output_buffer[0][7]        ;
;             |dffes:data_output_buffer[0][8]                 ; 0.00 mW (0.00 mW)                    ; 0.00 mW (0.00 mW)               ; --                                ; 0.00 mW (0.00 mW)                 ; |sensor_buchas|acquisition_module:inst5|acquisition_serializer_v3:serializer|dffes:data_output_buffer[0][8]        ;
;             |dffes:data_output_buffer[0][9]                 ; 0.00 mW (0.00 mW)                    ; 0.00 mW (0.00 mW)               ; --                                ; 0.00 mW (0.00 mW)                 ; |sensor_buchas|acquisition_module:inst5|acquisition_serializer_v3:serializer|dffes:data_output_buffer[0][9]        ;
;             |dffes:data_output_buffer[0][10]                ; 0.00 mW (0.00 mW)                    ; 0.00 mW (0.00 mW)               ; --                                ; 0.00 mW (0.00 mW)                 ; |sensor_buchas|acquisition_module:inst5|acquisition_serializer_v3:serializer|dffes:data_output_buffer[0][10]       ;
;             |dffes:data_output_buffer[0][11]                ; 0.00 mW (0.00 mW)                    ; 0.00 mW (0.00 mW)               ; --                                ; 0.00 mW (0.00 mW)                 ; |sensor_buchas|acquisition_module:inst5|acquisition_serializer_v3:serializer|dffes:data_output_buffer[0][11]       ;
;             |dffes:data_output_buffer[0][12]                ; 0.00 mW (0.00 mW)                    ; 0.00 mW (0.00 mW)               ; --                                ; 0.00 mW (0.00 mW)                 ; |sensor_buchas|acquisition_module:inst5|acquisition_serializer_v3:serializer|dffes:data_output_buffer[0][12]       ;
;             |dffes:data_output_buffer[0][13]                ; 0.00 mW (0.00 mW)                    ; 0.00 mW (0.00 mW)               ; --                                ; 0.00 mW (0.00 mW)                 ; |sensor_buchas|acquisition_module:inst5|acquisition_serializer_v3:serializer|dffes:data_output_buffer[0][13]       ;
;             |dffes:data_output_buffer[0][14]                ; 0.00 mW (0.00 mW)                    ; 0.00 mW (0.00 mW)               ; --                                ; 0.00 mW (0.00 mW)                 ; |sensor_buchas|acquisition_module:inst5|acquisition_serializer_v3:serializer|dffes:data_output_buffer[0][14]       ;
;             |dffes:data_output_buffer[0][15]                ; 0.00 mW (0.00 mW)                    ; 0.00 mW (0.00 mW)               ; --                                ; 0.00 mW (0.00 mW)                 ; |sensor_buchas|acquisition_module:inst5|acquisition_serializer_v3:serializer|dffes:data_output_buffer[0][15]       ;
;             |dffes:data_output_buffer[1][0]                 ; 0.00 mW (0.00 mW)                    ; 0.00 mW (0.00 mW)               ; --                                ; 0.00 mW (0.00 mW)                 ; |sensor_buchas|acquisition_module:inst5|acquisition_serializer_v3:serializer|dffes:data_output_buffer[1][0]        ;
;             |dffes:data_output_buffer[1][1]                 ; 0.00 mW (0.00 mW)                    ; 0.00 mW (0.00 mW)               ; --                                ; 0.00 mW (0.00 mW)                 ; |sensor_buchas|acquisition_module:inst5|acquisition_serializer_v3:serializer|dffes:data_output_buffer[1][1]        ;
;             |dffes:data_output_buffer[1][2]                 ; 0.00 mW (0.00 mW)                    ; 0.00 mW (0.00 mW)               ; --                                ; 0.00 mW (0.00 mW)                 ; |sensor_buchas|acquisition_module:inst5|acquisition_serializer_v3:serializer|dffes:data_output_buffer[1][2]        ;
;             |dffes:data_output_buffer[1][3]                 ; 0.01 mW (0.01 mW)                    ; 0.00 mW (0.00 mW)               ; --                                ; 0.00 mW (0.00 mW)                 ; |sensor_buchas|acquisition_module:inst5|acquisition_serializer_v3:serializer|dffes:data_output_buffer[1][3]        ;
;             |dffes:data_output_buffer[1][4]                 ; 0.00 mW (0.00 mW)                    ; 0.00 mW (0.00 mW)               ; --                                ; 0.00 mW (0.00 mW)                 ; |sensor_buchas|acquisition_module:inst5|acquisition_serializer_v3:serializer|dffes:data_output_buffer[1][4]        ;
;             |dffes:data_output_buffer[1][5]                 ; 0.00 mW (0.00 mW)                    ; 0.00 mW (0.00 mW)               ; --                                ; 0.00 mW (0.00 mW)                 ; |sensor_buchas|acquisition_module:inst5|acquisition_serializer_v3:serializer|dffes:data_output_buffer[1][5]        ;
;             |dffes:data_output_buffer[1][6]                 ; 0.00 mW (0.00 mW)                    ; 0.00 mW (0.00 mW)               ; --                                ; 0.00 mW (0.00 mW)                 ; |sensor_buchas|acquisition_module:inst5|acquisition_serializer_v3:serializer|dffes:data_output_buffer[1][6]        ;
;             |dffes:data_output_buffer[1][7]                 ; 0.00 mW (0.00 mW)                    ; 0.00 mW (0.00 mW)               ; --                                ; 0.00 mW (0.00 mW)                 ; |sensor_buchas|acquisition_module:inst5|acquisition_serializer_v3:serializer|dffes:data_output_buffer[1][7]        ;
;             |dffes:data_output_buffer[1][8]                 ; 0.00 mW (0.00 mW)                    ; 0.00 mW (0.00 mW)               ; --                                ; 0.00 mW (0.00 mW)                 ; |sensor_buchas|acquisition_module:inst5|acquisition_serializer_v3:serializer|dffes:data_output_buffer[1][8]        ;
;             |dffes:data_output_buffer[1][9]                 ; 0.00 mW (0.00 mW)                    ; 0.00 mW (0.00 mW)               ; --                                ; 0.00 mW (0.00 mW)                 ; |sensor_buchas|acquisition_module:inst5|acquisition_serializer_v3:serializer|dffes:data_output_buffer[1][9]        ;
;             |dffes:data_output_buffer[1][10]                ; 0.01 mW (0.01 mW)                    ; 0.00 mW (0.00 mW)               ; --                                ; 0.00 mW (0.00 mW)                 ; |sensor_buchas|acquisition_module:inst5|acquisition_serializer_v3:serializer|dffes:data_output_buffer[1][10]       ;
;             |dffes:data_output_buffer[1][11]                ; 0.00 mW (0.00 mW)                    ; 0.00 mW (0.00 mW)               ; --                                ; 0.00 mW (0.00 mW)                 ; |sensor_buchas|acquisition_module:inst5|acquisition_serializer_v3:serializer|dffes:data_output_buffer[1][11]       ;
;             |dffes:data_output_buffer[1][12]                ; 0.01 mW (0.01 mW)                    ; 0.00 mW (0.00 mW)               ; --                                ; 0.00 mW (0.00 mW)                 ; |sensor_buchas|acquisition_module:inst5|acquisition_serializer_v3:serializer|dffes:data_output_buffer[1][12]       ;
;             |dffes:data_output_buffer[1][13]                ; 0.00 mW (0.00 mW)                    ; 0.00 mW (0.00 mW)               ; --                                ; 0.00 mW (0.00 mW)                 ; |sensor_buchas|acquisition_module:inst5|acquisition_serializer_v3:serializer|dffes:data_output_buffer[1][13]       ;
;             |dffes:data_output_buffer[1][14]                ; 0.01 mW (0.01 mW)                    ; 0.00 mW (0.00 mW)               ; --                                ; 0.00 mW (0.00 mW)                 ; |sensor_buchas|acquisition_module:inst5|acquisition_serializer_v3:serializer|dffes:data_output_buffer[1][14]       ;
;             |dffes:data_output_buffer[1][15]                ; 0.00 mW (0.00 mW)                    ; 0.00 mW (0.00 mW)               ; --                                ; 0.00 mW (0.00 mW)                 ; |sensor_buchas|acquisition_module:inst5|acquisition_serializer_v3:serializer|dffes:data_output_buffer[1][15]       ;
;             |dffes:data_output_buffer[2][0]                 ; 0.00 mW (0.00 mW)                    ; 0.00 mW (0.00 mW)               ; --                                ; 0.00 mW (0.00 mW)                 ; |sensor_buchas|acquisition_module:inst5|acquisition_serializer_v3:serializer|dffes:data_output_buffer[2][0]        ;
;             |dffes:data_output_buffer[2][1]                 ; 0.00 mW (0.00 mW)                    ; 0.00 mW (0.00 mW)               ; --                                ; 0.00 mW (0.00 mW)                 ; |sensor_buchas|acquisition_module:inst5|acquisition_serializer_v3:serializer|dffes:data_output_buffer[2][1]        ;
;             |dffes:data_output_buffer[2][2]                 ; 0.00 mW (0.00 mW)                    ; 0.00 mW (0.00 mW)               ; --                                ; 0.00 mW (0.00 mW)                 ; |sensor_buchas|acquisition_module:inst5|acquisition_serializer_v3:serializer|dffes:data_output_buffer[2][2]        ;
;             |dffes:data_output_buffer[2][3]                 ; 0.00 mW (0.00 mW)                    ; 0.00 mW (0.00 mW)               ; --                                ; 0.00 mW (0.00 mW)                 ; |sensor_buchas|acquisition_module:inst5|acquisition_serializer_v3:serializer|dffes:data_output_buffer[2][3]        ;
;             |dffes:data_output_buffer[2][4]                 ; 0.00 mW (0.00 mW)                    ; 0.00 mW (0.00 mW)               ; --                                ; 0.00 mW (0.00 mW)                 ; |sensor_buchas|acquisition_module:inst5|acquisition_serializer_v3:serializer|dffes:data_output_buffer[2][4]        ;
;             |dffes:data_output_buffer[2][5]                 ; 0.00 mW (0.00 mW)                    ; 0.00 mW (0.00 mW)               ; --                                ; 0.00 mW (0.00 mW)                 ; |sensor_buchas|acquisition_module:inst5|acquisition_serializer_v3:serializer|dffes:data_output_buffer[2][5]        ;
;             |dffes:data_output_buffer[2][6]                 ; 0.00 mW (0.00 mW)                    ; 0.00 mW (0.00 mW)               ; --                                ; 0.00 mW (0.00 mW)                 ; |sensor_buchas|acquisition_module:inst5|acquisition_serializer_v3:serializer|dffes:data_output_buffer[2][6]        ;
;             |dffes:data_output_buffer[2][7]                 ; 0.00 mW (0.00 mW)                    ; 0.00 mW (0.00 mW)               ; --                                ; 0.00 mW (0.00 mW)                 ; |sensor_buchas|acquisition_module:inst5|acquisition_serializer_v3:serializer|dffes:data_output_buffer[2][7]        ;
;             |dffes:data_output_buffer[2][8]                 ; 0.00 mW (0.00 mW)                    ; 0.00 mW (0.00 mW)               ; --                                ; 0.00 mW (0.00 mW)                 ; |sensor_buchas|acquisition_module:inst5|acquisition_serializer_v3:serializer|dffes:data_output_buffer[2][8]        ;
;             |dffes:data_output_buffer[2][9]                 ; 0.00 mW (0.00 mW)                    ; 0.00 mW (0.00 mW)               ; --                                ; 0.00 mW (0.00 mW)                 ; |sensor_buchas|acquisition_module:inst5|acquisition_serializer_v3:serializer|dffes:data_output_buffer[2][9]        ;
;             |dffes:data_output_buffer[2][10]                ; 0.00 mW (0.00 mW)                    ; 0.00 mW (0.00 mW)               ; --                                ; 0.00 mW (0.00 mW)                 ; |sensor_buchas|acquisition_module:inst5|acquisition_serializer_v3:serializer|dffes:data_output_buffer[2][10]       ;
;             |dffes:data_output_buffer[2][11]                ; 0.00 mW (0.00 mW)                    ; 0.00 mW (0.00 mW)               ; --                                ; 0.00 mW (0.00 mW)                 ; |sensor_buchas|acquisition_module:inst5|acquisition_serializer_v3:serializer|dffes:data_output_buffer[2][11]       ;
;             |dffes:data_output_buffer[2][12]                ; 0.00 mW (0.00 mW)                    ; 0.00 mW (0.00 mW)               ; --                                ; 0.00 mW (0.00 mW)                 ; |sensor_buchas|acquisition_module:inst5|acquisition_serializer_v3:serializer|dffes:data_output_buffer[2][12]       ;
;             |dffes:data_output_buffer[2][13]                ; 0.00 mW (0.00 mW)                    ; 0.00 mW (0.00 mW)               ; --                                ; 0.00 mW (0.00 mW)                 ; |sensor_buchas|acquisition_module:inst5|acquisition_serializer_v3:serializer|dffes:data_output_buffer[2][13]       ;
;             |dffes:data_output_buffer[2][14]                ; 0.00 mW (0.00 mW)                    ; 0.00 mW (0.00 mW)               ; --                                ; 0.00 mW (0.00 mW)                 ; |sensor_buchas|acquisition_module:inst5|acquisition_serializer_v3:serializer|dffes:data_output_buffer[2][14]       ;
;             |dffes:data_output_buffer[2][15]                ; 0.00 mW (0.00 mW)                    ; 0.00 mW (0.00 mW)               ; --                                ; 0.00 mW (0.00 mW)                 ; |sensor_buchas|acquisition_module:inst5|acquisition_serializer_v3:serializer|dffes:data_output_buffer[2][15]       ;
;             |dffes:data_output_buffer[3][0]                 ; 0.00 mW (0.00 mW)                    ; 0.00 mW (0.00 mW)               ; --                                ; 0.00 mW (0.00 mW)                 ; |sensor_buchas|acquisition_module:inst5|acquisition_serializer_v3:serializer|dffes:data_output_buffer[3][0]        ;
;             |dffes:data_output_buffer[3][1]                 ; 0.00 mW (0.00 mW)                    ; 0.00 mW (0.00 mW)               ; --                                ; 0.00 mW (0.00 mW)                 ; |sensor_buchas|acquisition_module:inst5|acquisition_serializer_v3:serializer|dffes:data_output_buffer[3][1]        ;
;             |dffes:data_output_buffer[3][2]                 ; 0.00 mW (0.00 mW)                    ; 0.00 mW (0.00 mW)               ; --                                ; 0.00 mW (0.00 mW)                 ; |sensor_buchas|acquisition_module:inst5|acquisition_serializer_v3:serializer|dffes:data_output_buffer[3][2]        ;
;             |dffes:data_output_buffer[3][3]                 ; 0.00 mW (0.00 mW)                    ; 0.00 mW (0.00 mW)               ; --                                ; 0.00 mW (0.00 mW)                 ; |sensor_buchas|acquisition_module:inst5|acquisition_serializer_v3:serializer|dffes:data_output_buffer[3][3]        ;
;             |dffes:data_output_buffer[3][4]                 ; 0.00 mW (0.00 mW)                    ; 0.00 mW (0.00 mW)               ; --                                ; 0.00 mW (0.00 mW)                 ; |sensor_buchas|acquisition_module:inst5|acquisition_serializer_v3:serializer|dffes:data_output_buffer[3][4]        ;
;             |dffes:data_output_buffer[3][5]                 ; 0.01 mW (0.01 mW)                    ; 0.00 mW (0.00 mW)               ; --                                ; 0.00 mW (0.00 mW)                 ; |sensor_buchas|acquisition_module:inst5|acquisition_serializer_v3:serializer|dffes:data_output_buffer[3][5]        ;
;             |dffes:data_output_buffer[3][6]                 ; 0.00 mW (0.00 mW)                    ; 0.00 mW (0.00 mW)               ; --                                ; 0.00 mW (0.00 mW)                 ; |sensor_buchas|acquisition_module:inst5|acquisition_serializer_v3:serializer|dffes:data_output_buffer[3][6]        ;
;             |dffes:data_output_buffer[3][7]                 ; 0.00 mW (0.00 mW)                    ; 0.00 mW (0.00 mW)               ; --                                ; 0.00 mW (0.00 mW)                 ; |sensor_buchas|acquisition_module:inst5|acquisition_serializer_v3:serializer|dffes:data_output_buffer[3][7]        ;
;             |dffes:data_output_buffer[3][8]                 ; 0.00 mW (0.00 mW)                    ; 0.00 mW (0.00 mW)               ; --                                ; 0.00 mW (0.00 mW)                 ; |sensor_buchas|acquisition_module:inst5|acquisition_serializer_v3:serializer|dffes:data_output_buffer[3][8]        ;
;             |dffes:data_output_buffer[3][9]                 ; 0.00 mW (0.00 mW)                    ; 0.00 mW (0.00 mW)               ; --                                ; 0.00 mW (0.00 mW)                 ; |sensor_buchas|acquisition_module:inst5|acquisition_serializer_v3:serializer|dffes:data_output_buffer[3][9]        ;
;             |dffes:data_output_buffer[3][10]                ; 0.00 mW (0.00 mW)                    ; 0.00 mW (0.00 mW)               ; --                                ; 0.00 mW (0.00 mW)                 ; |sensor_buchas|acquisition_module:inst5|acquisition_serializer_v3:serializer|dffes:data_output_buffer[3][10]       ;
;             |dffes:data_output_buffer[3][11]                ; 0.00 mW (0.00 mW)                    ; 0.00 mW (0.00 mW)               ; --                                ; 0.00 mW (0.00 mW)                 ; |sensor_buchas|acquisition_module:inst5|acquisition_serializer_v3:serializer|dffes:data_output_buffer[3][11]       ;
;             |dffes:data_output_buffer[3][12]                ; 0.00 mW (0.00 mW)                    ; 0.00 mW (0.00 mW)               ; --                                ; 0.00 mW (0.00 mW)                 ; |sensor_buchas|acquisition_module:inst5|acquisition_serializer_v3:serializer|dffes:data_output_buffer[3][12]       ;
;             |dffes:data_output_buffer[3][13]                ; 0.00 mW (0.00 mW)                    ; 0.00 mW (0.00 mW)               ; --                                ; 0.00 mW (0.00 mW)                 ; |sensor_buchas|acquisition_module:inst5|acquisition_serializer_v3:serializer|dffes:data_output_buffer[3][13]       ;
;             |dffes:data_output_buffer[3][14]                ; 0.00 mW (0.00 mW)                    ; 0.00 mW (0.00 mW)               ; --                                ; 0.00 mW (0.00 mW)                 ; |sensor_buchas|acquisition_module:inst5|acquisition_serializer_v3:serializer|dffes:data_output_buffer[3][14]       ;
;             |dffes:data_output_buffer[3][15]                ; 0.00 mW (0.00 mW)                    ; 0.00 mW (0.00 mW)               ; --                                ; 0.00 mW (0.00 mW)                 ; |sensor_buchas|acquisition_module:inst5|acquisition_serializer_v3:serializer|dffes:data_output_buffer[3][15]       ;
;             |dffes:data_output_buffer[4][0]                 ; 0.00 mW (0.00 mW)                    ; 0.00 mW (0.00 mW)               ; --                                ; 0.00 mW (0.00 mW)                 ; |sensor_buchas|acquisition_module:inst5|acquisition_serializer_v3:serializer|dffes:data_output_buffer[4][0]        ;
;             |dffes:data_output_buffer[4][1]                 ; 0.00 mW (0.00 mW)                    ; 0.00 mW (0.00 mW)               ; --                                ; 0.00 mW (0.00 mW)                 ; |sensor_buchas|acquisition_module:inst5|acquisition_serializer_v3:serializer|dffes:data_output_buffer[4][1]        ;
;             |dffes:data_output_buffer[4][2]                 ; 0.00 mW (0.00 mW)                    ; 0.00 mW (0.00 mW)               ; --                                ; 0.00 mW (0.00 mW)                 ; |sensor_buchas|acquisition_module:inst5|acquisition_serializer_v3:serializer|dffes:data_output_buffer[4][2]        ;
;             |dffes:data_output_buffer[4][3]                 ; 0.00 mW (0.00 mW)                    ; 0.00 mW (0.00 mW)               ; --                                ; 0.00 mW (0.00 mW)                 ; |sensor_buchas|acquisition_module:inst5|acquisition_serializer_v3:serializer|dffes:data_output_buffer[4][3]        ;
;             |dffes:data_output_buffer[4][4]                 ; 0.00 mW (0.00 mW)                    ; 0.00 mW (0.00 mW)               ; --                                ; 0.00 mW (0.00 mW)                 ; |sensor_buchas|acquisition_module:inst5|acquisition_serializer_v3:serializer|dffes:data_output_buffer[4][4]        ;
;             |dffes:data_output_buffer[4][5]                 ; 0.00 mW (0.00 mW)                    ; 0.00 mW (0.00 mW)               ; --                                ; 0.00 mW (0.00 mW)                 ; |sensor_buchas|acquisition_module:inst5|acquisition_serializer_v3:serializer|dffes:data_output_buffer[4][5]        ;
;             |dffes:data_output_buffer[4][6]                 ; 0.00 mW (0.00 mW)                    ; 0.00 mW (0.00 mW)               ; --                                ; 0.00 mW (0.00 mW)                 ; |sensor_buchas|acquisition_module:inst5|acquisition_serializer_v3:serializer|dffes:data_output_buffer[4][6]        ;
;             |dffes:data_output_buffer[4][7]                 ; 0.00 mW (0.00 mW)                    ; 0.00 mW (0.00 mW)               ; --                                ; 0.00 mW (0.00 mW)                 ; |sensor_buchas|acquisition_module:inst5|acquisition_serializer_v3:serializer|dffes:data_output_buffer[4][7]        ;
;             |dffes:data_output_buffer[4][8]                 ; 0.00 mW (0.00 mW)                    ; 0.00 mW (0.00 mW)               ; --                                ; 0.00 mW (0.00 mW)                 ; |sensor_buchas|acquisition_module:inst5|acquisition_serializer_v3:serializer|dffes:data_output_buffer[4][8]        ;
;             |dffes:data_output_buffer[4][9]                 ; 0.00 mW (0.00 mW)                    ; 0.00 mW (0.00 mW)               ; --                                ; 0.00 mW (0.00 mW)                 ; |sensor_buchas|acquisition_module:inst5|acquisition_serializer_v3:serializer|dffes:data_output_buffer[4][9]        ;
;             |dffes:data_output_buffer[4][10]                ; 0.00 mW (0.00 mW)                    ; 0.00 mW (0.00 mW)               ; --                                ; 0.00 mW (0.00 mW)                 ; |sensor_buchas|acquisition_module:inst5|acquisition_serializer_v3:serializer|dffes:data_output_buffer[4][10]       ;
;             |dffes:data_output_buffer[4][11]                ; 0.00 mW (0.00 mW)                    ; 0.00 mW (0.00 mW)               ; --                                ; 0.00 mW (0.00 mW)                 ; |sensor_buchas|acquisition_module:inst5|acquisition_serializer_v3:serializer|dffes:data_output_buffer[4][11]       ;
;             |dffes:data_output_buffer[4][12]                ; 0.00 mW (0.00 mW)                    ; 0.00 mW (0.00 mW)               ; --                                ; 0.00 mW (0.00 mW)                 ; |sensor_buchas|acquisition_module:inst5|acquisition_serializer_v3:serializer|dffes:data_output_buffer[4][12]       ;
;             |dffes:data_output_buffer[4][13]                ; 0.00 mW (0.00 mW)                    ; 0.00 mW (0.00 mW)               ; --                                ; 0.00 mW (0.00 mW)                 ; |sensor_buchas|acquisition_module:inst5|acquisition_serializer_v3:serializer|dffes:data_output_buffer[4][13]       ;
;             |dffes:data_output_buffer[4][14]                ; 0.00 mW (0.00 mW)                    ; 0.00 mW (0.00 mW)               ; --                                ; 0.00 mW (0.00 mW)                 ; |sensor_buchas|acquisition_module:inst5|acquisition_serializer_v3:serializer|dffes:data_output_buffer[4][14]       ;
;             |dffes:data_output_buffer[4][15]                ; 0.00 mW (0.00 mW)                    ; 0.00 mW (0.00 mW)               ; --                                ; 0.00 mW (0.00 mW)                 ; |sensor_buchas|acquisition_module:inst5|acquisition_serializer_v3:serializer|dffes:data_output_buffer[4][15]       ;
;             |dffes:data_output_buffer[5][0]                 ; 0.00 mW (0.00 mW)                    ; 0.00 mW (0.00 mW)               ; --                                ; 0.00 mW (0.00 mW)                 ; |sensor_buchas|acquisition_module:inst5|acquisition_serializer_v3:serializer|dffes:data_output_buffer[5][0]        ;
;             |dffes:data_output_buffer[5][1]                 ; 0.00 mW (0.00 mW)                    ; 0.00 mW (0.00 mW)               ; --                                ; 0.00 mW (0.00 mW)                 ; |sensor_buchas|acquisition_module:inst5|acquisition_serializer_v3:serializer|dffes:data_output_buffer[5][1]        ;
;             |dffes:data_output_buffer[5][2]                 ; 0.00 mW (0.00 mW)                    ; 0.00 mW (0.00 mW)               ; --                                ; 0.00 mW (0.00 mW)                 ; |sensor_buchas|acquisition_module:inst5|acquisition_serializer_v3:serializer|dffes:data_output_buffer[5][2]        ;
;             |dffes:data_output_buffer[5][3]                 ; 0.00 mW (0.00 mW)                    ; 0.00 mW (0.00 mW)               ; --                                ; 0.00 mW (0.00 mW)                 ; |sensor_buchas|acquisition_module:inst5|acquisition_serializer_v3:serializer|dffes:data_output_buffer[5][3]        ;
;             |dffes:data_output_buffer[5][4]                 ; 0.00 mW (0.00 mW)                    ; 0.00 mW (0.00 mW)               ; --                                ; 0.00 mW (0.00 mW)                 ; |sensor_buchas|acquisition_module:inst5|acquisition_serializer_v3:serializer|dffes:data_output_buffer[5][4]        ;
;             |dffes:data_output_buffer[5][5]                 ; 0.00 mW (0.00 mW)                    ; 0.00 mW (0.00 mW)               ; --                                ; 0.00 mW (0.00 mW)                 ; |sensor_buchas|acquisition_module:inst5|acquisition_serializer_v3:serializer|dffes:data_output_buffer[5][5]        ;
;             |dffes:data_output_buffer[5][6]                 ; 0.00 mW (0.00 mW)                    ; 0.00 mW (0.00 mW)               ; --                                ; 0.00 mW (0.00 mW)                 ; |sensor_buchas|acquisition_module:inst5|acquisition_serializer_v3:serializer|dffes:data_output_buffer[5][6]        ;
;             |dffes:data_output_buffer[5][7]                 ; 0.01 mW (0.01 mW)                    ; 0.00 mW (0.00 mW)               ; --                                ; 0.00 mW (0.00 mW)                 ; |sensor_buchas|acquisition_module:inst5|acquisition_serializer_v3:serializer|dffes:data_output_buffer[5][7]        ;
;             |dffes:data_output_buffer[5][8]                 ; 0.00 mW (0.00 mW)                    ; 0.00 mW (0.00 mW)               ; --                                ; 0.00 mW (0.00 mW)                 ; |sensor_buchas|acquisition_module:inst5|acquisition_serializer_v3:serializer|dffes:data_output_buffer[5][8]        ;
;             |dffes:data_output_buffer[5][9]                 ; 0.01 mW (0.01 mW)                    ; 0.00 mW (0.00 mW)               ; --                                ; 0.00 mW (0.00 mW)                 ; |sensor_buchas|acquisition_module:inst5|acquisition_serializer_v3:serializer|dffes:data_output_buffer[5][9]        ;
;             |dffes:data_output_buffer[5][10]                ; 0.00 mW (0.00 mW)                    ; 0.00 mW (0.00 mW)               ; --                                ; 0.00 mW (0.00 mW)                 ; |sensor_buchas|acquisition_module:inst5|acquisition_serializer_v3:serializer|dffes:data_output_buffer[5][10]       ;
;             |dffes:data_output_buffer[5][11]                ; 0.01 mW (0.01 mW)                    ; 0.00 mW (0.00 mW)               ; --                                ; 0.00 mW (0.00 mW)                 ; |sensor_buchas|acquisition_module:inst5|acquisition_serializer_v3:serializer|dffes:data_output_buffer[5][11]       ;
;             |dffes:data_output_buffer[5][12]                ; 0.01 mW (0.01 mW)                    ; 0.00 mW (0.00 mW)               ; --                                ; 0.00 mW (0.00 mW)                 ; |sensor_buchas|acquisition_module:inst5|acquisition_serializer_v3:serializer|dffes:data_output_buffer[5][12]       ;
;             |dffes:data_output_buffer[5][13]                ; 0.01 mW (0.01 mW)                    ; 0.00 mW (0.00 mW)               ; --                                ; 0.00 mW (0.00 mW)                 ; |sensor_buchas|acquisition_module:inst5|acquisition_serializer_v3:serializer|dffes:data_output_buffer[5][13]       ;
;             |dffes:data_output_buffer[5][14]                ; 0.01 mW (0.01 mW)                    ; 0.00 mW (0.00 mW)               ; --                                ; 0.00 mW (0.00 mW)                 ; |sensor_buchas|acquisition_module:inst5|acquisition_serializer_v3:serializer|dffes:data_output_buffer[5][14]       ;
;             |dffes:data_output_buffer[5][15]                ; 0.00 mW (0.00 mW)                    ; 0.00 mW (0.00 mW)               ; --                                ; 0.00 mW (0.00 mW)                 ; |sensor_buchas|acquisition_module:inst5|acquisition_serializer_v3:serializer|dffes:data_output_buffer[5][15]       ;
;             |counter:divclock                               ; 0.03 mW (0.03 mW)                    ; 0.03 mW (0.03 mW)               ; --                                ; 0.01 mW (0.01 mW)                 ; |sensor_buchas|acquisition_module:inst5|acquisition_serializer_v3:serializer|counter:divclock                      ;
;             |dffes:serialize_ok_ff                          ; 0.02 mW (0.02 mW)                    ; 0.01 mW (0.01 mW)               ; --                                ; 0.01 mW (0.01 mW)                 ; |sensor_buchas|acquisition_module:inst5|acquisition_serializer_v3:serializer|dffes:serialize_ok_ff                 ;
;         |dffes:start_ff                                     ; 0.02 mW (0.02 mW)                    ; 0.02 mW (0.02 mW)               ; --                                ; 0.00 mW (0.00 mW)                 ; |sensor_buchas|acquisition_module:inst5|dffes:start_ff                                                             ;
;         |acquisition_store:storer                           ; 0.28 mW (0.10 mW)                    ; 0.19 mW (0.07 mW)               ; --                                ; 0.09 mW (0.03 mW)                 ; |sensor_buchas|acquisition_module:inst5|acquisition_store:storer                                                   ;
;             |counter:channel_counter                        ; 0.11 mW (0.11 mW)                    ; 0.06 mW (0.06 mW)               ; --                                ; 0.05 mW (0.05 mW)                 ; |sensor_buchas|acquisition_module:inst5|acquisition_store:storer|counter:channel_counter                           ;
;             |dffes:crc_enable_ff                            ; 0.03 mW (0.03 mW)                    ; 0.03 mW (0.03 mW)               ; --                                ; 0.00 mW (0.00 mW)                 ; |sensor_buchas|acquisition_module:inst5|acquisition_store:storer|dffes:crc_enable_ff                               ;
;             |dffes:cs_n_ff                                  ; 0.01 mW (0.01 mW)                    ; 0.01 mW (0.01 mW)               ; --                                ; 0.00 mW (0.00 mW)                 ; |sensor_buchas|acquisition_module:inst5|acquisition_store:storer|dffes:cs_n_ff                                     ;
;             |dffes:data_bus_out_ff                          ; 0.01 mW (0.01 mW)                    ; 0.01 mW (0.01 mW)               ; --                                ; 0.00 mW (0.00 mW)                 ; |sensor_buchas|acquisition_module:inst5|acquisition_store:storer|dffes:data_bus_out_ff                             ;
;             |dffes:we_n_ff                                  ; 0.01 mW (0.01 mW)                    ; 0.01 mW (0.01 mW)               ; --                                ; 0.01 mW (0.01 mW)                 ; |sensor_buchas|acquisition_module:inst5|acquisition_store:storer|dffes:we_n_ff                                     ;
;         |acquisition_store_crc:storer_crc                   ; 0.24 mW (0.13 mW)                    ; 0.18 mW (0.10 mW)               ; --                                ; 0.05 mW (0.03 mW)                 ; |sensor_buchas|acquisition_module:inst5|acquisition_store_crc:storer_crc                                           ;
;             |dffes:cs_n_ff                                  ; 0.01 mW (0.01 mW)                    ; 0.01 mW (0.01 mW)               ; --                                ; 0.00 mW (0.00 mW)                 ; |sensor_buchas|acquisition_module:inst5|acquisition_store_crc:storer_crc|dffes:cs_n_ff                             ;
;             |dffes:data_bus_out_ff                          ; 0.01 mW (0.01 mW)                    ; 0.01 mW (0.01 mW)               ; --                                ; 0.00 mW (0.00 mW)                 ; |sensor_buchas|acquisition_module:inst5|acquisition_store_crc:storer_crc|dffes:data_bus_out_ff                     ;
;             |dffes:msb_ff                                   ; 0.04 mW (0.04 mW)                    ; 0.03 mW (0.03 mW)               ; --                                ; 0.01 mW (0.01 mW)                 ; |sensor_buchas|acquisition_module:inst5|acquisition_store_crc:storer_crc|dffes:msb_ff                              ;
;             |dffes:we_n_ff                                  ; 0.04 mW (0.04 mW)                    ; 0.03 mW (0.03 mW)               ; --                                ; 0.01 mW (0.01 mW)                 ; |sensor_buchas|acquisition_module:inst5|acquisition_store_crc:storer_crc|dffes:we_n_ff                             ;
;         |acquisition_store_time_counter:storer_time_counter ; 0.19 mW (0.09 mW)                    ; 0.14 mW (0.07 mW)               ; --                                ; 0.05 mW (0.03 mW)                 ; |sensor_buchas|acquisition_module:inst5|acquisition_store_time_counter:storer_time_counter                         ;
;             |counter:channel_counter                        ; 0.05 mW (0.05 mW)                    ; 0.04 mW (0.04 mW)               ; --                                ; 0.01 mW (0.01 mW)                 ; |sensor_buchas|acquisition_module:inst5|acquisition_store_time_counter:storer_time_counter|counter:channel_counter ;
;             |dffes:crc_enable_ff                            ; 0.01 mW (0.01 mW)                    ; 0.01 mW (0.01 mW)               ; --                                ; 0.00 mW (0.00 mW)                 ; |sensor_buchas|acquisition_module:inst5|acquisition_store_time_counter:storer_time_counter|dffes:crc_enable_ff     ;
;             |dffes:cs_n_ff                                  ; 0.01 mW (0.01 mW)                    ; 0.01 mW (0.01 mW)               ; --                                ; 0.00 mW (0.00 mW)                 ; |sensor_buchas|acquisition_module:inst5|acquisition_store_time_counter:storer_time_counter|dffes:cs_n_ff           ;
;             |dffes:data_bus_out_ff                          ; 0.01 mW (0.01 mW)                    ; 0.01 mW (0.01 mW)               ; --                                ; 0.00 mW (0.00 mW)                 ; |sensor_buchas|acquisition_module:inst5|acquisition_store_time_counter:storer_time_counter|dffes:data_bus_out_ff   ;
;             |dffes:we_n_ff                                  ; 0.01 mW (0.01 mW)                    ; 0.01 mW (0.01 mW)               ; --                                ; 0.00 mW (0.00 mW)                 ; |sensor_buchas|acquisition_module:inst5|acquisition_store_time_counter:storer_time_counter|dffes:we_n_ff           ;
;     |reset_module:inst7                                     ; 0.31 mW (0.31 mW)                    ; 0.27 mW (0.27 mW)               ; --                                ; 0.05 mW (0.05 mW)                 ; |sensor_buchas|reset_module:inst7                                                                                  ;
;     |rw_data_module:inst10                                  ; 3.31 mW (0.47 mW)                    ; 0.99 mW (0.38 mW)               ; --                                ; 2.32 mW (0.08 mW)                 ; |sensor_buchas|rw_data_module:inst10                                                                               ;
;         |dffes:busy_ff                                      ; 0.02 mW (0.02 mW)                    ; 0.02 mW (0.02 mW)               ; --                                ; 0.00 mW (0.00 mW)                 ; |sensor_buchas|rw_data_module:inst10|dffes:busy_ff                                                                 ;
;         |dffes:cs_n_FF                                      ; 0.01 mW (0.01 mW)                    ; 0.01 mW (0.01 mW)               ; --                                ; 0.00 mW (0.00 mW)                 ; |sensor_buchas|rw_data_module:inst10|dffes:cs_n_FF                                                                 ;
;         |dffes:data_bus_out_ff                              ; 0.04 mW (0.04 mW)                    ; 0.03 mW (0.03 mW)               ; --                                ; 0.01 mW (0.01 mW)                 ; |sensor_buchas|rw_data_module:inst10|dffes:data_bus_out_ff                                                         ;
;         |dffes:load_parallel_FF                             ; 1.14 mW (1.14 mW)                    ; 0.02 mW (0.02 mW)               ; --                                ; 1.12 mW (1.12 mW)                 ; |sensor_buchas|rw_data_module:inst10|dffes:load_parallel_FF                                                        ;
;         |dffes:MOSI_ff                                      ; 0.06 mW (0.06 mW)                    ; 0.05 mW (0.05 mW)               ; --                                ; 0.00 mW (0.00 mW)                 ; |sensor_buchas|rw_data_module:inst10|dffes:MOSI_ff                                                                 ;
;         |dffes:oe_n_FF                                      ; 0.01 mW (0.01 mW)                    ; 0.01 mW (0.01 mW)               ; --                                ; 0.00 mW (0.00 mW)                 ; |sensor_buchas|rw_data_module:inst10|dffes:oe_n_FF                                                                 ;
;         |dffes:SCLK_ff                                      ; 1.08 mW (1.08 mW)                    ; 0.02 mW (0.02 mW)               ; --                                ; 1.06 mW (1.06 mW)                 ; |sensor_buchas|rw_data_module:inst10|dffes:SCLK_ff                                                                 ;
;         |spi_shift_v2:shift                                 ; 0.48 mW (0.48 mW)                    ; 0.43 mW (0.43 mW)               ; --                                ; 0.05 mW (0.05 mW)                 ; |sensor_buchas|rw_data_module:inst10|spi_shift_v2:shift                                                            ;
;         |dffes:we_n_FF                                      ; 0.01 mW (0.01 mW)                    ; 0.01 mW (0.01 mW)               ; --                                ; 0.00 mW (0.00 mW)                 ; |sensor_buchas|rw_data_module:inst10|dffes:we_n_FF                                                                 ;
;     |RAM_interface:inst15                                   ; 0.42 mW (0.42 mW)                    ; 0.25 mW (0.25 mW)               ; --                                ; 0.16 mW (0.16 mW)                 ; |sensor_buchas|RAM_interface:inst15                                                                                ;
;     |adc_interface:inst17                                   ; 0.12 mW (0.12 mW)                    ; 0.09 mW (0.09 mW)               ; --                                ; 0.03 mW (0.03 mW)                 ; |sensor_buchas|adc_interface:inst17                                                                                ;
;     |switch:inst20                                          ; 1.50 mW (1.50 mW)                    ; 0.11 mW (0.11 mW)               ; --                                ; 1.38 mW (1.38 mW)                 ; |sensor_buchas|switch:inst20                                                                                       ;
+-------------------------------------------------------------+--------------------------------------+---------------------------------+-----------------------------------+-----------------------------------+--------------------------------------------------------------------------------------------------------------------+
(1) Value in parentheses is the power consumed at that level of hierarchy. Value not in parentheses is the power consumed at that level of hierarchy plus the power consumed by all levels of hierarchy below it.

(2) The "Block Thermal Static Power" for all levels of hierarchy except the top-level hierarchy is part of the "Core Static Thermal Power Dissipation" value found on the PowerPlay Power Analyzer-->Summary report panel. The "Core Static Thermal Power Dissipation" also contains the thermal static power dissipated by the routing.


+-----------------------------------------------------------------+
; Core Dynamic Thermal Power Dissipation by Clock Domain          ;
+--------------+-----------------------+--------------------------+
; Clock Domain ; Clock Frequency (MHz) ; Total Core Dynamic Power ;
+--------------+-----------------------+--------------------------+
; clk          ; 100.00                ; 17.30                    ;
; host_SCLK    ; 10.00                 ; 0.02                     ;
+--------------+-----------------------+--------------------------+


+------------------------------------------------------------------------------------------------------------------------------------+
; Current Drawn from Voltage Supplies Summary                                                                                        ;
+----------------+-------------------------+---------------------------+--------------------------+----------------------------------+
; Voltage Supply ; Total Current Drawn (1) ; Dynamic Current Drawn (1) ; Static Current Drawn (1) ; Minimum Power Supply Current (2) ;
+----------------+-------------------------+---------------------------+--------------------------+----------------------------------+
; VCCIO          ; 5.40 mA                 ; 2.98 mA                   ; 2.41 mA                  ; 5.40 mA                          ;
; VCCA           ; 0.00 mA                 ; 0.00 mA                   ; 0.00 mA                  ; 0.00 mA                          ;
; VCC_ONE        ; 36.95 mA                ; 14.65 mA                  ; 22.30 mA                 ; 36.95 mA                         ;
+----------------+-------------------------+---------------------------+--------------------------+----------------------------------+
(1) Currents reported in columns "Total Current Drawn", "Dynamic Current Drawn", and "Static Current Drawn" are sufficient for user operation of the device.  
(2) Currents reported in column "Minimum Power Supply Current" are sufficient for power-up, configuration, and user operation of the device.


+-----------------------------------------------------------------------------------------------+
; VCCIO Supply Current Drawn by I/O Bank                                                        ;
+----------+---------------+---------------------+-----------------------+----------------------+
; I/O Bank ; VCCIO Voltage ; Total Current Drawn ; Dynamic Current Drawn ; Static Current Drawn ;
+----------+---------------+---------------------+-----------------------+----------------------+
; 1A       ; 2.5V          ; 0.91 mA             ; 0.58 mA               ; 0.33 mA              ;
; 1B       ; 2.5V          ; 0.64 mA             ; 0.31 mA               ; 0.33 mA              ;
; 2        ; 2.5V          ; 0.61 mA             ; 0.28 mA               ; 0.33 mA              ;
; 3        ; 2.5V          ; 0.81 mA             ; 0.45 mA               ; 0.36 mA              ;
; 5        ; 2.5V          ; 0.42 mA             ; 0.08 mA               ; 0.34 mA              ;
; 6        ; 2.5V          ; 0.62 mA             ; 0.27 mA               ; 0.35 mA              ;
; 8        ; 2.5V          ; 1.39 mA             ; 1.02 mA               ; 0.37 mA              ;
+----------+---------------+---------------------+-----------------------+----------------------+


+-----------------------------------------------------------------------------------------------------------------------------------+
; VCCIO Supply Current Drawn by Voltage                                                                                             ;
+---------------+-------------------------+---------------------------+--------------------------+----------------------------------+
; VCCIO Voltage ; Total Current Drawn (1) ; Dynamic Current Drawn (1) ; Static Current Drawn (1) ; Minimum Power Supply Current (2) ;
+---------------+-------------------------+---------------------------+--------------------------+----------------------------------+
; 2.5V          ; 5.40 mA                 ; 2.98 mA                   ; 2.41 mA                  ; 5.40 mA                          ;
+---------------+-------------------------+---------------------------+--------------------------+----------------------------------+
(1) Currents reported in columns "Total Current Drawn", "Dynamic Current Drawn", and "Static Current Drawn" are sufficient for user operation of the device.  
(2) Currents reported in column "Minimum Power Supply Current" are sufficient for power-up, configuration, and user operation of the device.


+---------------------------------------------------------------------------------------------------------------------------------------------------+
; Confidence Metric Details                                                                                                                         ;
+----------------------------------------------------------------------------------------+--------------+------------+--------------+---------------+
; Data Source                                                                            ; Total        ; Pin        ; Registered   ; Combinational ;
+----------------------------------------------------------------------------------------+--------------+------------+--------------+---------------+
; Simulation (from file)                                                                 ;              ;            ;              ;               ;
;     -- Number of signals with Toggle Rate from Simulation                              ; 0 (0.0%)     ; 0 (0.0%)   ; 0 (0.0%)     ; 0 (0.0%)      ;
;     -- Number of signals with Static Probability from Simulation                       ; 0 (0.0%)     ; 0 (0.0%)   ; 0 (0.0%)     ; 0 (0.0%)      ;
;                                                                                        ;              ;            ;              ;               ;
; Node, entity or clock assignment                                                       ;              ;            ;              ;               ;
;     -- Number of signals with Toggle Rate from Node, entity or clock assignment        ; 7 (0.3%)     ; 2 (2.0%)   ; 0 (0.0%)     ; 5 (0.4%)      ;
;     -- Number of signals with Static Probability from Node, entity or clock assignment ; 7 (0.3%)     ; 2 (2.0%)   ; 0 (0.0%)     ; 5 (0.4%)      ;
;                                                                                        ;              ;            ;              ;               ;
; Vectorless estimation                                                                  ;              ;            ;              ;               ;
;     -- Number of signals with Toggle Rate from Vectorless estimation                   ; 1986 (98.4%) ; 71 (71.7%) ; 688 (100.0%) ; 1227 (99.6%)  ;
;     -- Number of signals with Zero toggle rate, from Vectorless estimation             ; 7 (0.3%)     ; 1 (1.0%)   ; 0 (0.0%)     ; 6 (0.5%)      ;
;     -- Number of signals with Static Probability from Vectorless estimation            ; 1986 (98.4%) ; 71 (71.7%) ; 688 (100.0%) ; 1227 (99.6%)  ;
;                                                                                        ;              ;            ;              ;               ;
; Default assignment                                                                     ;              ;            ;              ;               ;
;     -- Number of signals with Toggle Rate from Default assignment                      ; 18 (0.9%)    ; 18 (18.2%) ; 0 (0.0%)     ; 0 (0.0%)      ;
;     -- Number of signals with Static Probability from Default assignment               ; 26 (1.3%)    ; 26 (26.3%) ; 0 (0.0%)     ; 0 (0.0%)      ;
;                                                                                        ;              ;            ;              ;               ;
; Assumed 0                                                                              ;              ;            ;              ;               ;
;     -- Number of signals with Toggle Rate assumed 0                                    ; 8 (0.4%)     ; 8 (8.1%)   ; 0 (0.0%)     ; 0 (0.0%)      ;
+----------------------------------------------------------------------------------------+--------------+------------+--------------+---------------+


+---------------------------------------------------------------------------------------------------------------------------------------------+
; Signal Activities                                                                                                                           ;
+--------+------+---------------------------------------------+-------------------------+--------------------+--------------------------------+
; Signal ; Type ; Toggle Rate (millions of transitions / sec) ; Toggle Rate Data Source ; Static Probability ; Static Probability Data Source ;
+--------+------+---------------------------------------------+-------------------------+--------------------+--------------------------------+
(1) The "Signal Activity" Table has been hidden. To show this table, please select the "Write signal activities to report file" option under "PowerPlay Power Analyzer Settings".


+-------------------------+
; Power Analyzer Messages ;
+-------------------------+
Info: *******************************************************************
Info: Running Quartus Prime Power Analyzer
    Info: Version 25.1std.0 Build 1129 10/21/2025 SC Lite Edition
    Info: Processing started: Tue Mar 31 16:24:11 2026
Info: Command: quartus_pow --read_settings_files=off --write_settings_files=off sensor_buchas -c sensor_buchas
Warning (18236): Number of processors has not been specified which may cause overloading on shared machines.  Set the global assignment NUM_PARALLEL_PROCESSORS in your QSF to an appropriate value for best performance.
Info (21077): Low junction temperature is 0 degrees C
Info (21077): High junction temperature is 85 degrees C
Warning (335093): The Timing Analyzer is analyzing 40 combinational loops as latches. For more details, run the Check Timing command in the Timing Analyzer or view the "User-Specified and Inferred Latches" table in the Analysis & Synthesis report.
Info (332104): Reading SDC File: 'sensor_buchas.sdc'
Warning (332174): Ignored filter at sensor_buchas.sdc(95): inst9|storer|channel_counter|ffs[0] could not be matched with a cell File: C:/QUARTUS_TESTE/sensor_buchas.sdc Line: 95
Warning (332174): Ignored filter at sensor_buchas.sdc(95): inst9|storer|channel_counter|ffs[1] could not be matched with a cell File: C:/QUARTUS_TESTE/sensor_buchas.sdc Line: 95
Warning (332174): Ignored filter at sensor_buchas.sdc(95): inst9|storer|channel_counter|ffs[2] could not be matched with a cell File: C:/QUARTUS_TESTE/sensor_buchas.sdc Line: 95
Warning (332174): Ignored filter at sensor_buchas.sdc(95): inst9|storer|channel_counter|ffs[2]~3 could not be matched with a cell File: C:/QUARTUS_TESTE/sensor_buchas.sdc Line: 95
Warning (332174): Ignored filter at sensor_buchas.sdc(95): inst9|storer|channel_counter|ffs[3] could not be matched with a cell File: C:/QUARTUS_TESTE/sensor_buchas.sdc Line: 95
Warning (332174): Ignored filter at sensor_buchas.sdc(95): inst9|storer|channel_counter|ffs[3]~1 could not be matched with a cell File: C:/QUARTUS_TESTE/sensor_buchas.sdc Line: 95
Warning (332174): Ignored filter at sensor_buchas.sdc(95): inst9|crc|lfsr_q[0] could not be matched with a cell File: C:/QUARTUS_TESTE/sensor_buchas.sdc Line: 95
Warning (332174): Ignored filter at sensor_buchas.sdc(95): inst9|crc|lfsr_q[10] could not be matched with a cell File: C:/QUARTUS_TESTE/sensor_buchas.sdc Line: 95
Warning (332174): Ignored filter at sensor_buchas.sdc(95): inst9|crc|lfsr_q[11] could not be matched with a cell File: C:/QUARTUS_TESTE/sensor_buchas.sdc Line: 95
Warning (332174): Ignored filter at sensor_buchas.sdc(95): inst9|crc|lfsr_q[12] could not be matched with a cell File: C:/QUARTUS_TESTE/sensor_buchas.sdc Line: 95
Warning (332174): Ignored filter at sensor_buchas.sdc(95): inst9|crc|lfsr_q[13] could not be matched with a cell File: C:/QUARTUS_TESTE/sensor_buchas.sdc Line: 95
Warning (332174): Ignored filter at sensor_buchas.sdc(95): inst9|crc|lfsr_q[14] could not be matched with a cell File: C:/QUARTUS_TESTE/sensor_buchas.sdc Line: 95
Warning (332174): Ignored filter at sensor_buchas.sdc(95): inst9|crc|lfsr_q[15] could not be matched with a cell File: C:/QUARTUS_TESTE/sensor_buchas.sdc Line: 95
Warning (332174): Ignored filter at sensor_buchas.sdc(95): inst9|crc|lfsr_q[1] could not be matched with a cell File: C:/QUARTUS_TESTE/sensor_buchas.sdc Line: 95
Warning (332174): Ignored filter at sensor_buchas.sdc(95): inst9|crc|lfsr_q[2] could not be matched with a cell File: C:/QUARTUS_TESTE/sensor_buchas.sdc Line: 95
Warning (332174): Ignored filter at sensor_buchas.sdc(95): inst9|crc|lfsr_q[3] could not be matched with a cell File: C:/QUARTUS_TESTE/sensor_buchas.sdc Line: 95
Warning (332174): Ignored filter at sensor_buchas.sdc(95): inst9|crc|lfsr_q[4] could not be matched with a cell File: C:/QUARTUS_TESTE/sensor_buchas.sdc Line: 95
Warning (332174): Ignored filter at sensor_buchas.sdc(95): inst9|crc|lfsr_q[5] could not be matched with a cell File: C:/QUARTUS_TESTE/sensor_buchas.sdc Line: 95
Warning (332174): Ignored filter at sensor_buchas.sdc(95): inst9|crc|lfsr_q[6] could not be matched with a cell File: C:/QUARTUS_TESTE/sensor_buchas.sdc Line: 95
Warning (332174): Ignored filter at sensor_buchas.sdc(95): inst9|crc|lfsr_q[7] could not be matched with a cell File: C:/QUARTUS_TESTE/sensor_buchas.sdc Line: 95
Warning (332174): Ignored filter at sensor_buchas.sdc(95): inst9|crc|lfsr_q[8] could not be matched with a cell File: C:/QUARTUS_TESTE/sensor_buchas.sdc Line: 95
Warning (332174): Ignored filter at sensor_buchas.sdc(95): inst9|crc|lfsr_q[9] could not be matched with a cell File: C:/QUARTUS_TESTE/sensor_buchas.sdc Line: 95
Warning (332049): Ignored set_multicycle_path at sensor_buchas.sdc(95): Argument <from> is an empty collection File: C:/QUARTUS_TESTE/sensor_buchas.sdc Line: 95
    Info (332050): set_multicycle_path -setup -end -from [get_cells {inst9|storer|channel_counter|ffs[0] inst9|storer|channel_counter|ffs[1] inst9|storer|channel_counter|ffs[2] inst9|storer|channel_counter|ffs[2]~3 inst9|storer|channel_counter|ffs[3] inst9|storer|channel_counter|ffs[3]~1}] -to [get_cells {inst9|crc|lfsr_q[0] inst9|crc|lfsr_q[1] inst9|crc|lfsr_q[2] inst9|crc|lfsr_q[3] inst9|crc|lfsr_q[4] inst9|crc|lfsr_q[5] inst9|crc|lfsr_q[6] inst9|crc|lfsr_q[7] inst9|crc|lfsr_q[8] inst9|crc|lfsr_q[9] inst9|crc|lfsr_q[10] inst9|crc|lfsr_q[11] inst9|crc|lfsr_q[12] inst9|crc|lfsr_q[13] inst9|crc|lfsr_q[14] inst9|crc|lfsr_q[15]}] 2 File: C:/QUARTUS_TESTE/sensor_buchas.sdc Line: 95
Warning (332049): Ignored set_multicycle_path at sensor_buchas.sdc(95): Argument <to> is an empty collection File: C:/QUARTUS_TESTE/sensor_buchas.sdc Line: 95
Warning (332174): Ignored filter at sensor_buchas.sdc(96): inst9|serializer|data_buffer[0][0]|ff could not be matched with a cell File: C:/QUARTUS_TESTE/sensor_buchas.sdc Line: 96
Warning (332174): Ignored filter at sensor_buchas.sdc(96): inst9|serializer|data_buffer[0][10]|ff could not be matched with a cell File: C:/QUARTUS_TESTE/sensor_buchas.sdc Line: 96
Warning (332174): Ignored filter at sensor_buchas.sdc(96): inst9|serializer|data_buffer[0][11]|ff could not be matched with a cell File: C:/QUARTUS_TESTE/sensor_buchas.sdc Line: 96
Warning (332174): Ignored filter at sensor_buchas.sdc(96): inst9|serializer|data_buffer[0][12]|ff could not be matched with a cell File: C:/QUARTUS_TESTE/sensor_buchas.sdc Line: 96
Warning (332174): Ignored filter at sensor_buchas.sdc(96): inst9|serializer|data_buffer[0][13]|ff could not be matched with a cell File: C:/QUARTUS_TESTE/sensor_buchas.sdc Line: 96
Warning (332174): Ignored filter at sensor_buchas.sdc(96): inst9|serializer|data_buffer[0][14]|ff could not be matched with a cell File: C:/QUARTUS_TESTE/sensor_buchas.sdc Line: 96
Warning (332174): Ignored filter at sensor_buchas.sdc(96): inst9|serializer|data_buffer[0][15]|ff could not be matched with a cell File: C:/QUARTUS_TESTE/sensor_buchas.sdc Line: 96
Warning (332174): Ignored filter at sensor_buchas.sdc(96): inst9|serializer|data_buffer[0][1]|ff could not be matched with a cell File: C:/QUARTUS_TESTE/sensor_buchas.sdc Line: 96
Warning (332174): Ignored filter at sensor_buchas.sdc(96): inst9|serializer|data_buffer[0][2]|ff could not be matched with a cell File: C:/QUARTUS_TESTE/sensor_buchas.sdc Line: 96
Warning (332174): Ignored filter at sensor_buchas.sdc(96): inst9|serializer|data_buffer[0][3]|ff could not be matched with a cell File: C:/QUARTUS_TESTE/sensor_buchas.sdc Line: 96
Warning (332174): Ignored filter at sensor_buchas.sdc(96): inst9|serializer|data_buffer[0][4]|ff could not be matched with a cell File: C:/QUARTUS_TESTE/sensor_buchas.sdc Line: 96
Warning (332174): Ignored filter at sensor_buchas.sdc(96): inst9|serializer|data_buffer[0][5]|ff could not be matched with a cell File: C:/QUARTUS_TESTE/sensor_buchas.sdc Line: 96
Warning (332174): Ignored filter at sensor_buchas.sdc(96): inst9|serializer|data_buffer[0][6]|ff could not be matched with a cell File: C:/QUARTUS_TESTE/sensor_buchas.sdc Line: 96
Warning (332174): Ignored filter at sensor_buchas.sdc(96): inst9|serializer|data_buffer[0][7]|ff could not be matched with a cell File: C:/QUARTUS_TESTE/sensor_buchas.sdc Line: 96
Warning (332174): Ignored filter at sensor_buchas.sdc(96): inst9|serializer|data_buffer[0][8]|ff could not be matched with a cell File: C:/QUARTUS_TESTE/sensor_buchas.sdc Line: 96
Warning (332174): Ignored filter at sensor_buchas.sdc(96): inst9|serializer|data_buffer[0][9]|ff could not be matched with a cell File: C:/QUARTUS_TESTE/sensor_buchas.sdc Line: 96
Warning (332174): Ignored filter at sensor_buchas.sdc(96): inst9|serializer|data_buffer[1][0]|ff could not be matched with a cell File: C:/QUARTUS_TESTE/sensor_buchas.sdc Line: 96
Warning (332174): Ignored filter at sensor_buchas.sdc(96): inst9|serializer|data_buffer[1][10]|ff could not be matched with a cell File: C:/QUARTUS_TESTE/sensor_buchas.sdc Line: 96
Warning (332174): Ignored filter at sensor_buchas.sdc(96): inst9|serializer|data_buffer[1][11]|ff could not be matched with a cell File: C:/QUARTUS_TESTE/sensor_buchas.sdc Line: 96
Warning (332174): Ignored filter at sensor_buchas.sdc(96): inst9|serializer|data_buffer[1][12]|ff could not be matched with a cell File: C:/QUARTUS_TESTE/sensor_buchas.sdc Line: 96
Warning (332174): Ignored filter at sensor_buchas.sdc(96): inst9|serializer|data_buffer[1][13]|ff could not be matched with a cell File: C:/QUARTUS_TESTE/sensor_buchas.sdc Line: 96
Warning (332174): Ignored filter at sensor_buchas.sdc(96): inst9|serializer|data_buffer[1][14]|ff could not be matched with a cell File: C:/QUARTUS_TESTE/sensor_buchas.sdc Line: 96
Warning (332174): Ignored filter at sensor_buchas.sdc(96): inst9|serializer|data_buffer[1][15]|ff could not be matched with a cell File: C:/QUARTUS_TESTE/sensor_buchas.sdc Line: 96
Warning (332174): Ignored filter at sensor_buchas.sdc(96): inst9|serializer|data_buffer[1][1]|ff could not be matched with a cell File: C:/QUARTUS_TESTE/sensor_buchas.sdc Line: 96
Warning (332174): Ignored filter at sensor_buchas.sdc(96): inst9|serializer|data_buffer[1][2]|ff could not be matched with a cell File: C:/QUARTUS_TESTE/sensor_buchas.sdc Line: 96
Warning (332174): Ignored filter at sensor_buchas.sdc(96): inst9|serializer|data_buffer[1][3]|ff could not be matched with a cell File: C:/QUARTUS_TESTE/sensor_buchas.sdc Line: 96
Warning (332174): Ignored filter at sensor_buchas.sdc(96): inst9|serializer|data_buffer[1][4]|ff could not be matched with a cell File: C:/QUARTUS_TESTE/sensor_buchas.sdc Line: 96
Warning (332174): Ignored filter at sensor_buchas.sdc(96): inst9|serializer|data_buffer[1][5]|ff could not be matched with a cell File: C:/QUARTUS_TESTE/sensor_buchas.sdc Line: 96
Warning (332174): Ignored filter at sensor_buchas.sdc(96): inst9|serializer|data_buffer[1][6]|ff could not be matched with a cell File: C:/QUARTUS_TESTE/sensor_buchas.sdc Line: 96
Warning (332174): Ignored filter at sensor_buchas.sdc(96): inst9|serializer|data_buffer[1][7]|ff could not be matched with a cell File: C:/QUARTUS_TESTE/sensor_buchas.sdc Line: 96
Warning (332174): Ignored filter at sensor_buchas.sdc(96): inst9|serializer|data_buffer[1][8]|ff could not be matched with a cell File: C:/QUARTUS_TESTE/sensor_buchas.sdc Line: 96
Warning (332174): Ignored filter at sensor_buchas.sdc(96): inst9|serializer|data_buffer[1][9]|ff could not be matched with a cell File: C:/QUARTUS_TESTE/sensor_buchas.sdc Line: 96
Warning (332174): Ignored filter at sensor_buchas.sdc(96): inst9|serializer|data_buffer[2][0]|ff could not be matched with a cell File: C:/QUARTUS_TESTE/sensor_buchas.sdc Line: 96
Warning (332174): Ignored filter at sensor_buchas.sdc(96): inst9|serializer|data_buffer[2][10]|ff could not be matched with a cell File: C:/QUARTUS_TESTE/sensor_buchas.sdc Line: 96
Warning (332174): Ignored filter at sensor_buchas.sdc(96): inst9|serializer|data_buffer[2][11]|ff could not be matched with a cell File: C:/QUARTUS_TESTE/sensor_buchas.sdc Line: 96
Warning (332174): Ignored filter at sensor_buchas.sdc(96): inst9|serializer|data_buffer[2][12]|ff could not be matched with a cell File: C:/QUARTUS_TESTE/sensor_buchas.sdc Line: 96
Warning (332174): Ignored filter at sensor_buchas.sdc(96): inst9|serializer|data_buffer[2][13]|ff could not be matched with a cell File: C:/QUARTUS_TESTE/sensor_buchas.sdc Line: 96
Warning (332174): Ignored filter at sensor_buchas.sdc(96): inst9|serializer|data_buffer[2][14]|ff could not be matched with a cell File: C:/QUARTUS_TESTE/sensor_buchas.sdc Line: 96
Warning (332174): Ignored filter at sensor_buchas.sdc(96): inst9|serializer|data_buffer[2][15]|ff could not be matched with a cell File: C:/QUARTUS_TESTE/sensor_buchas.sdc Line: 96
Warning (332174): Ignored filter at sensor_buchas.sdc(96): inst9|serializer|data_buffer[2][1]|ff could not be matched with a cell File: C:/QUARTUS_TESTE/sensor_buchas.sdc Line: 96
Warning (332174): Ignored filter at sensor_buchas.sdc(96): inst9|serializer|data_buffer[2][2]|ff could not be matched with a cell File: C:/QUARTUS_TESTE/sensor_buchas.sdc Line: 96
Warning (332174): Ignored filter at sensor_buchas.sdc(96): inst9|serializer|data_buffer[2][3]|ff could not be matched with a cell File: C:/QUARTUS_TESTE/sensor_buchas.sdc Line: 96
Warning (332174): Ignored filter at sensor_buchas.sdc(96): inst9|serializer|data_buffer[2][4]|ff could not be matched with a cell File: C:/QUARTUS_TESTE/sensor_buchas.sdc Line: 96
Warning (332174): Ignored filter at sensor_buchas.sdc(96): inst9|serializer|data_buffer[2][5]|ff could not be matched with a cell File: C:/QUARTUS_TESTE/sensor_buchas.sdc Line: 96
Warning (332174): Ignored filter at sensor_buchas.sdc(96): inst9|serializer|data_buffer[2][6]|ff could not be matched with a cell File: C:/QUARTUS_TESTE/sensor_buchas.sdc Line: 96
Warning (332174): Ignored filter at sensor_buchas.sdc(96): inst9|serializer|data_buffer[2][7]|ff could not be matched with a cell File: C:/QUARTUS_TESTE/sensor_buchas.sdc Line: 96
Warning (332174): Ignored filter at sensor_buchas.sdc(96): inst9|serializer|data_buffer[2][8]|ff could not be matched with a cell File: C:/QUARTUS_TESTE/sensor_buchas.sdc Line: 96
Warning (332174): Ignored filter at sensor_buchas.sdc(96): inst9|serializer|data_buffer[2][9]|ff could not be matched with a cell File: C:/QUARTUS_TESTE/sensor_buchas.sdc Line: 96
Warning (332174): Ignored filter at sensor_buchas.sdc(96): inst9|serializer|data_buffer[3][0]|ff could not be matched with a cell File: C:/QUARTUS_TESTE/sensor_buchas.sdc Line: 96
Warning (332174): Ignored filter at sensor_buchas.sdc(96): inst9|serializer|data_buffer[3][10]|ff could not be matched with a cell File: C:/QUARTUS_TESTE/sensor_buchas.sdc Line: 96
Warning (332174): Ignored filter at sensor_buchas.sdc(96): inst9|serializer|data_buffer[3][11]|ff could not be matched with a cell File: C:/QUARTUS_TESTE/sensor_buchas.sdc Line: 96
Warning (332174): Ignored filter at sensor_buchas.sdc(96): inst9|serializer|data_buffer[3][12]|ff could not be matched with a cell File: C:/QUARTUS_TESTE/sensor_buchas.sdc Line: 96
Warning (332174): Ignored filter at sensor_buchas.sdc(96): inst9|serializer|data_buffer[3][13]|ff could not be matched with a cell File: C:/QUARTUS_TESTE/sensor_buchas.sdc Line: 96
Warning (332174): Ignored filter at sensor_buchas.sdc(96): inst9|serializer|data_buffer[3][14]|ff could not be matched with a cell File: C:/QUARTUS_TESTE/sensor_buchas.sdc Line: 96
Warning (332174): Ignored filter at sensor_buchas.sdc(96): inst9|serializer|data_buffer[3][15]|ff could not be matched with a cell File: C:/QUARTUS_TESTE/sensor_buchas.sdc Line: 96
Warning (332174): Ignored filter at sensor_buchas.sdc(96): inst9|serializer|data_buffer[3][1]|ff could not be matched with a cell File: C:/QUARTUS_TESTE/sensor_buchas.sdc Line: 96
Warning (332174): Ignored filter at sensor_buchas.sdc(96): inst9|serializer|data_buffer[3][2]|ff could not be matched with a cell File: C:/QUARTUS_TESTE/sensor_buchas.sdc Line: 96
Warning (332174): Ignored filter at sensor_buchas.sdc(96): inst9|serializer|data_buffer[3][3]|ff could not be matched with a cell File: C:/QUARTUS_TESTE/sensor_buchas.sdc Line: 96
Warning (332174): Ignored filter at sensor_buchas.sdc(96): inst9|serializer|data_buffer[3][4]|ff could not be matched with a cell File: C:/QUARTUS_TESTE/sensor_buchas.sdc Line: 96
Warning (332174): Ignored filter at sensor_buchas.sdc(96): inst9|serializer|data_buffer[3][5]|ff could not be matched with a cell File: C:/QUARTUS_TESTE/sensor_buchas.sdc Line: 96
Warning (332174): Ignored filter at sensor_buchas.sdc(96): inst9|serializer|data_buffer[3][6]|ff could not be matched with a cell File: C:/QUARTUS_TESTE/sensor_buchas.sdc Line: 96
Warning (332174): Ignored filter at sensor_buchas.sdc(96): inst9|serializer|data_buffer[3][7]|ff could not be matched with a cell File: C:/QUARTUS_TESTE/sensor_buchas.sdc Line: 96
Warning (332174): Ignored filter at sensor_buchas.sdc(96): inst9|serializer|data_buffer[3][8]|ff could not be matched with a cell File: C:/QUARTUS_TESTE/sensor_buchas.sdc Line: 96
Warning (332174): Ignored filter at sensor_buchas.sdc(96): inst9|serializer|data_buffer[3][9]|ff could not be matched with a cell File: C:/QUARTUS_TESTE/sensor_buchas.sdc Line: 96
Warning (332174): Ignored filter at sensor_buchas.sdc(96): inst9|serializer|data_buffer[4][0]|ff could not be matched with a cell File: C:/QUARTUS_TESTE/sensor_buchas.sdc Line: 96
Warning (332174): Ignored filter at sensor_buchas.sdc(96): inst9|serializer|data_buffer[4][10]|ff could not be matched with a cell File: C:/QUARTUS_TESTE/sensor_buchas.sdc Line: 96
Warning (332174): Ignored filter at sensor_buchas.sdc(96): inst9|serializer|data_buffer[4][11]|ff could not be matched with a cell File: C:/QUARTUS_TESTE/sensor_buchas.sdc Line: 96
Warning (332174): Ignored filter at sensor_buchas.sdc(96): inst9|serializer|data_buffer[4][12]|ff could not be matched with a cell File: C:/QUARTUS_TESTE/sensor_buchas.sdc Line: 96
Warning (332174): Ignored filter at sensor_buchas.sdc(96): inst9|serializer|data_buffer[4][13]|ff could not be matched with a cell File: C:/QUARTUS_TESTE/sensor_buchas.sdc Line: 96
Warning (332174): Ignored filter at sensor_buchas.sdc(96): inst9|serializer|data_buffer[4][14]|ff could not be matched with a cell File: C:/QUARTUS_TESTE/sensor_buchas.sdc Line: 96
Warning (332174): Ignored filter at sensor_buchas.sdc(96): inst9|serializer|data_buffer[4][15]|ff could not be matched with a cell File: C:/QUARTUS_TESTE/sensor_buchas.sdc Line: 96
Warning (332174): Ignored filter at sensor_buchas.sdc(96): inst9|serializer|data_buffer[4][1]|ff could not be matched with a cell File: C:/QUARTUS_TESTE/sensor_buchas.sdc Line: 96
Warning (332174): Ignored filter at sensor_buchas.sdc(96): inst9|serializer|data_buffer[4][2]|ff could not be matched with a cell File: C:/QUARTUS_TESTE/sensor_buchas.sdc Line: 96
Warning (332174): Ignored filter at sensor_buchas.sdc(96): inst9|serializer|data_buffer[4][3]|ff could not be matched with a cell File: C:/QUARTUS_TESTE/sensor_buchas.sdc Line: 96
Warning (332174): Ignored filter at sensor_buchas.sdc(96): inst9|serializer|data_buffer[4][4]|ff could not be matched with a cell File: C:/QUARTUS_TESTE/sensor_buchas.sdc Line: 96
Warning (332174): Ignored filter at sensor_buchas.sdc(96): inst9|serializer|data_buffer[4][5]|ff could not be matched with a cell File: C:/QUARTUS_TESTE/sensor_buchas.sdc Line: 96
Warning (332174): Ignored filter at sensor_buchas.sdc(96): inst9|serializer|data_buffer[4][6]|ff could not be matched with a cell File: C:/QUARTUS_TESTE/sensor_buchas.sdc Line: 96
Warning (332174): Ignored filter at sensor_buchas.sdc(96): inst9|serializer|data_buffer[4][7]|ff could not be matched with a cell File: C:/QUARTUS_TESTE/sensor_buchas.sdc Line: 96
Warning (332174): Ignored filter at sensor_buchas.sdc(96): inst9|serializer|data_buffer[4][8]|ff could not be matched with a cell File: C:/QUARTUS_TESTE/sensor_buchas.sdc Line: 96
Warning (332174): Ignored filter at sensor_buchas.sdc(96): inst9|serializer|data_buffer[4][9]|ff could not be matched with a cell File: C:/QUARTUS_TESTE/sensor_buchas.sdc Line: 96
Warning (332174): Ignored filter at sensor_buchas.sdc(96): inst9|serializer|data_buffer[5][0]|ff could not be matched with a cell File: C:/QUARTUS_TESTE/sensor_buchas.sdc Line: 96
Warning (332174): Ignored filter at sensor_buchas.sdc(96): inst9|serializer|data_buffer[5][10]|ff could not be matched with a cell File: C:/QUARTUS_TESTE/sensor_buchas.sdc Line: 96
Warning (332174): Ignored filter at sensor_buchas.sdc(96): inst9|serializer|data_buffer[5][11]|ff could not be matched with a cell File: C:/QUARTUS_TESTE/sensor_buchas.sdc Line: 96
Warning (332174): Ignored filter at sensor_buchas.sdc(96): inst9|serializer|data_buffer[5][12]|ff could not be matched with a cell File: C:/QUARTUS_TESTE/sensor_buchas.sdc Line: 96
Warning (332174): Ignored filter at sensor_buchas.sdc(96): inst9|serializer|data_buffer[5][13]|ff could not be matched with a cell File: C:/QUARTUS_TESTE/sensor_buchas.sdc Line: 96
Warning (332174): Ignored filter at sensor_buchas.sdc(96): inst9|serializer|data_buffer[5][14]|ff could not be matched with a cell File: C:/QUARTUS_TESTE/sensor_buchas.sdc Line: 96
Warning (332174): Ignored filter at sensor_buchas.sdc(96): inst9|serializer|data_buffer[5][15]|ff could not be matched with a cell File: C:/QUARTUS_TESTE/sensor_buchas.sdc Line: 96
Warning (332174): Ignored filter at sensor_buchas.sdc(96): inst9|serializer|data_buffer[5][1]|ff could not be matched with a cell File: C:/QUARTUS_TESTE/sensor_buchas.sdc Line: 96
Warning (332174): Ignored filter at sensor_buchas.sdc(96): inst9|serializer|data_buffer[5][2]|ff could not be matched with a cell File: C:/QUARTUS_TESTE/sensor_buchas.sdc Line: 96
Warning (332174): Ignored filter at sensor_buchas.sdc(96): inst9|serializer|data_buffer[5][3]|ff could not be matched with a cell File: C:/QUARTUS_TESTE/sensor_buchas.sdc Line: 96
Warning (332174): Ignored filter at sensor_buchas.sdc(96): inst9|serializer|data_buffer[5][4]|ff could not be matched with a cell File: C:/QUARTUS_TESTE/sensor_buchas.sdc Line: 96
Warning (332174): Ignored filter at sensor_buchas.sdc(96): inst9|serializer|data_buffer[5][5]|ff could not be matched with a cell File: C:/QUARTUS_TESTE/sensor_buchas.sdc Line: 96
Warning (332174): Ignored filter at sensor_buchas.sdc(96): inst9|serializer|data_buffer[5][6]|ff could not be matched with a cell File: C:/QUARTUS_TESTE/sensor_buchas.sdc Line: 96
Warning (332174): Ignored filter at sensor_buchas.sdc(96): inst9|serializer|data_buffer[5][7]|ff could not be matched with a cell File: C:/QUARTUS_TESTE/sensor_buchas.sdc Line: 96
Warning (332174): Ignored filter at sensor_buchas.sdc(96): inst9|serializer|data_buffer[5][8]|ff could not be matched with a cell File: C:/QUARTUS_TESTE/sensor_buchas.sdc Line: 96
Warning (332174): Ignored filter at sensor_buchas.sdc(96): inst9|serializer|data_buffer[5][9]|ff could not be matched with a cell File: C:/QUARTUS_TESTE/sensor_buchas.sdc Line: 96
Warning (332049): Ignored set_multicycle_path at sensor_buchas.sdc(96): Argument <from> is an empty collection File: C:/QUARTUS_TESTE/sensor_buchas.sdc Line: 96
    Info (332050): set_multicycle_path -setup -end -from [get_cells {inst9|serializer|data_buffer[0][0]|ff inst9|serializer|data_buffer[0][1]|ff inst9|serializer|data_buffer[0][2]|ff inst9|serializer|data_buffer[0][3]|ff inst9|serializer|data_buffer[0][4]|ff inst9|serializer|data_buffer[0][5]|ff inst9|serializer|data_buffer[0][6]|ff inst9|serializer|data_buffer[0][7]|ff inst9|serializer|data_buffer[0][8]|ff inst9|serializer|data_buffer[0][9]|ff inst9|serializer|data_buffer[0][10]|ff inst9|serializer|data_buffer[0][11]|ff inst9|serializer|data_buffer[0][12]|ff inst9|serializer|data_buffer[0][13]|ff inst9|serializer|data_buffer[0][14]|ff inst9|serializer|data_buffer[0][15]|ff inst9|serializer|data_buffer[1][0]|ff inst9|serializer|data_buffer[1][1]|ff inst9|serializer|data_buffer[1][2]|ff inst9|serializer|data_buffer[1][3]|ff inst9|serializer|data_buffer[1][4]|ff inst9|serializer|data_buffer[1][5]|ff inst9|serializer|data_buffer[1][6]|ff inst9|serializer|data_buffer[1][7]|ff inst9|serializer|data_buffer[1][8]|ff inst9|serializer|data_buffer[1][9]|ff inst9|serializer|data_buffer[1][10]|ff inst9|serializer|data_buffer[1][11]|ff inst9|serializer|data_buffer[1][12]|ff inst9|serializer|data_buffer[1][13]|ff inst9|serializer|data_buffer[1][14]|ff inst9|serializer|data_buffer[1][15]|ff inst9|serializer|data_buffer[2][0]|ff inst9|serializer|data_buffer[2][1]|ff inst9|serializer|data_buffer[2][2]|ff inst9|serializer|data_buffer[2][3]|ff inst9|serializer|data_buffer[2][4]|ff inst9|serializer|data_buffer[2][5]|ff inst9|serializer|data_buffer[2][6]|ff inst9|serializer|data_buffer[2][7]|ff inst9|serializer|data_buffer[2][8]|ff inst9|serializer|data_buffer[2][9]|ff inst9|serializer|data_buffer[2][10]|ff inst9|serializer|data_buffer[2][11]|ff inst9|serializer|data_buffer[2][12]|ff inst9|serializer|data_buffer[2][13]|ff inst9|serializer|data_buffer[2][14]|ff inst9|serializer|data_buffer[2][15]|ff inst9|serializer|data_buffer[3][0]|ff inst9|serializer|data_buffer[3][1]|ff inst9|serializer|data_buffer[3][2]|ff inst9|serializer|data_buffer[3][3]|ff inst9|serializer|data_buffer[3][4]|ff inst9|serializer|data_buffer[3][5]|ff inst9|serializer|data_buffer[3][6]|ff inst9|serializer|data_buffer[3][7]|ff inst9|serializer|data_buffer[3][8]|ff inst9|serializer|data_buffer[3][9]|ff inst9|serializer|data_buffer[3][10]|ff inst9|serializer|data_buffer[3][11]|ff inst9|serializer|data_buffer[3][12]|ff inst9|serializer|data_buffer[3][13]|ff inst9|serializer|data_buffer[3][14]|ff inst9|serializer|data_buffer[3][15]|ff inst9|serializer|data_buffer[4][0]|ff inst9|serializer|data_buffer[4][1]|ff inst9|serializer|data_buffer[4][2]|ff inst9|serializer|data_buffer[4][3]|ff inst9|serializer|data_buffer[4][4]|ff inst9|serializer|data_buffer[4][5]|ff inst9|serializer|data_buffer[4][6]|ff inst9|serializer|data_buffer[4][7]|ff inst9|serializer|data_buffer[4][8]|ff inst9|serializer|data_buffer[4][9]|ff inst9|serializer|data_buffer[4][10]|ff inst9|serializer|data_buffer[4][11]|ff inst9|serializer|data_buffer[4][12]|ff inst9|serializer|data_buffer[4][13]|ff inst9|serializer|data_buffer[4][14]|ff inst9|serializer|data_buffer[4][15]|ff inst9|serializer|data_buffer[5][0]|ff inst9|serializer|data_buffer[5][1]|ff inst9|serializer|data_buffer[5][2]|ff inst9|serializer|data_buffer[5][3]|ff inst9|serializer|data_buffer[5][4]|ff inst9|serializer|data_buffer[5][5]|ff inst9|serializer|data_buffer[5][6]|ff inst9|serializer|data_buffer[5][7]|ff inst9|serializer|data_buffer[5][8]|ff inst9|serializer|data_buffer[5][9]|ff inst9|serializer|data_buffer[5][10]|ff inst9|serializer|data_buffer[5][11]|ff inst9|serializer|data_buffer[5][12]|ff inst9|serializer|data_buffer[5][13]|ff inst9|serializer|data_buffer[5][14]|ff inst9|serializer|data_buffer[5][15]|ff}] -to [get_cells {inst9|crc|lfsr_q[0] inst9|crc|lfsr_q[1] inst9|crc|lfsr_q[2] inst9|crc|lfsr_q[3] inst9|crc|lfsr_q[4] inst9|crc|lfsr_q[5] inst9|crc|lfsr_q[6] inst9|crc|lfsr_q[7] inst9|crc|lfsr_q[8] inst9|crc|lfsr_q[9] inst9|crc|lfsr_q[10] inst9|crc|lfsr_q[11] inst9|crc|lfsr_q[12] inst9|crc|lfsr_q[13] inst9|crc|lfsr_q[14] inst9|crc|lfsr_q[15]}] 2 File: C:/QUARTUS_TESTE/sensor_buchas.sdc Line: 96
Warning (332049): Ignored set_multicycle_path at sensor_buchas.sdc(96): Argument <to> is an empty collection File: C:/QUARTUS_TESTE/sensor_buchas.sdc Line: 96
Warning (332049): Ignored set_multicycle_path at sensor_buchas.sdc(97): Argument <from> is an empty collection File: C:/QUARTUS_TESTE/sensor_buchas.sdc Line: 97
    Info (332050): set_multicycle_path -hold -end -from [get_cells {inst9|serializer|data_buffer[0][0]|ff inst9|serializer|data_buffer[0][1]|ff inst9|serializer|data_buffer[0][2]|ff inst9|serializer|data_buffer[0][3]|ff inst9|serializer|data_buffer[0][4]|ff inst9|serializer|data_buffer[0][5]|ff inst9|serializer|data_buffer[0][6]|ff inst9|serializer|data_buffer[0][7]|ff inst9|serializer|data_buffer[0][8]|ff inst9|serializer|data_buffer[0][9]|ff inst9|serializer|data_buffer[0][10]|ff inst9|serializer|data_buffer[0][11]|ff inst9|serializer|data_buffer[0][12]|ff inst9|serializer|data_buffer[0][13]|ff inst9|serializer|data_buffer[0][14]|ff inst9|serializer|data_buffer[0][15]|ff inst9|serializer|data_buffer[1][0]|ff inst9|serializer|data_buffer[1][1]|ff inst9|serializer|data_buffer[1][2]|ff inst9|serializer|data_buffer[1][3]|ff inst9|serializer|data_buffer[1][4]|ff inst9|serializer|data_buffer[1][5]|ff inst9|serializer|data_buffer[1][6]|ff inst9|serializer|data_buffer[1][7]|ff inst9|serializer|data_buffer[1][8]|ff inst9|serializer|data_buffer[1][9]|ff inst9|serializer|data_buffer[1][10]|ff inst9|serializer|data_buffer[1][11]|ff inst9|serializer|data_buffer[1][12]|ff inst9|serializer|data_buffer[1][13]|ff inst9|serializer|data_buffer[1][14]|ff inst9|serializer|data_buffer[1][15]|ff inst9|serializer|data_buffer[2][0]|ff inst9|serializer|data_buffer[2][1]|ff inst9|serializer|data_buffer[2][2]|ff inst9|serializer|data_buffer[2][3]|ff inst9|serializer|data_buffer[2][4]|ff inst9|serializer|data_buffer[2][5]|ff inst9|serializer|data_buffer[2][6]|ff inst9|serializer|data_buffer[2][7]|ff inst9|serializer|data_buffer[2][8]|ff inst9|serializer|data_buffer[2][9]|ff inst9|serializer|data_buffer[2][10]|ff inst9|serializer|data_buffer[2][11]|ff inst9|serializer|data_buffer[2][12]|ff inst9|serializer|data_buffer[2][13]|ff inst9|serializer|data_buffer[2][14]|ff inst9|serializer|data_buffer[2][15]|ff inst9|serializer|data_buffer[3][0]|ff inst9|serializer|data_buffer[3][1]|ff inst9|serializer|data_buffer[3][2]|ff inst9|serializer|data_buffer[3][3]|ff inst9|serializer|data_buffer[3][4]|ff inst9|serializer|data_buffer[3][5]|ff inst9|serializer|data_buffer[3][6]|ff inst9|serializer|data_buffer[3][7]|ff inst9|serializer|data_buffer[3][8]|ff inst9|serializer|data_buffer[3][9]|ff inst9|serializer|data_buffer[3][10]|ff inst9|serializer|data_buffer[3][11]|ff inst9|serializer|data_buffer[3][12]|ff inst9|serializer|data_buffer[3][13]|ff inst9|serializer|data_buffer[3][14]|ff inst9|serializer|data_buffer[3][15]|ff inst9|serializer|data_buffer[4][0]|ff inst9|serializer|data_buffer[4][1]|ff inst9|serializer|data_buffer[4][2]|ff inst9|serializer|data_buffer[4][3]|ff inst9|serializer|data_buffer[4][4]|ff inst9|serializer|data_buffer[4][5]|ff inst9|serializer|data_buffer[4][6]|ff inst9|serializer|data_buffer[4][7]|ff inst9|serializer|data_buffer[4][8]|ff inst9|serializer|data_buffer[4][9]|ff inst9|serializer|data_buffer[4][10]|ff inst9|serializer|data_buffer[4][11]|ff inst9|serializer|data_buffer[4][12]|ff inst9|serializer|data_buffer[4][13]|ff inst9|serializer|data_buffer[4][14]|ff inst9|serializer|data_buffer[4][15]|ff inst9|serializer|data_buffer[5][0]|ff inst9|serializer|data_buffer[5][1]|ff inst9|serializer|data_buffer[5][2]|ff inst9|serializer|data_buffer[5][3]|ff inst9|serializer|data_buffer[5][4]|ff inst9|serializer|data_buffer[5][5]|ff inst9|serializer|data_buffer[5][6]|ff inst9|serializer|data_buffer[5][7]|ff inst9|serializer|data_buffer[5][8]|ff inst9|serializer|data_buffer[5][9]|ff inst9|serializer|data_buffer[5][10]|ff inst9|serializer|data_buffer[5][11]|ff inst9|serializer|data_buffer[5][12]|ff inst9|serializer|data_buffer[5][13]|ff inst9|serializer|data_buffer[5][14]|ff inst9|serializer|data_buffer[5][15]|ff}] -to [get_cells {inst9|crc|lfsr_q[0] inst9|crc|lfsr_q[1] inst9|crc|lfsr_q[2] inst9|crc|lfsr_q[3] inst9|crc|lfsr_q[4] inst9|crc|lfsr_q[5] inst9|crc|lfsr_q[6] inst9|crc|lfsr_q[7] inst9|crc|lfsr_q[8] inst9|crc|lfsr_q[9] inst9|crc|lfsr_q[10] inst9|crc|lfsr_q[11] inst9|crc|lfsr_q[12] inst9|crc|lfsr_q[13] inst9|crc|lfsr_q[14] inst9|crc|lfsr_q[15]}] 1 File: C:/QUARTUS_TESTE/sensor_buchas.sdc Line: 97
Warning (332049): Ignored set_multicycle_path at sensor_buchas.sdc(97): Argument <to> is an empty collection File: C:/QUARTUS_TESTE/sensor_buchas.sdc Line: 97
Warning (332049): Ignored set_multicycle_path at sensor_buchas.sdc(98): Argument <from> is an empty collection File: C:/QUARTUS_TESTE/sensor_buchas.sdc Line: 98
    Info (332050): set_multicycle_path -hold -end -from [get_cells {inst9|storer|channel_counter|ffs[0] inst9|storer|channel_counter|ffs[1] inst9|storer|channel_counter|ffs[2] inst9|storer|channel_counter|ffs[2]~3 inst9|storer|channel_counter|ffs[3] inst9|storer|channel_counter|ffs[3]~1}] -to [get_cells {inst9|crc|lfsr_q[0] inst9|crc|lfsr_q[1] inst9|crc|lfsr_q[2] inst9|crc|lfsr_q[3] inst9|crc|lfsr_q[4] inst9|crc|lfsr_q[5] inst9|crc|lfsr_q[6] inst9|crc|lfsr_q[7] inst9|crc|lfsr_q[8] inst9|crc|lfsr_q[9] inst9|crc|lfsr_q[10] inst9|crc|lfsr_q[11] inst9|crc|lfsr_q[12] inst9|crc|lfsr_q[13] inst9|crc|lfsr_q[14] inst9|crc|lfsr_q[15]}] 1 File: C:/QUARTUS_TESTE/sensor_buchas.sdc Line: 98
Warning (332049): Ignored set_multicycle_path at sensor_buchas.sdc(98): Argument <to> is an empty collection File: C:/QUARTUS_TESTE/sensor_buchas.sdc Line: 98
Warning (332060): Node: rw_data_module:inst10|dffes:SCLK_ff|ff was determined to be a clock but was found without an associated clock assignment.
    Info (13166): Register rw_data_module:inst10|spi_shift_v2:shift|ltx_ff is being clocked by rw_data_module:inst10|dffes:SCLK_ff|ff
Warning (332060): Node: rw_data_module:inst10|dffes:load_parallel_FF|ff was determined to be a clock but was found without an associated clock assignment.
    Info (13166): Latch rw_data_module:inst10|spi_shift_v2:shift|shift_tx[3]~17 is being clocked by rw_data_module:inst10|dffes:load_parallel_FF|ff
Warning (332060): Node: conf_cpld_module:inst|LOAD_ASYNC was determined to be a clock but was found without an associated clock assignment.
    Info (13166): Latch conf_cpld_module:inst|spi_shift_v2:spi|shift_tx[17]~25 is being clocked by conf_cpld_module:inst|LOAD_ASYNC
Warning (332061): Virtual clock rw_data_module:inst14|dffes:SCLK_ff|ff is never referenced in any input or output delay assignment.
Critical Warning (332168): The following clock transfers have no clock uncertainty assignment. For more accurate results, apply clock uncertainty assignments or use the derive_clock_uncertainty command.
    Critical Warning (332169): From clk (Rise) to clk (Rise) (setup and hold)
    Critical Warning (332169): From host_SCLK (Rise) to host_SCLK (Rise) (setup and hold)
    Critical Warning (332169): From host_SCLK (Fall) to host_SCLK (Rise) (setup and hold)
    Critical Warning (332169): From host_SCLK (Rise) to host_SCLK (Fall) (setup and hold)
    Critical Warning (332169): From host_SCLK (Fall) to host_SCLK (Fall) (setup and hold)
Info (223000): Starting Vectorless Power Activity Estimation
Warning (222014): Relative toggle rates were calculated using fastest clock for nodes in multiple clock domains
    Warning (222015): Using fastest of multiple clock domains found for node "switch:inst20|CM_SCLK~1clkctrl"
Warning (222013): Relative toggle rates could not be calculated because no clock domain could be identified for some nodes
Info (223001): Completed Vectorless Power Activity Estimation
Info (218000): Using Advanced I/O Power to simulate I/O buffers with the specified board trace model
Info (334003): Started post-fitting delay annotation
Info (334004): Delay annotation completed successfully
Info (215049): Average toggle rate for this design is 11.809 millions of transitions / sec
Info (215031): Total thermal power estimate for the design is 124.21 mW
Info: Quartus Prime Power Analyzer was successful. 0 errors, 141 warnings
    Info: Peak virtual memory: 4897 megabytes
    Info: Processing ended: Tue Mar 31 16:24:17 2026
    Info: Elapsed time: 00:00:06
    Info: Total CPU time (on all processors): 00:00:07


